cgpa,dsa_score,dbms_score,os_score,cn_score,programming_score,aptitude_score,soft_skills_score,project_count,project_quality_score,has_internship,certifications_count,resume_ats_score,cosine_similarity,gap_score,consistency_score,branch_encoded,target_role_encoded,assessment_attempts,behavior_score,engagement_score,roadmap_completion_rate,placement_label
6.650906955552598,66.59348033160829,67.13668006301121,70.50640345906973,35.04650991569351,64.15417949088784,41.60290379147436,49.18739253527111,3.0,51.34814628884008,0.0,0.0,56.607714915784804,0.5217548490900235,0.15943336823938617,0.4566800120471409,0.75,0.88,4.0,49.26707209711031,0.4876543082796346,0.6880432979243943,0
9.499687795452312,78.69582399164378,59.214327065162216,78.62381003062191,87.74917654575819,82.92540872929057,77.15098088882002,70.99846775218154,6.0,57.556725330757104,1.0,4.0,62.33318514607877,0.5700614105293031,0.30860615674254055,0.5576687044938954,0.9,0.8,30.0,68.20532041765227,0.5763445311767309,0.4716440737150564,1
7.975063906844204,52.82041082598339,53.642707582877755,92.70650550920631,83.14567594023194,60.40588471822762,56.98032621810426,66.09208865839379,7.0,72.19972896095072,1.0,1.0,95.36639941725807,0.5830972852660548,0.5692942847519349,0.44960020615647833,0.75,0.9,26.0,56.580524131249355,0.7558516010228552,0.7114345768196544,1
9.692940419031677,60.90338501525717,81.62392113900987,98.3375719055947,77.51241948356098,58.916072108848454,81.98305555391687,78.28221956694378,4.0,55.274344337698764,0.0,4.0,46.37715500068763,0.7434601233755487,0.41188985773317544,0.26163235257953893,0.9,0.88,17.0,71.61167945503891,0.3927313665070218,0.3494003056356701,1
7.267823481647305,73.59467006873568,69.44085708676164,58.37188761352271,39.102148329147184,64.4180043015798,65.48638874642225,51.6663937832769,4.0,76.14042520934657,0.0,0.0,61.199496017528205,0.3285742076212455,0.3367395588061075,0.348368783739405,0.9,0.82,11.0,41.98671395568834,0.4516038582223757,0.5652487874680798,0
8.17534014586404,91.5263736901696,66.10644489090103,69.53331806971073,50.13426562800862,73.050441747984,88.90699923715816,59.01962588340958,2.0,33.41736417405137,1.0,0.0,42.88095904637055,0.9307935766358313,0.01283715049911151,0.438884400886241,0.95,0.82,38.0,56.95469972475082,0.3876668142190658,0.08325390998317245,1
7.068688378588232,52.31061628430031,52.38141145531829,56.75615609388961,75.60704770923418,48.15173713758083,47.52416857262474,54.954149997203494,1.0,52.57703717410675,0.0,5.0,63.08655318172741,0.5953546122771758,0.2013244741403967,0.3415452904044153,0.9,0.7,0.0,54.561821075391805,0.31250375783506684,0.3239195189262791,0
6.2968118937053825,58.73784137815938,60.88720076217892,35.48804809902346,45.13599090185048,50.48791523850703,67.66445676354823,44.773079184836064,1.0,46.937193955088134,0.0,3.0,52.911645027630136,0.863157096189751,0.1364083635338034,0.2894014914280382,0.9,0.82,28.0,56.85332750680273,0.6838137773244636,0.6061960054589973,1
9.647143184851037,63.84158600855949,72.2989032094089,73.89850984318545,100.0,79.26785110289231,76.0932114414243,73.51071518459607,4.0,61.332475858525946,1.0,4.0,59.816986417437214,0.8760083743749238,0.1941878212320678,0.4471923572728318,0.95,0.85,4.0,47.779965374561534,0.4133567324236126,0.18070734408307584,1
7.967113780893371,62.09581148813061,75.89835875740361,62.997670580621445,72.9245618779412,73.34121312203786,34.08024389572134,57.218943150467474,2.0,51.74428157089884,0.0,0.0,56.301003608723974,0.53380728653452,0.06898788083344773,0.6044046035177248,0.75,0.65,5.0,56.29880857096453,0.33642190189977855,0.13618192260974193,1
8.62109502408753,75.58358510910696,57.617688924606995,69.99306278526235,75.54294093762135,71.58448625686226,80.15239482561773,78.26950392627819,2.0,52.40074277052103,0.0,2.0,37.84573262481471,0.6713486053579649,0.27162097531110835,0.5885060691778504,0.95,0.85,7.0,70.52745072171666,0.4113448122919133,0.614622423719822,1
6.874813165400547,57.686891202176355,81.55738532914276,31.941683119661626,69.91274759693385,74.28671302158759,30.401015908952758,47.674230046632,2.0,60.52181928899411,0.0,1.0,53.93518906241914,0.5830972852660548,0.08473944641920782,0.6450000405413603,0.75,0.8,6.0,50.21039100324127,0.38284543061249166,0.24890676705774417,0
9.566343544052051,68.11355180084031,77.4847301070132,61.499182875796336,80.81804892236894,53.268609967786844,100.0,65.21504325823366,6.0,67.97891141731088,0.0,5.0,62.14293083698454,0.6737186027262758,0.3881745636065366,0.32008196865707045,0.9,0.88,3.0,94.64178874726242,0.19043660790099376,0.06033326151102306,1
9.525622634654667,84.81722409447029,65.41722258057314,86.12807531971814,70.67791494565347,79.9040118153897,90.86758125920245,58.80895402268686,4.0,73.06801899453708,0.0,2.0,65.90494344052266,0.7884668695802712,0.21067243558739074,0.41766466758107085,0.75,0.9,1.0,72.1065231324694,0.45707070134248984,0.5697882748209432,1
8.334667204833707,61.48379082185361,70.24226151109264,72.59087103749471,68.27740830270606,33.10713519235698,82.12161205891138,69.52414506511727,2.0,54.31526365513768,1.0,3.0,61.30217809094694,0.39932944624165034,0.6429397957703774,0.6286241925370593,0.9,0.82,33.0,69.74489549905267,0.7086454814410728,0.6155528582034631,1
8.507983731444375,43.26918461285292,73.79220351488286,98.29868390875941,69.27174910440966,57.04139606500295,42.21312009985836,81.328354002143,5.0,21.614088366790497,1.0,3.0,60.11904885647184,0.8217140634904194,0.24320220362821343,0.5092432171601383,0.75,0.85,14.0,79.02224311023133,0.4921839361950134,0.21261450823159214,1
9.7399040068024,100.0,68.62781713673716,91.12319336746417,76.67586646291119,100.0,80.42134311117356,58.68616642441125,5.0,58.82979588736428,0.0,1.0,85.38403586546657,0.9406585761323853,0.0006787400030289956,0.8703884990152535,0.5,0.75,18.0,53.88294762849442,0.8946233987948152,0.8148106083940644,1
7.807678719658549,56.127613730771095,52.96538350024103,48.29270158592422,51.701855381622636,59.33360999340283,84.19449082477811,35.987675960399315,0.0,34.77920012370084,0.0,0.0,24.015374441521878,0.35756410534578986,0.1367882576360797,0.11770454135540208,0.92,0.65,2.0,27.130887901726396,0.20600514960713368,0.03334894003503411,0
9.063525668689957,60.727119348959675,62.428608084580404,76.09379215449059,67.47739127746634,58.872355896274996,70.92631384055267,33.06370321357565,4.0,53.98135200171119,0.0,5.0,43.87742854521556,0.6376012275817184,0.15695364257020997,0.3759894939177101,0.5,0.82,26.0,54.75232388444076,0.572114841760336,0.12281422585208426,1
8.06528326130347,51.03614341118023,77.94823160384743,65.35851585582539,56.64100815592349,78.94971716625332,46.26150994423712,42.238796015704835,6.0,65.9069078391665,0.0,0.0,56.25644113191281,0.33907687136916365,0.29878119055383645,0.32245911647285325,0.9,0.85,0.0,45.27333498136386,0.3720322977244948,0.29518266387297887,0
8.679107146791933,98.98181170317399,78.17604312944951,57.57592980938572,42.0001713946168,100.0,84.43332677301649,69.81584379447146,8.0,83.83078014200919,1.0,5.0,81.48861002306785,0.8938051614504763,0.043411747148395144,0.6563871406256012,0.9,0.85,30.0,66.37161989060789,0.722800303566291,0.3166667081339496,1
6.152361037516549,41.54654846793445,68.51315177499198,36.410437590627566,41.69413797541195,45.73661498255465,70.526463491113,79.35794353726261,4.0,55.32247412652664,0.0,4.0,51.37746165918299,0.7495861585680186,0.4785031378783439,0.9346489902795858,0.95,0.88,39.0,83.7988059778189,0.9449587747667781,0.5651492996144383,1
7.338057800917028,63.92879131110782,75.08676521532952,43.85842583478127,63.05022479206644,65.36221148277976,51.322118673132145,49.97796174355459,2.0,36.6633897907595,1.0,2.0,60.70589297639019,0.663132599219868,0.13092323962131566,0.3150148332856951,0.95,0.85,11.0,35.858859668536574,0.22135662809744514,0.221632730395352,1
8.017231498293695,46.02697960395583,82.85399746557415,86.2443663282275,42.28185370491178,75.80425771111794,50.51877742855963,55.89425167040985,6.0,89.895518843143,1.0,5.0,66.01772589642134,0.6007382511654292,0.4494614623090052,0.6981896602146763,0.95,0.88,26.0,71.7552042872475,0.7575367456506916,0.4017566148375215,1
7.456615326554157,57.50229933645992,52.1773649852214,72.31303862682981,60.16652236448884,49.679843939635035,68.30281886186724,45.33413269092827,0.0,49.989154843458365,0.0,2.0,96.70400575517817,0.5700614105293031,0.4327779760018636,0.42523404342270893,0.92,0.7,28.0,60.4173017127538,0.6992270826263998,0.6061960054589973,1
7.186993237251756,63.61266981263182,73.27356174443689,53.955885145753925,69.60972956700957,64.62086769857507,55.69832802706619,43.41448279731844,7.0,92.02173328817736,0.0,1.0,41.583881831640234,0.7789404240462454,0.12168095760253972,0.6758849650296574,0.9,0.82,28.0,54.90877049145269,0.6870373968843542,0.43359333283340634,1
9.52451846657519,91.22456920351195,97.97433475012002,52.634580685763765,63.07006914128494,100.0,66.75452905015882,79.96140762953226,2.0,46.437035471426604,0.0,4.0,86.575359790918,0.8118478518645034,0.11194911527176903,0.7437908711328922,0.5,0.65,28.0,74.19247143717446,0.6436651188844209,0.6073298976003559,1
6.551494967727189,45.67513426827379,68.97753599546347,59.363173652638004,50.60964055879656,55.105206404094695,53.55450024725367,56.01098780383366,6.0,61.87170307609547,0.0,3.0,73.02804500422633,0.9244726757352257,0.15961261385217437,0.49855994396369063,0.65,0.82,23.0,69.10824929161112,0.6705316996667765,0.3577533595286609,1
8.400188460251009,41.523308083471605,57.215794521956546,69.5131519396368,87.74917654575819,43.59932113522052,69.47477367878751,66.7234066781941,4.0,80.51510822678173,0.0,5.0,72.32485036474388,0.49819134168656176,0.6411805539532673,0.5514131118212255,0.75,0.85,25.0,80.70527697386345,0.5175027008287908,0.21480851323419958,0
6.612765438837312,64.91454861113122,75.32306959600358,36.32747430585874,52.037918790862946,96.96900534315158,32.13034045797347,41.59277671719941,5.0,40.63064304928681,0.0,3.0,47.65061599212915,0.4752666739759596,0.11889676907874816,0.8785902936152832,0.9,0.9,40.0,49.18436152895628,0.7973024678732683,0.3825051366507931,1
9.084659010633208,38.20047261042592,81.62392113900987,63.69783672828453,74.9686069427608,56.97721659154018,64.7557114848977,55.932041428652575,2.0,44.53780193900312,0.0,5.0,73.50432034008321,0.43655773382965923,0.6408630639831638,0.6694067400977776,0.9,0.88,27.0,60.7035760791227,0.5748236392990869,0.15702531992885504,1
9.716084520480594,71.98633739105564,76.3435870245992,92.70650550920631,82.40831395603294,77.27234732580999,81.98305555391687,48.34466763733194,0.0,56.86006928359614,0.0,1.0,64.82442432084902,0.7068616980217821,0.29900471181024424,0.684500471424652,0.92,0.88,15.0,52.025409417199945,0.6881666990203635,0.48091582459504884,1
9.097277765631267,54.01934216851171,88.87149768882969,69.80137241341707,66.48866687409749,83.63118865285891,68.82609434997737,69.001207508324,7.0,62.91154532450485,0.0,3.0,77.48397728504392,0.8898388505430594,0.2675869882358146,0.3964336441211143,0.65,0.88,11.0,80.73915865015259,0.6712539183138806,0.40804679859495835,1
7.240878002152764,63.61266981263182,80.181443190269,58.596275041506296,54.83262281244606,58.2722798169993,60.778782423584225,84.10802467283804,5.0,53.97264421996519,1.0,2.0,72.94430191194891,0.7376218695151658,0.3074607835388786,0.6369653782775327,0.95,0.85,34.0,60.534577128758116,0.49418120032708696,0.40637534881540227,1
9.79554872162826,91.59743078420644,71.6138106868423,100.0,85.84880148767051,79.45365588598017,80.45950043490208,67.73886608069225,7.0,78.73745842521524,1.0,3.0,42.08282978658625,0.467627540905865,0.38815837496924066,0.4178996704672255,0.5,0.9,0.0,66.98315144841074,0.5389931399760812,0.8414762513070245,1
6.210502554824188,59.98477698383036,68.29475142704854,49.612896019942454,34.47708408863489,65.88558867099711,40.00825039732924,73.12604341142607,8.0,58.25974951093589,1.0,4.0,57.76744996771164,0.35361013225843124,0.3884439496395546,0.1668495398602433,0.95,0.9,7.0,81.53851959829744,0.3265489903600643,0.6148705431965181,1
8.30393771313232,69.13676271339654,65.2817026054178,64.37990937528194,75.30870164944379,59.55935817279091,61.309201859628644,70.10749418578786,4.0,36.805767899318056,1.0,4.0,43.53183351704851,0.5253818544579152,0.2336479692638372,0.5802342781974072,0.9,0.7,13.0,69.77018681615496,0.49384190410744205,0.45345236655635174,1
7.6153900015707645,58.12559978162921,79.10964064764612,41.488932724485046,60.12499491695022,62.33096068287455,61.85081434538497,46.50653494825361,1.0,49.25227674105162,0.0,1.0,37.35120395425585,0.8382262566357592,0.06045920047732955,0.5881294904963246,0.5,0.7,21.0,43.54912034819802,0.4482459418613923,0.15171155523301558,1
7.573299156399099,58.40662715580261,79.33732256282558,46.09191804472605,84.12696510616118,68.18519209787151,47.99694817172997,76.04329301950904,7.0,70.76759387008072,1.0,0.0,46.173762325161256,0.5144524013389196,0.26570747242214404,0.4703158045605062,0.9,0.8,25.0,87.69791431464611,0.3615425482443304,0.28235278947532705,1
7.894680145890081,74.37774472116223,65.4527444585739,72.37361354079472,67.51235517128737,94.80244241117929,53.64734187470366,71.64549041639219,7.0,70.63755187074582,1.0,5.0,69.62803581338372,0.7312231424981188,0.21972817021966118,0.778914069692945,0.95,0.88,34.0,70.27731449861433,0.8714957465297376,0.6778346272675824,1
6.454987636304267,18.464942911477138,75.07550997593945,60.182342477831355,81.34124807930775,16.372530242643364,59.15897495362552,69.34124997665917,2.0,25.397309405492145,0.0,1.0,82.34962451288595,0.9078912816628772,0.6687980412371688,0.7331364753687322,0.9,0.9,25.0,66.89409742902485,0.8855152644436244,0.6970504412642878,0
6.969406337904047,30.23691105708317,61.362103016917516,79.03929315445825,60.03444045630636,57.009395110652534,44.703977483342456,55.576816631734765,2.0,55.54394708552626,0.0,2.0,68.08268511611024,0.6617251656079175,0.4048061208107459,0.40297607140198116,0.9,0.9,9.0,45.96472411129018,0.6621518340435776,0.35409746697904015,0
7.641393511801832,43.20050321044822,84.25596170911062,64.83496545151758,73.54734876274321,51.61937036386199,53.44340166567895,51.96340243226952,0.0,41.33526661414013,0.0,1.0,88.75441255890016,0.9277879992853719,0.22737707182781164,0.6303003318932601,0.95,0.88,17.0,46.85920806897979,0.7706949479944871,0.42445803339507904,1
8.757663688745636,67.62571845168642,70.93898096665953,68.17374667710135,66.22044475884819,99.24463396443326,52.033563866283245,58.3660702356111,7.0,70.00088771722274,0.0,2.0,39.167337819330015,0.4617309676699024,0.1372772724888525,0.4142634693298191,0.95,0.88,27.0,44.35555674418799,0.48178188252018767,0.1857267248576612,1
7.7965790964841934,73.9150566097493,52.916720886576186,48.466829392983904,70.80670480077731,94.21261235874078,77.81838277513707,81.21741451589807,2.0,54.56687009925203,1.0,5.0,46.83738993028741,0.8195010659016859,0.08912668098928678,0.5554966615997292,0.95,0.85,20.0,83.65772510222578,0.5139258547172776,0.1811019674331421,1
9.745360185745632,87.18445487052958,90.27734517406779,77.10378743874622,70.13871290826691,68.13469353900658,100.0,59.37921734053391,8.0,67.42206017936223,1.0,5.0,51.469364791684605,0.4006657392485819,0.6020461449783913,0.30252001914744986,0.95,0.9,31.0,72.2903310266307,0.6042516910288619,0.6660622717966845,1
6.3617565304512835,88.92272098124052,49.520791668736976,33.227216148624464,28.70297440064173,76.52439453511666,68.91290000000532,41.06956280470985,0.0,20.388157532434818,0.0,0.0,39.167337819330015,0.3875390343730133,0.03304299205794459,0.6398648022834171,0.75,0.65,20.0,48.124934548383806,0.6035875171171153,0.43106516309273274,1
6.647296535902372,49.60786188312414,56.50416979833259,37.76175003694351,59.14072493753727,56.20389473916872,72.01206755595972,41.17713493862864,1.0,27.3363439068414,0.0,0.0,57.13735337822203,0.4465546786480947,0.22560832026529815,0.385851127296755,0.65,0.7,25.0,53.51100977721095,0.4510406237672094,0.12893530427087507,0
8.004338994275724,65.9139274754587,61.23153666640359,70.51730735163274,71.74435590588124,72.08732106442527,69.0209915210204,78.26950392627819,8.0,62.59593390271211,1.0,4.0,82.66804464689059,0.7826513456128539,0.34269163537724545,0.3950749145498544,0.95,0.9,33.0,64.34186953061597,0.4922783833799165,0.3946598212391473,1
8.899473327751643,69.75898086679372,89.8590629491784,67.7300712061535,55.987995556483206,84.34025317725707,57.62975575759172,65.9838263260654,0.0,56.39581642201211,0.0,1.0,39.65054781019186,0.42820634251431966,0.2063380228162187,0.48144750182699847,0.95,0.85,25.0,65.05568897593011,0.70240428758902,0.47190681036256127,1
8.689806798725503,78.24261350843577,81.00772721168019,68.26668587924037,61.9065130819134,90.02007734342406,61.575460974003654,62.013723518121886,8.0,88.9798640320142,1.0,4.0,77.64223269106427,0.8066256397789975,0.1270548834114514,0.4134488624009212,0.92,0.88,10.0,52.095305853537546,0.6933916771543639,0.5464132963349415,1
9.079149710039173,99.38080386546243,53.35422188350613,75.77326665691974,98.29516653283586,72.85031881494889,72.95724009568801,77.02608517372025,5.0,64.91402135656297,1.0,5.0,72.69469867723433,0.8576597054701027,0.09548783244431663,0.6964393177610507,0.95,0.85,27.0,79.53932886610951,0.31522914957520154,0.36677672153217744,1
9.642030887423696,73.77106077661293,98.97536386551283,61.580636256843135,69.69737913780173,64.27264524837041,68.07747944391,41.72135399325607,2.0,38.66530151498434,0.0,0.0,30.214531320502275,0.3056798539995217,0.412462770299932,0.31053760383665,0.92,0.65,15.0,45.27333498136386,0.33920776865858654,0.4928651606276174,1
7.584267639531229,55.34538658624205,47.76986515439063,94.98611039777691,65.18754333190658,47.46740098053549,67.23240384173207,59.496426248864765,8.0,65.36388484796989,1.0,1.0,69.05759992485532,0.6399529755586073,0.47759918729484485,0.5430401108221946,0.95,0.75,8.0,50.65909358281931,0.4955857189345147,0.604583761949246,1
9.557472340232746,73.53312398365256,86.22082211746671,61.96831790422258,83.80867849528114,48.57962364237321,96.82457019364405,54.312722251498485,8.0,81.79295658283343,1.0,3.0,63.78788529077434,0.7868059793855636,0.3142406373921101,0.22341834225250842,0.75,0.8,11.0,53.13039523819163,0.1830595792742253,0.19601826275294093,1
9.727818283144337,100.0,86.92302612216577,91.09672870252723,67.17131694951763,81.401485018202,99.32309244227602,56.94568362537128,8.0,71.37833199789179,1.0,5.0,60.771422445413904,0.7495861585680186,0.3896748878901518,0.9528463828745409,0.95,0.88,40.0,81.85553497545432,0.9156816301746711,0.7562495680447374,1
8.906075414144066,66.42705156913107,65.17289884439654,62.54099090371996,58.455446293139545,82.39079924831469,69.67559127071247,75.45985668802663,4.0,48.7848753889586,1.0,5.0,44.7289389908029,0.4278555000788783,0.22363494816818646,0.37815346700929836,0.75,0.75,13.0,63.59817733854588,0.2512799851970812,0.08683875281384006,1
6.5837290164304125,42.041546451115295,54.318822347153095,68.92837729592055,76.92463118527822,50.13793057994373,54.79863791155829,60.76293808016499,6.0,63.93453429147792,1.0,0.0,80.63692256682333,0.8510694011739286,0.3464713159597131,0.46180908419037414,0.75,0.88,34.0,49.5550540132939,0.8372084581390746,0.5820157227083594,1
6.752326836384247,100.0,53.94276190230299,40.632659776088474,60.56687326270626,86.97458097576884,67.24702849233373,87.9835894471546,0.0,26.869238667533924,1.0,0.0,44.306461916044185,0.8192919098721438,0.006872249457834428,0.53752108768192,0.9,0.85,18.0,83.65772510222578,0.48961688498842465,0.46151740020560067,1
6.207101196966923,43.838612403411446,47.85869076076234,43.810351475805106,34.79736162382767,47.62554331798453,61.89322672885456,42.30072136803305,2.0,51.38877693267405,0.0,5.0,44.202379586071956,0.3866714691244578,0.32619316849635216,0.6151537560365766,0.9,0.88,20.0,34.8451183398207,0.45954989018195436,0.10415714395710851,0
6.87658067624586,55.78717638962784,51.66112819792548,78.51808041973021,32.767560104158875,74.41617349890237,49.852637981376645,16.561348847262977,0.0,34.83994996850966,0.0,1.0,52.280141103456685,0.7545588697111201,0.051235900474897934,0.5701756368261668,0.92,0.82,13.0,43.0617250179006,0.3616379060385884,0.11490229900055221,1
7.254764923271379,63.21418218922151,75.35552899102824,63.44774947924407,58.71045968185094,59.63767899721107,67.15302285152069,69.34124997665917,4.0,32.38681672393519,1.0,0.0,51.17134561124773,0.5830972852660548,0.3689325717549803,0.7039804804099722,0.95,0.88,33.0,69.66986306149298,0.8325488353890088,0.6912503659074085,1
6.719991164520286,45.63804149875308,66.94577116978475,69.7815687110143,42.82963634614763,61.6157830043831,49.86609581924043,58.826538216409375,4.0,54.342188938353466,0.0,4.0,71.38717886596208,0.7196867717965952,0.29333962987786777,0.6037209651263855,0.9,0.75,39.0,64.50368099551383,0.84171597876367,0.3917521750264601,1
7.1451020035559285,62.83165896466917,62.80756897047952,62.7578379451519,48.68859333911647,75.37029879177075,72.01206755595972,55.9949171924498,8.0,73.48967137739538,1.0,3.0,51.37746165918299,0.6325767419032644,0.26723077588965644,0.8454760690945988,0.92,0.9,37.0,61.050588990816514,0.819148166105401,0.3343853457978933,1
7.661177291714857,54.22198831184578,67.32863538146307,56.64213825213929,89.79350809496968,39.4056505091482,51.61725731280288,60.53771318115926,5.0,78.55195660317833,0.0,4.0,60.78762045733712,0.73129231876358,0.22497976023460614,0.34517876990654084,0.9,0.7,12.0,49.62886785397147,0.3233234623067292,0.27769072432955616,0
7.510595093308973,67.67077465009108,61.16412483739234,72.36481649945888,56.70330331137537,71.02335192968584,64.51847593877267,64.6992142328213,1.0,75.68831273187698,1.0,3.0,62.924188836233526,0.836100182181355,0.11626410969403878,0.32146420201249737,0.95,0.75,14.0,65.53480372860878,0.45884901339125184,0.2665854265418945,1
7.338407475547472,56.6860992718281,79.16613100546573,64.52062322561405,60.33460458586027,37.37657561612434,70.32635807384868,66.78994693569327,3.0,84.86010173916317,0.0,1.0,83.92479833928331,0.8142686425871444,0.32763954916100163,0.759153977309492,0.5,0.8,39.0,63.97422145768271,0.8765126492812364,0.43119240679743076,1
7.981484198600379,80.30558686828141,46.45640872530719,71.42797247687652,44.78037023514209,100.0,57.12139377436526,60.92431286047065,3.0,49.989154843458365,0.0,1.0,71.59287275848646,0.32285261841693097,0.1421902428591778,0.3083855208793425,0.9,0.88,1.0,52.97592056383542,0.11390576911471212,0.13109180392843753,1
7.661086560359243,58.8505753391448,83.10948601037168,35.434078083113334,78.13280329184089,53.17173337671845,67.1768863049614,62.085199079311664,2.0,55.82669903604606,0.0,4.0,53.33351602174663,0.5498506424286455,0.414980011292601,0.6127491370067663,0.95,0.85,27.0,54.18237919039108,0.749076397051254,0.5896458166393667,1
7.609889458092299,46.96315480073534,75.81081348052608,62.198128757255986,77.13097251447194,43.230708181014684,59.11983061538495,64.44582618890354,4.0,73.19364767389945,0.0,1.0,64.84304600499344,0.8456944600508074,0.24170199058703173,0.3447431311720746,0.75,0.82,14.0,55.15345179447998,0.25475094568787965,0.14328676601737003,0
8.584132754549987,56.21583445932957,58.2213636797027,74.0420486481413,70.2448045045426,58.79601211653939,77.85870558976718,60.455630444666944,3.0,32.908359888376594,0.0,0.0,42.02033125198341,0.3482725597856652,0.44806701032880125,0.48239214952533666,0.9,0.75,5.0,81.96278068938422,0.48268175617276043,0.2885905984203523,0
7.1864142371038975,69.33911065312469,64.9215174209395,46.716664642180646,65.18471944403854,52.87446560537381,70.60580133862724,21.22162934121605,5.0,51.86917050831177,0.0,3.0,52.84202264839858,0.6876418304954238,0.16198061539020722,0.6205859744631771,0.92,0.9,27.0,41.73114371732625,0.6398132639188591,0.3682610557098866,1
7.69507699309686,68.45034771825266,73.2433692294809,71.70432966172768,80.65179921508233,55.10346689191955,62.54227143593966,71.43082898081748,7.0,83.01048581228383,1.0,0.0,59.382922727560505,0.8571119046544924,0.18939239346127315,0.3749857550696894,0.92,0.8,16.0,95.99040659468787,0.5417737190631193,0.562535314513678,1
6.753176063409012,62.61519888304234,56.32738573583201,65.79790150402359,47.25596023057531,58.283969570298254,60.4783521217261,58.957707036495236,4.0,43.46640722731506,0.0,0.0,43.15939686086522,0.3271259665117761,0.2850455958082618,0.4741670668624798,0.92,0.82,38.0,61.56989257209165,0.5773831977032212,0.23047471510850198,0
8.768231094227339,76.15158683575245,60.47557165442146,72.50457418793742,89.71221859329485,78.06109130719335,72.86096746002167,65.73820084962928,1.0,61.7607271098135,0.0,2.0,74.08675813057339,0.775046561542827,0.24846865457441983,0.5889466403276772,0.92,0.9,22.0,72.2036076242039,0.7593508018660757,0.6561184911035072,1
8.613127186831152,52.283810545766706,75.84319500376407,72.48079667160677,71.8569855867536,52.9421007560941,60.51051052022857,76.72601314987104,1.0,26.505841738505268,0.0,2.0,37.50622955202491,0.8452624539219109,0.105731809649776,0.24558781528717322,0.95,0.8,0.0,69.12599979564527,0.09537518700735016,0.07920214945617025,0
8.818135604379759,47.493479984881546,57.84053086899453,93.2137730836807,82.4958940385201,79.33970984902254,47.43742083688479,83.02034869712783,3.0,71.11393983707441,1.0,3.0,32.13771691563184,0.44774247180676097,0.3481043443969901,0.46677591020286435,0.95,0.7,19.0,65.85671082118424,0.606434590179144,0.29589893508490905,1
6.878866050810038,55.15931488054048,59.99548626260976,42.22785881034375,83.96138887595056,54.189458236347775,85.57791512261811,74.2226028389258,8.0,83.14387283029625,1.0,1.0,45.15497181557065,0.923736986449635,0.20611538680158245,0.7991936308507113,0.95,0.75,23.0,63.50599892981681,0.6730615130232164,0.22677474488265328,1
9.44200904107419,61.23851493789322,88.73491168844697,74.30983895126737,74.74166280130852,66.93094470110736,73.90761963034672,55.756282628877074,5.0,51.0568265471423,1.0,1.0,77.45358777817397,0.55556281760196,0.3929945254083578,0.48531960818323794,0.9,0.82,6.0,62.56096797126422,0.5074447144950641,0.27367863510209517,1
9.227753603107677,79.65211929789366,79.56472383789723,77.19748095090318,59.65067822845751,90.12894855519627,67.59777660859912,61.86226593957138,1.0,57.34303549694491,0.0,4.0,46.4712688681235,0.8270947748560762,0.08039835158597625,0.42172981305349394,0.9,0.85,29.0,63.50128589879808,0.7269774336986282,0.5005368365861784,1
7.6979876011737804,44.34021138557213,46.959639838953656,100.0,60.03077747616474,89.63237586479579,31.706786785335428,64.76609450385021,4.0,67.30856830377533,0.0,0.0,44.06188121082218,0.373004013305803,0.3149882666408152,0.6036386584404893,0.92,0.82,15.0,81.32923206299822,0.6132525982734444,0.2582280523642057,0
9.162056286071547,42.041546451115295,83.96705691228767,92.80067892779351,57.01560218831336,40.69503561186741,60.99680892615042,33.253998390585764,4.0,53.858694340850015,0.0,0.0,33.080704870353586,0.4411044502581213,0.3241618820116847,0.08471943093116613,0.75,0.7,17.0,44.368246497348856,0.2663873435406296,0.09625163266056334,0
6.90083589254172,46.41743274412822,92.32886191932846,61.33624033675121,41.01321103013176,54.390107315640826,40.00825039732924,70.47807178372982,0.0,12.467573712463334,0.0,1.0,60.27009504857397,0.46797960414024004,0.34651151385801343,0.6120013556437444,0.95,0.88,25.0,73.27121138248084,0.7189004557014393,0.478925529095851,0
6.067871644865687,65.75569247372064,35.20560131559603,46.63454034959383,24.25567448048446,55.95518167211511,57.39335430155007,54.4641691161699,1.0,23.98893357328938,0.0,4.0,44.202379586071956,0.572251807273866,0.07484914369489652,0.7103536111311982,0.75,0.8,31.0,76.8504894439043,0.7388066918681081,0.401964061282854,1
7.338407475547472,47.83396429749424,86.78065345547994,43.39119922006569,63.17341775069434,46.3538103364598,64.08214057228491,56.89897919055617,4.0,53.024339591185324,0.0,1.0,28.127621891102677,0.5540964504777154,0.2948773405366161,0.44809885499279084,0.9,0.85,1.0,64.9856156018508,0.5686920654647358,0.40791216156368193,0
9.76975962100661,100.0,70.79124340535448,87.95828919120399,93.40785620780258,100.0,84.80236388811589,69.63417192640458,7.0,54.77692432681336,1.0,1.0,100.0,0.6539737950900695,0.17898797624810908,0.5523968717679583,0.9,0.88,32.0,63.15892740635354,0.5673200077382827,0.6206495120445311,1
6.343674762539704,47.26704315661307,52.99211473763911,60.42340060420618,57.01181896092409,53.415820800018835,50.33746934459928,63.14227159465816,2.0,69.51742133491875,0.0,5.0,64.97670198754439,0.7277476156873867,0.25013921878822515,0.9243434293856639,0.92,0.88,40.0,56.95469972475082,0.7680175373517744,0.11893062972327947,1
7.532439615135308,32.85670723787304,90.35662421150786,47.3748995128831,57.631284983681645,55.840411344962774,31.20197598442403,49.146714111322815,2.0,57.067664116012814,0.0,5.0,64.08576708862209,0.6192642477272935,0.2510276921770438,0.152880336784324,0.5,0.82,2.0,43.245644765657104,0.19348137899946272,0.1401020323325382,0
9.576089882105851,81.57418316267237,87.78559003872847,70.30782376088864,50.97891901954624,74.71052359255764,84.3974619397271,37.27424536155428,3.0,63.73766912100403,0.0,5.0,47.722884668668904,0.44741382944330044,0.22443984666893857,0.5172825790039166,0.9,0.88,7.0,39.65332243206936,0.3141950223955937,0.2184744157781463,1
8.640232889510294,59.942200975914545,79.10426500479373,76.09379215449059,81.16955204216396,54.62912672364052,67.2857885546855,66.70919157713809,1.0,43.114447799276775,0.0,2.0,58.63946687588536,0.863671915713693,0.28049213748400337,0.7487944412712871,0.92,0.82,40.0,68.8914155757823,0.9263294471958877,0.6429860869640525,1
7.977738286315466,71.65342577974891,74.71131066803568,59.73963384525288,54.788650480542096,70.42105969217344,51.79590007697121,65.86654529588148,0.0,29.097438817354483,0.0,4.0,51.60764051142816,0.6325107900333236,0.1082519262103053,0.2537144345183236,0.65,0.82,17.0,68.71136015585951,0.424720017150438,0.4800881970108345,1
9.221780095449887,77.26171921095217,68.38511680487,71.92523047669499,85.28829160691555,95.7755994560006,47.16752983888604,62.05680669496235,0.0,27.37341088236625,0.0,3.0,46.88757730125338,0.5220692177991318,0.12952268227295,0.5376595916614394,0.9,0.88,28.0,53.69336041982798,0.6028889070369264,0.5041340558148081,1
8.0156764824917,38.088886301664026,67.40625927541328,75.07650918856447,57.518012074538426,47.800611602727884,49.434558867556355,57.50808006767992,5.0,33.18714051481311,0.0,5.0,53.657269252497436,0.4364203093134328,0.4533725605432038,0.3412552430434454,0.9,0.82,22.0,64.27498975840076,0.10221804128873431,0.05833177915437492,0
8.161568460460412,36.28132218392699,82.48013168364163,61.543712715050596,72.62941700556189,36.510689865974065,76.90709338502207,51.58462599852958,3.0,72.12198273337378,0.0,5.0,87.21841291789679,0.9188992796705511,0.4735908352637276,0.6176290713722178,0.95,0.7,27.0,55.12405378916627,0.5829739044792683,0.17696050949917372,1
8.086748657678783,93.88716708476143,34.96614846532166,35.926607534077554,79.88334615548317,100.0,78.83513676647907,49.005664265099824,0.0,27.568311500723684,0.0,2.0,53.35905526691232,0.6379435824901366,0.016299168280565157,0.26586664897274304,0.9,0.82,2.0,59.84877897922054,0.29282279514550025,0.22827463218709707,1
7.1249248790580975,40.17737072492494,99.40668276234076,53.2556084924506,62.93683367216925,48.57489637395148,55.117706323476845,80.61767379672989,6.0,81.96904121688951,1.0,1.0,70.24601434865917,0.9378029259886993,0.2692982817926954,0.6752407903283226,0.92,0.85,31.0,36.89054852307986,0.6730640690535815,0.3364627119533687,1
8.31822983497126,51.91192142370129,71.95137892478239,55.56646758653669,51.690143207238414,94.53494841530312,51.731457011608484,69.50478840680077,5.0,44.995323195061346,1.0,4.0,48.871845843457905,0.3631829669019794,0.22573190443371968,0.2894014914280382,0.5,0.85,17.0,53.149907027645696,0.3233653933315399,0.07794855195418948,1
9.293113562183956,84.90029951189777,71.34348744505756,98.89135699888315,50.293571257303114,45.81390973994216,72.65354535004751,56.222842859531745,0.0,11.652675091712474,0.0,0.0,35.724265677134,0.33810751554750484,0.16957701429757835,0.3040299321822111,0.5,0.75,4.0,42.45181254645426,0.24992164278846904,0.343755825464764,1
9.503039310588981,85.05699575804763,88.77589440572962,63.34621146689657,70.80260038607405,88.74953337294895,79.35168310924529,72.61823633222224,8.0,69.658118619234,0.0,2.0,65.95610473033274,0.517560524831532,0.22363494816818646,0.5266352880147009,0.9,0.88,36.0,81.16071060696336,0.46067831124863684,0.17944912419047906,1
6.240648219069721,62.463863486509844,53.112007887542156,66.29730695058518,44.32736534871289,55.95518167211511,35.402924194547126,59.5242859975345,8.0,76.91224074253408,0.0,4.0,66.47959701643498,0.8124358921405381,0.07175789751987771,0.42262547937454265,0.5,0.65,29.0,74.52720789786912,0.5532030167096954,0.4771793603943998,1
8.40508699121696,82.40423665176125,78.56617502834148,64.21513162461817,65.655617677893,88.54313851024426,51.23939464701856,69.63417192640458,1.0,64.26173632324537,1.0,3.0,59.89217926198452,0.8523212613023616,0.04917139861262564,0.5067016194430013,0.9,0.82,30.0,44.739551972044445,0.6330630505888671,0.5473255473305313,1
8.48020959250317,56.6860992718281,75.56311277801687,60.16938856932935,62.61337595268004,58.10967997256374,72.87535253832434,66.29421834486631,1.0,47.08293127622781,0.0,2.0,62.2575653591519,0.3442301069329166,0.512284955798211,0.678888412149229,0.5,0.85,32.0,70.39923066781965,0.7207471551740426,0.2843935504392711,1
7.318105257232381,45.9123859106995,86.5321789619622,66.77589832114012,55.724557815107595,52.616427993596744,44.25420617065777,60.54279862498445,1.0,69.32747172305574,0.0,0.0,100.0,0.6399750811389178,0.35526721438372866,0.5418445999589069,0.5,0.75,31.0,81.88495548027372,0.44138109398100384,0.19331277755207987,1
9.510723098094324,71.97794008338303,63.976502007001,75.26085943611724,100.0,60.01397612250801,81.48842065679214,63.222036216761246,6.0,70.00315492523347,1.0,5.0,87.26766200377028,0.9372151253507495,0.30418264833578823,0.8572761704952939,0.75,0.88,32.0,67.56685416563383,0.6157132704155712,0.423209228006665,1
8.661007387608548,66.8199355548652,85.28873868352088,55.60760974292721,47.36185571986718,44.573985030952194,100.0,65.84045115168514,6.0,55.51945878334856,1.0,2.0,60.55611020113113,0.33586470975942095,0.635536560060606,0.3720857747347862,0.9,0.9,39.0,70.62129388492922,0.4126153322889941,0.10911558529455957,1
7.322519408956155,35.411426627976304,93.31355181209629,53.34217019937144,47.9780341923334,41.77167518425544,54.41187040228584,63.78233877033163,4.0,39.55384444935267,0.0,1.0,57.14231677268152,0.378666964228085,0.5471730675668568,0.4341278388020703,0.92,0.8,22.0,59.48778670074645,0.424720017150438,0.20525569575418648,0
6.741705013310892,72.62577031375503,49.46381032151072,41.87528082830192,46.97044136437556,65.15814969644804,72.54954921791327,57.983432905854656,4.0,50.39358077549019,1.0,5.0,39.14746347713951,0.3527574144385604,0.24170199058703173,0.17264569871546276,0.92,0.85,28.0,66.9311271291078,0.36701144650631,0.32310443071063016,1
7.653368828011544,67.41286175271911,42.408545896733614,62.71747018777126,73.13230048168774,65.27045784442684,83.02092793315279,67.83128972057581,6.0,65.8264192271292,1.0,4.0,97.1053754980104,0.43073301218434845,0.5526984978357267,0.6693356906771565,0.95,0.88,18.0,64.27498975840076,0.5813152252388222,0.3688004928043861,1
8.30393771313232,54.87347664060924,78.84894589735654,74.95672489693402,31.15079874189412,84.45116681904335,75.83028032175157,38.98006074621195,5.0,35.46738268492953,0.0,2.0,100.0,0.8623732925966652,0.2995298474319978,0.49988412077652494,0.9,0.88,21.0,66.59291992819396,0.744931554719447,0.44646347581165535,1
6.355615192285817,61.00143170738597,49.80664048187216,60.91974955744222,36.06926247683083,54.35396363197149,71.14592617812414,71.50505193506322,8.0,62.40362003511438,1.0,3.0,67.77782041854806,0.4844592076769402,0.43997213289789716,0.49783858899303424,0.95,0.82,15.0,75.52935970112867,0.4034927057732987,0.44571240404103124,1
6.249015648889853,33.227026423760904,36.12484812645475,60.31495201621899,70.57559242521695,37.7599604620002,72.93145169151582,48.724549507515036,7.0,75.86240901038553,0.0,0.0,95.54650634972351,0.9071599606708505,0.4355765908393007,0.3351605456433933,0.92,0.88,22.0,37.23306915762865,0.517708012847598,0.3202787845765436,0
9.302404387852611,69.32833645774897,65.00180619352538,68.42254415191461,88.86491982719879,87.57124668407582,64.28318746351555,64.39780770985541,0.0,5.391879309974442,0.0,3.0,76.70987812536515,0.3971950496404528,0.4506801059791214,0.5523968717679583,0.92,0.9,29.0,82.90897128843581,0.6231960167827586,0.5370505570479559,1
7.267823481647305,75.62813063614,34.61955219353026,64.94889147374296,49.44948841473747,75.56724041781929,77.37010964816548,67.27677367265053,3.0,36.666112722451196,0.0,3.0,45.02541220748475,0.6625629736065928,0.0688733543930838,0.5483567352541199,0.5,0.82,12.0,71.75484301831801,0.32023780744377195,0.1370271991883118,1
9.708410653398007,79.42397848196956,88.3075332018966,79.82672263641504,68.23080830502977,98.28428738524944,74.84438891986481,59.041474130017704,3.0,85.15788841956554,0.0,4.0,82.8806461891335,0.8663765919824429,0.11452710763792331,0.5557875486720639,0.9,0.75,14.0,52.29658793540367,0.45772744630312345,0.1987432175718592,1
7.9845533971330145,52.24392973653252,84.18252371389912,67.03316259887214,50.114344480883844,55.13300684832658,70.02369912747241,40.424600677275876,5.0,72.80498494001128,0.0,3.0,34.497967875432096,0.4622642521085625,0.5063830144138239,0.7387658657751228,0.92,0.9,37.0,47.58006901258843,0.8658094604632711,0.5673409640489923,1
9.532602313352053,77.69555899494213,98.27398315688279,54.902408799294086,79.2460687562878,63.25369202189381,99.5758797547472,100.0,8.0,58.09255688217323,1.0,4.0,73.11913119383105,0.7940314507447395,0.4711553427788669,0.5778108961502142,0.9,0.82,35.0,76.35410090106055,0.8479629458027922,0.7050117934657503,1
7.566582666563486,71.67380937609207,75.67098494261558,58.4458267373489,82.25748220444154,60.635523250845466,54.00066698735699,61.83523966062136,8.0,78.00592214191383,0.0,1.0,55.67611541596173,0.9264093610798108,0.05340154286209114,0.47441255458729154,0.65,0.88,38.0,56.79927219319193,0.7101088764701777,0.49633856077039606,1
7.846971948331317,70.73356816659873,51.36144299595489,58.39149879976872,59.60054365701137,92.69937793764475,72.70653399745373,74.2506534125553,7.0,76.57898388910924,0.0,2.0,57.13735337822203,0.517560524831532,0.14901004522515351,0.2589242319621869,0.75,0.82,12.0,85.52477706065746,0.4516038582223757,0.19213899240143678,1
8.825681387409078,63.659187935483,80.10169745822152,67.95213685956449,61.40792076119303,68.14922936261326,72.52624471559625,75.30532055296571,8.0,94.01969880602108,0.0,2.0,76.82149525356506,0.42430252863076096,0.4460347255267319,0.6805037567360438,0.75,0.75,15.0,52.30452055317697,0.608151134373009,0.3182977190723899,1
6.195392787316331,46.69626724749696,57.2374936665766,59.821996146424155,33.727212678676665,30.220138085610202,59.15897495362552,38.110244996594716,3.0,60.45383910712054,0.0,1.0,20.915756660642288,0.42998907637674144,0.357520657155612,0.5487871853692651,0.75,0.75,24.0,56.11182417257923,0.7452817011133366,0.6879778023507648,0
6.121765639637073,53.969739049648105,39.0871829642488,56.465328673335975,48.212868707320546,61.45043049081035,43.13676859916279,79.14246372850329,1.0,70.45773320577031,0.0,2.0,52.552425597391284,0.5768570781107187,0.16406649926355563,0.7284595521993862,0.5,0.8,16.0,68.43063168850274,0.7101088764701777,0.48218424383564323,0
8.604625338891854,52.98887337220424,71.51969281557139,87.59509405332659,58.60207510426858,61.77700293556034,65.63309512615966,60.42135733653843,2.0,55.54394708552626,1.0,2.0,54.276648266161764,0.7010012770611622,0.4123995414040972,0.3245756029247969,0.75,0.88,23.0,44.965935652169364,0.6067682932649872,0.6215418179501285,1
7.349626570576714,53.93487078543953,77.35463149417477,73.47065029164402,49.59508205608715,76.73425228779,51.99678762262678,51.80296355660858,8.0,90.24896595891819,1.0,3.0,100.0,0.556856435976804,0.49159340844975513,0.348368783739405,0.95,0.9,25.0,67.70689005185042,0.5785601363855509,0.4471906043998321,1
9.421056778538556,85.54248122803709,81.63592261707646,82.93607051066084,62.315323938241995,96.03479442978443,56.193929094530155,62.47910990966546,3.0,91.87609229048769,0.0,5.0,82.78055445786605,0.5818277712370589,0.19340717677060235,0.43565194020575276,0.9,0.9,1.0,69.10824929161112,0.34005382116997307,0.5439690440090439,1
7.316672872989585,32.939337426373,68.30462009840609,52.627256303818534,84.74650573045794,58.83247507576836,34.08024389572134,62.18818980710704,1.0,37.47155539078969,1.0,3.0,77.01048093260702,0.7607538886089089,0.22448792690780434,0.3260921970884399,0.5,0.7,13.0,48.47518708747483,0.27346903478768564,0.09671619207518174,1
6.703681510823557,47.939435138909985,63.90856928493436,73.45786754487334,47.22237346833333,59.25574952602197,39.750457102883686,68.53561159897546,2.0,43.93535031251796,0.0,1.0,37.436841855837365,0.5589090124590361,0.20588106042904172,0.21572181014157293,0.9,0.82,4.0,61.98636988529276,0.37953174007660034,0.46767392546175246,0
9.45629852671113,83.6811359289108,92.728620844608,75.31574866414473,57.83176758923071,86.2116118216436,61.82664401599633,49.88031526406668,7.0,58.82565794514946,0.0,2.0,38.43986900819086,0.5589090124590361,0.10078378423105906,0.4144890866309894,0.9,0.82,4.0,46.760982593870374,0.48050916710917607,0.4694566473831541,1
6.934327230619223,47.47856747397934,65.84041836168304,61.45376158638491,57.094729742454085,59.28013546205406,43.6691890291013,74.98355563378954,2.0,71.05420375399967,0.0,0.0,46.451510899665536,0.4990433327165147,0.19541963629212952,0.2715146133785746,0.75,0.7,25.0,60.203315703102426,0.330676162421181,0.17784768562564632,0
7.463637401952683,45.00038818874435,79.15410500149525,76.13369209642845,51.701855381622636,59.64812714732292,48.912902671872786,71.01696659790136,8.0,49.74269571035954,0.0,1.0,54.69756084036047,0.640375929697146,0.3241618820116847,0.4669144034581653,0.9,0.85,10.0,53.720247786000385,0.6615866725632787,0.45476375254861584,0
6.020633369689062,51.799165544417306,35.66589682124674,50.36327351719525,22.708864745412797,25.359192820381068,58.65535298391072,46.039838432849436,2.0,17.663778267706,0.0,1.0,35.01357579840317,0.44245459438209134,0.19237646944605855,0.40066270443096064,0.75,0.75,30.0,21.469818902828244,0.5870728968069168,0.46381190708528974,0
6.273076230195648,60.305820837779265,56.89505951241932,31.927778739173007,65.07228644958418,74.71052359255764,46.02196850995513,59.62722547262437,7.0,38.67274950225284,1.0,0.0,63.5623466970726,0.5089716928995944,0.13597997901304026,0.6905655123439053,0.5,0.85,22.0,55.691951461073806,0.5763445311767309,0.2867601349200951,1
8.830096192449705,55.56445804601837,84.30630783878651,79.68914613784132,71.07164735021048,69.02839928915797,56.024632351224334,51.172063863722414,4.0,53.570343267017954,0.0,1.0,97.1053754980104,0.8528624034733572,0.27004836041440633,0.5679403296501557,0.92,0.9,20.0,43.397684286335576,0.3964759495535001,0.21844284611953602,1
9.736984888773163,80.86453239711055,75.38887327467309,99.2349079049234,82.57660237976266,61.13264994419039,92.26723676584368,79.63781805625499,0.0,55.42542736200245,0.0,3.0,59.43980215567869,0.8505142259768468,0.2944665022378256,0.2862178783480368,0.65,0.82,28.0,66.48772879256192,0.8697761145067783,0.8546012512620759,1
8.792594016779105,43.64431666313366,81.38560061767178,62.45286024658591,70.35491549898538,49.149824437353864,65.23472131642274,53.38580475042147,1.0,30.60578044181899,0.0,3.0,38.6350457707131,0.441697093636085,0.38559352873379826,0.46713799417982493,0.9,0.85,18.0,39.15450815350282,0.4116992686654901,0.08683875281384006,0
7.433149785351587,57.450998373684946,73.89711354721136,77.27399731228093,49.31517527393441,56.136850731412636,74.48093460204265,94.47106243059446,6.0,68.30201390442475,1.0,3.0,74.04226051108373,0.8936485388199265,0.3334098906960716,0.7741101902662435,0.95,0.88,30.0,76.35410090106055,0.6776111792299496,0.33699751609844025,1
6.190405420848348,62.61519888304234,42.32690937225165,34.020970235848154,52.90447422801656,52.018839820325084,62.54227143593966,59.43197278027417,1.0,34.95525134409746,0.0,0.0,49.586540704843415,0.6005720325046484,0.0681315122614712,0.25422737850619487,0.5,0.65,14.0,55.03804272859008,0.32075313750547896,0.21686371739974214,0
7.659526079082977,77.94234176574918,41.895206519983674,57.003339773504024,65.23297689481144,76.54902103222744,72.65457019316952,58.337798330435206,7.0,40.414640360831335,1.0,3.0,56.55623099626858,0.441697093636085,0.19126111104708524,0.5957932418886398,0.5,0.75,30.0,47.453599167623395,0.6838137773244636,0.4669998415639307,1
6.809684750716209,67.11030802115852,53.37145532371048,71.19766476791068,52.73426046385225,57.720401381978355,51.53086118953662,53.17999832810546,3.0,39.50594415643217,0.0,1.0,79.26019512951068,0.6979105380150746,0.12401976872293995,0.41507412914370595,0.9,0.7,11.0,57.37418646665811,0.47857869345366455,0.4514863237752965,1
8.866231756763991,38.16112025461601,72.76115673199132,71.35671304952035,75.85908188210031,69.60318537451067,52.20473093977856,70.20371690963516,3.0,57.35339249406839,0.0,5.0,51.00763921214114,0.40559733261649555,0.5008223455427996,0.3376301337609959,0.92,0.88,10.0,62.1509701047222,0.43039822393795674,0.1512731118472385,0
8.94013859445618,69.26458526505985,88.13273442159829,65.66576557913622,65.18471944403854,70.00214047355017,66.2599396636181,63.41273534269404,2.0,59.53389978326361,1.0,2.0,64.34357738598291,0.5527935247730142,0.25605822958691726,0.6017263928122452,0.75,0.75,37.0,50.89724628246506,0.6575859709825165,0.28034338084460636,1
8.013033531493493,72.05327326893612,76.58592662044029,58.10145208311155,55.53561359520671,82.37346770929565,86.53192744782065,53.653474299606934,4.0,51.74933913287189,0.0,0.0,84.96429348238371,0.7001274936575954,0.28291819880706875,0.6556068898109417,0.95,0.88,19.0,68.72314555077539,0.7211348841117433,0.39747588257891076,1
9.295254651105484,67.17285277358391,85.37334003193936,67.89608858769354,78.40174538218156,87.9678041957833,62.349894560664296,61.165664135657195,1.0,65.6171710683177,0.0,4.0,68.33900305499259,0.8773616407938214,0.1270418038723586,0.623655553348158,0.95,0.8,17.0,52.26448559853281,0.5100413584916976,0.2107206929618937,1
9.621305613928394,85.38824474996372,84.18252371389912,78.75622503673728,56.658901565252975,82.99214570099215,78.84246942577076,76.00938388079814,1.0,20.61083600357982,0.0,2.0,10.109971466245604,0.4159949308762263,0.13009472261107843,0.27924786105169913,0.95,0.82,9.0,83.67526426051717,0.34268773146643094,0.326091882174525,1
6.299224501555085,42.21935781937024,75.67098494261558,36.483614761484134,60.92795386136981,37.67758926111194,49.08810306064302,51.52999228757713,5.0,59.15544131220243,0.0,0.0,39.516220457441264,0.6160686574506561,0.23006498976137169,0.4796638233838661,0.9,0.85,23.0,55.384069801856356,0.4214041587659043,0.18311939641197766,0
6.7129153125071275,51.91192142370129,73.96976836344322,43.40061033592355,51.386499896293834,71.2827773866682,36.48577235361269,72.68508602726638,4.0,37.796602743182376,0.0,5.0,50.62481632652495,0.6934927002328775,0.1872869542654065,0.41629060702195564,0.9,0.9,2.0,64.0219723692691,0.31147293752840743,0.49633856077039606,0
6.47026445387131,42.282913594111335,64.93595768289052,47.44695937810309,54.71997907535139,59.63558729843218,51.39773825849369,34.501825742227034,5.0,66.82618325425645,0.0,2.0,76.5919088053207,0.7872934102358575,0.2304094936771811,0.5524637291730119,0.5,0.9,35.0,53.123885715181814,0.5308746483472268,0.1525655053387682,1
8.098218272556824,68.11355180084031,85.20277632725069,37.372509562873205,72.84190795118754,59.280419660328036,61.6203586062365,53.67141345091415,0.0,17.67434700087199,0.0,1.0,62.56146422558449,0.7293111922592262,0.16558672593359272,0.298479795021149,0.9,0.75,8.0,58.172820807006715,0.3441859880227145,0.5715380202152198,1
7.299322366473509,66.638522982978,55.699831960407465,68.87053432023785,58.75553518145127,45.57130396256373,73.52370755444272,70.44784307954504,3.0,54.12798529826513,0.0,2.0,71.56686284190422,0.5264679582060449,0.3386064109827232,0.15267006447328202,0.9,0.82,2.0,70.11896857264426,0.5159496645265559,0.6601195956513971,1
9.503210524696962,51.76804249308055,92.99913362472384,86.3978822864386,83.51122368178802,60.42461236295371,74.10900844448247,71.31857632112687,6.0,87.48911044625169,1.0,0.0,76.2643854203214,0.831425250364419,0.45350659213385724,0.43853570280917953,0.92,0.88,6.0,50.30475407094609,0.5333017547792945,0.4121617042336333,1
6.483649553650349,31.77601230277309,64.93460845195575,55.247074363781834,49.55508624529684,58.4317106844305,36.77624341259988,58.3660702356111,5.0,48.62690555192861,1.0,4.0,58.25834112629967,0.4194612084695591,0.4624465974933469,0.5844792308637939,0.9,0.75,11.0,36.90453454829901,0.6474070770077864,0.45711880478328254,1
8.219816166896525,100.0,77.35463149417477,59.066641893015806,49.25089855856917,98.75190813889591,76.90709338502207,65.88765899677249,6.0,70.06090974122654,0.0,0.0,51.43709347576421,0.9307935766358313,0.003951707159515015,0.3140512628489609,0.65,0.9,9.0,81.13322859602157,0.48146809257359685,0.3946598212391473,1
6.730742580333506,54.0024298604777,74.03473087034924,67.03603248475544,57.518012074538426,63.25369202189381,41.60290379147436,73.80733596225096,1.0,46.68278292511716,1.0,3.0,51.00763921214114,0.8674595409294366,0.127108512360814,0.5793312519270307,0.95,0.7,16.0,78.22342681310346,0.7335992230126842,0.5135851847742966,1
9.336960213691043,70.3939178990675,82.70350653083996,75.14499769726451,69.69459353389087,82.20902746387608,60.311929311217156,76.72601314987104,7.0,76.17083816927499,1.0,5.0,62.924188836233526,0.5772131244862959,0.2928686654866688,0.4402987586423733,0.75,0.88,5.0,57.44755640084685,0.38553574430346255,0.3731080798806716,1
6.962101503281086,49.945734294700344,73.33064316005145,38.30502412434332,56.893135311031514,60.6071922570419,62.65476133415568,90.44680438543358,7.0,88.28323165792786,0.0,5.0,68.30221926720925,0.3527574144385604,0.5765741869432616,0.6429631281877076,0.92,0.88,21.0,74.71234524233581,0.46089665654185924,0.23022071818647305,0
8.584132754549987,39.868866847527244,78.43065721790973,79.83120668752991,71.07164735021048,51.016689330120556,57.36423809608546,48.966604955964094,7.0,57.75743842990384,0.0,1.0,47.45616140472989,0.4817742419843309,0.4457506262378259,0.49825616027187813,0.9,0.8,24.0,68.50197410010115,0.5506749154246495,0.19514061184872344,0
9.45924225870396,61.578386734385326,86.58739997630653,100.0,68.66709223088785,56.6839343586532,73.28506520267231,67.18381522028835,2.0,54.31526365513768,0.0,0.0,79.80719270389318,0.3867328285576929,0.7137054989237552,0.7476036913794627,0.95,0.9,36.0,57.95163379405708,0.689461043107315,0.5963261371022994,1
9.213657722458494,100.0,59.214327065162216,81.86848878548558,66.41452749301936,92.02772492102343,86.51566942709921,35.274163677605884,6.0,48.17843488975635,1.0,2.0,100.0,0.9427010748352818,0.02812106370325225,0.5747670664592148,0.95,0.82,27.0,50.7248272105962,0.33525605125174335,0.2309167729804073,1
9.293113562183956,87.3783119109505,95.46950480866101,65.7417612199953,78.5199946870987,77.50259583128597,75.46576296730672,84.58504051008238,8.0,81.94217941694572,1.0,5.0,85.39413338479615,0.8971227552045034,0.27946094827925955,0.41305192591125034,0.95,0.82,20.0,94.48603098832511,0.7433165600986472,0.8663526500986233,1
6.147255059808032,38.98322058001631,30.501039138764057,39.94216298067204,55.50364919885873,59.32623535895202,39.74380034360807,16.561348847262977,5.0,61.28337026656996,0.0,2.0,78.42555003114963,0.4279703363722382,0.2127226378515725,0.2352585634930294,0.75,0.65,14.0,35.858859668536574,0.19145089365641255,0.08683875281384006,0
8.441436448783081,46.78423163040377,61.06131729069373,87.09009760559158,83.199249593182,35.714799228599674,57.912526379673906,43.539919882198994,4.0,44.995323195061346,0.0,2.0,49.374867613412896,0.6667358255246437,0.32940178904051315,0.6187646652328291,0.5,0.82,38.0,44.414090072289255,0.6319465614262114,0.25885981652152734,0
6.281468100407084,62.44189698327178,43.306494665450295,62.45867653650793,50.293571257303114,69.823903073992,40.2255983257278,61.76160997363411,3.0,53.07676117040669,0.0,2.0,94.56939167183594,0.5422418794146686,0.2344149461388277,0.4668433092764224,0.75,0.82,37.0,73.45248938145542,0.7478769237875974,0.675910760246737,1
8.727488896813846,83.53411073666445,73.31718432493184,50.34023998274039,76.40024767684694,100.0,59.63376185774746,77.46282827966604,4.0,54.38496432273553,1.0,3.0,56.292706038180455,0.6210668237209938,0.11618121308699893,0.5414008886152936,0.9,0.85,36.0,59.51769352910891,0.7118929073056302,0.5188106809975332,1
7.650527143256124,78.00823256790228,74.27674053477384,65.17797284609858,34.712686935276245,68.28286662473204,66.50260034489064,66.76639351405504,6.0,53.170776887693556,0.0,5.0,67.84437510609314,0.8078371063175978,0.14096963487113437,0.7354225390664066,0.9,0.82,29.0,59.68190210231946,0.6621518340435776,0.5047157658445747,1
9.577847655604778,73.44518008878678,95.1690152233868,70.20071585898079,53.830937075129654,69.86215696359723,71.2009390955947,61.19892790718645,0.0,29.425585687566173,0.0,3.0,63.91129125948551,0.40230619594865785,0.2783285501731831,0.33587831973963483,0.75,0.7,1.0,69.79444013404208,0.3570493990963395,0.4071302542823078,1
8.483068994236081,59.74920051452209,70.84634841743978,76.96558966709075,79.72471520447552,58.88634168367859,71.52587532758453,68.95163962540389,4.0,52.69985692594537,1.0,2.0,90.48891472102795,0.9431300685541926,0.18158436760197813,0.285615473709859,0.9,0.85,19.0,54.85300806089626,0.6552685474633465,0.5063962644861023,1
8.335999627915498,63.270612357512086,63.64305238789325,87.34672755117106,56.68515972914595,55.12505164346962,76.90709338502207,74.03999764684983,4.0,59.1781352260831,1.0,3.0,58.8102052937885,0.7364181281085513,0.30722278895952676,0.3387387286383814,0.9,0.75,16.0,80.52066664779021,0.4490560307385457,0.3851357129544225,1
8.791955496966203,67.42003700781248,90.79081513468269,64.77151020164906,67.20680696935601,86.2116118216436,58.8094064332719,68.90701123318095,5.0,60.785272757012216,1.0,1.0,89.1576404041547,0.9400401468183261,0.0681315122614712,0.18790131053498857,0.92,0.82,12.0,61.27477974523379,0.27768022758467864,0.23866426474201752,1
8.507947728101033,70.91491302923477,75.89835875740361,75.16857585494417,71.2859648170969,57.102745845979165,77.19555193009907,71.43432043810454,6.0,68.9451221649131,1.0,2.0,42.04839849490759,0.7896094702731151,0.26715645919009184,0.6917244685322615,0.92,0.9,24.0,52.095305853537546,0.6909986473651055,0.5552281859181495,1
8.200114594050921,57.557171680791456,79.29202734412657,64.7959031923,68.04941111905421,80.21849909106608,50.85229192784076,47.69683132589838,4.0,36.00053621968938,0.0,0.0,66.98498852322362,0.3393485487107545,0.3359948422453014,0.3608063691153975,0.9,0.9,8.0,42.224998451686204,0.44495910691476903,0.3526890268841423,1
9.056571479329289,78.64458554185626,69.90862173459875,81.15267446191044,73.4089543235985,73.06793229997186,73.63720259125641,63.9009673179146,4.0,17.592938551617593,1.0,1.0,46.35882153155433,0.8763495126528622,0.08756936218406963,0.6409400895916415,0.92,0.85,22.0,60.43906028500693,0.7258144994392408,0.5124720142698695,1
8.32726945116209,50.276669725517394,80.66856289574719,53.89979959123379,81.15973745600573,63.13886000337972,52.33125188605828,37.92755326425555,2.0,50.90120320621736,0.0,1.0,78.17359879903138,0.596995236635214,0.3959498519596096,0.4999988282993722,0.75,0.75,8.0,55.043530808033566,0.6330630505888671,0.6879778023507648,1
8.1135231278316,53.273592808959734,82.12072925735518,67.89381479447731,54.89365638905489,62.04196887154549,39.74380034360807,55.417969240672214,3.0,10.18350421927856,0.0,2.0,38.678371807938376,0.4091011654742478,0.20260550266444396,0.6200786784317205,0.65,0.8,11.0,60.4173017127538,0.4332439115127389,0.2465856545321342,0
6.98932446497795,61.00183925345753,47.83407795075042,63.44774947924407,64.79422716133146,67.16100187519616,64.83769661257945,88.27909376319289,1.0,40.17811420816868,0.0,1.0,80.07379894896897,0.8361498617728826,0.2249008393758639,0.3705060829882758,0.65,0.82,6.0,90.08538305875389,0.47069053541318573,0.6114619731928636,1
9.741668227747047,83.53411073666445,78.65412314706765,85.43615291539275,73.03750941365736,74.72349032719998,91.9625839070948,67.21283519045464,2.0,27.5125207627203,1.0,2.0,61.945749116715234,0.7055092862403927,0.23921703349912307,0.501239752874988,0.9,0.75,4.0,81.13711117736528,0.18469506693288337,0.2321815632904433,1
8.138138452561346,38.903339553134124,64.70553272123877,95.17106665256944,41.896152132732894,50.925360209404275,64.92601355470468,52.064680340501,8.0,42.355088426431045,0.0,4.0,65.5459106848384,0.5285689163022785,0.5346023672635293,0.34152783060502223,0.9,0.75,22.0,46.119339824188756,0.6711545593494769,0.3808066249262272,0
7.028647693681407,91.56788528185221,50.141414958300345,47.123074198238925,70.66967379104409,94.3753107852199,58.40499937964105,63.32810904753358,7.0,70.51363282030894,0.0,2.0,94.80855799406294,0.734988471220895,0.0688733543930838,0.5070756526346488,0.9,0.8,37.0,59.56846039991022,0.6911205942982674,0.5799022849750191,1
7.410760020935453,64.67710716656491,49.804492912270284,56.33353184961767,69.79047411948264,61.79945460857876,76.72445841868137,54.59086355950358,4.0,44.53780193900312,1.0,2.0,51.13309290165681,0.45191243072591414,0.28936450159676647,0.6747990318108785,0.9,0.9,13.0,34.20919615122546,0.49450934930857465,0.2169244510747622,1
8.42415962813725,64.90744373876925,65.34088007774001,66.25338335925002,85.5701609167098,57.182588800011935,69.3523961767067,65.24993215050802,5.0,53.79108406980294,0.0,3.0,60.56427305278913,0.8721811826385342,0.17802958144517037,0.47475395700346157,0.9,0.85,2.0,72.2903310266307,0.39847987636833404,0.40657011681864524,1
8.84551896273481,99.11238474916895,55.595512346795886,57.80533537251326,51.04446688361495,82.61276927234817,100.0,45.168048571345174,0.0,53.19123222270569,0.0,1.0,71.60833815831226,0.8854413880530407,0.0809453585163775,0.3764480883089454,0.9,0.85,16.0,65.31857130150748,0.6715804840859875,0.615535485605688,1
8.302860118660043,63.41511805157218,61.33333214310352,60.14890634592396,75.36974462781065,76.4298114299676,67.99908707324907,58.944318407945154,8.0,92.26530774103043,0.0,1.0,34.443664556850436,0.5565202992439231,0.1701543034227818,0.42505034743981973,0.9,0.8,7.0,51.990735753194635,0.44040050211357845,0.22518978058325417,1
6.1860620973284615,37.7815202372079,30.501039138764057,70.72803894710603,33.04527775414657,29.265322788172902,73.10112462038299,44.82860907611685,0.0,39.59886580736743,0.0,4.0,41.488109725057555,0.4754430588675638,0.43433950705153057,0.7429403010749013,0.65,0.88,36.0,67.70522126439546,0.7908194809519303,0.2625249440925468,0
6.937555203221991,36.98857966007374,64.79618813175139,59.40439521099563,69.00756834507278,70.77045255039721,40.92422913553897,62.30930820508246,6.0,49.847651229630415,1.0,1.0,65.54444462912598,0.5259237564925017,0.3377372651636363,0.7492157172288452,0.65,0.85,24.0,66.94313263060224,0.5584954286264037,0.12254045760080137,1
6.612832760327687,74.37774472116223,69.44085708676164,36.32747430585874,34.712686935276245,65.04551116766815,77.19402248760908,63.17926690730403,3.0,67.37087087572148,0.0,1.0,22.887055093775913,0.7904244343699343,0.03460237053311711,0.0698996023538352,0.9,0.7,16.0,73.42153445843357,0.2838098184682826,0.24701163467047868,0
8.59638175910349,84.67470535184731,67.18477902298892,60.91974955744222,57.344043657920956,76.54902103222744,79.51552416887785,52.064680340501,1.0,71.64230574768645,0.0,2.0,60.56427305278913,0.5975701125780319,0.13561264164641368,0.25750257882718763,0.9,0.85,13.0,57.68181843412242,0.37011640240071325,0.4005099541955018,1
9.780332011759299,95.19409544109685,97.5934378217072,90.12316352943473,77.29724196734259,78.37229101417182,89.85326160739123,54.38947784511115,1.0,85.30323447591852,0.0,4.0,70.3408172142623,0.8387472244938816,0.2079367857322254,0.45473537118506985,0.95,0.8,34.0,55.165164468891675,0.6035875171171153,0.5566935550549024,1
6.463482063996567,39.10660667898407,64.15211663986099,43.87164810608801,48.629869788484356,57.50356284036387,53.89980573757896,39.269045542184514,7.0,79.0518846152435,0.0,0.0,27.835877079521445,0.3231191702423023,0.4068636978117846,0.42262547937454265,0.5,0.88,11.0,50.735719892145354,0.3585035335496528,0.19679054020922634,0
6.160932096004635,31.280528485982998,59.54187985171312,55.85846307411428,68.62297580756352,40.95011198144148,33.02713124308222,49.722587396777456,7.0,89.26983111527963,0.0,1.0,66.63084127115248,0.5687558012952156,0.36150772756103294,0.5795079040878656,0.92,0.8,27.0,78.22342681310346,0.501150107679031,0.1718841847009155,0
7.098517610225128,65.87914344743162,42.095517716353015,63.126773422697035,57.47259455907334,76.15197713775572,42.60270889382451,79.42200774005553,0.0,57.13076720060422,0.0,5.0,49.5331984774881,0.3574677198183266,0.15946426341526798,0.3670121464557798,0.65,0.8,11.0,60.273542990981355,0.2914607083043947,0.23376358231680958,0
8.50781494429126,59.09787023874557,61.70323433724776,76.93005771077473,75.84182884709753,65.21696213710992,62.922148508459316,71.21194802865007,1.0,34.343402689764595,0.0,2.0,52.04175428282166,0.5070439324694683,0.37646488070746265,0.5395014287015825,0.95,0.85,13.0,82.08156460576215,0.5063935637269072,0.437474984617832,1
8.941032984512661,66.913203587541,71.77229796526727,62.997670580621445,77.40362535497039,60.694506466284196,74.13944882928391,54.10452458026508,2.0,52.90407469761066,1.0,4.0,31.725929168062216,0.572251807273866,0.37646488070746265,0.5504218573747396,0.9,0.9,19.0,62.60741067906502,0.5105399877483952,0.6008106251214216,1
6.975542693833632,69.69745193983542,59.30570048485662,57.589308727600695,65.23463950897683,73.41965799295343,53.989165402867165,45.30137378932689,5.0,53.13811459668598,0.0,1.0,82.8806461891335,0.8475724010621914,0.07524409888939865,0.596189200420577,0.95,0.7,18.0,43.58907434051058,0.5948203564286197,0.4306808051686125,1
9.359753703193906,69.20557834957413,87.57515733269636,88.83555603536595,46.2998180878364,60.3979228423578,89.20395934727637,45.801676490284436,6.0,73.89895542971652,0.0,3.0,88.6910118651721,0.8426836139648597,0.43433950705153057,0.2987437070663234,0.9,0.85,29.0,56.44382594725241,0.5063935637269072,0.613655437195798,1
6.521402779604327,76.13109652849974,53.112007887542156,52.05591160141378,35.26996994491574,72.18279811706472,58.124461104121174,55.74069503775093,2.0,32.106270310319346,1.0,4.0,65.31604139875868,0.38644551306513103,0.18005060492873576,0.3828687625054157,0.95,0.88,28.0,43.33616131103295,0.46084949011522763,0.36660708562644545,1
6.060061110672509,40.17737072492494,55.857238143041,26.652227688844157,64.47397770550023,43.51261127639903,44.23734865173097,67.27469303309434,4.0,46.898296644122475,0.0,1.0,70.72648084213307,0.8596577927798505,0.1715819363072369,0.450129628000041,0.75,0.88,7.0,71.53861171484142,0.3971805653539647,0.29730332182814606,0
6.35247309421308,26.47371182464517,50.68097130092376,47.271351256861266,91.78282534242217,44.45139101906883,25.27480007360068,41.69696579382652,7.0,79.83847834698273,0.0,4.0,51.212999766032716,0.5024292498755385,0.33964891397271546,0.3918336434758988,0.75,0.9,5.0,63.15038960832424,0.2903500762240567,0.12489463193086242,0
6.941790339215161,36.9707761946493,71.25442735421787,45.237376445192325,59.96559279186848,52.0782755016528,42.60270889382451,66.83034827513926,2.0,40.7776389880224,0.0,2.0,40.74310548091363,0.3073326166522457,0.5371083030888408,0.37893737980614073,0.65,0.8,14.0,87.66929522486726,0.3939585748999092,0.2637344761564554,0
6.81792624308077,47.08024706959512,68.51611243978292,61.24109013939271,58.96058788528347,51.68174290330703,37.56834734501355,59.398496132641256,0.0,45.353770896163304,0.0,2.0,62.3880939693799,0.8325268724643182,0.0849897432614467,0.5166702837914561,0.75,0.65,10.0,49.52615562865913,0.36861129117047287,0.1920030764099967,0
6.526887085686994,12.688403798789373,67.55253378583178,80.63172369085811,56.13002225829371,32.5446656231944,29.932286117144812,79.92297055406999,6.0,34.59557283074,1.0,5.0,43.08451815796276,0.6599130224873899,0.5349134023355229,0.1775556015734077,0.9,0.9,14.0,95.0959140898612,0.19145089365641255,0.11922663059806562,0
6.572282258481603,44.67549313374046,57.20846665224657,54.141157409664345,62.33729364877939,69.34185289161412,46.126224781379705,35.6761022932142,5.0,30.39696555642148,0.0,3.0,36.54282073209506,0.9335274834653511,0.047208375828343994,0.5795079040878656,0.75,0.88,21.0,44.1677407947257,0.7802137708482362,0.3694349061580492,1
8.902607455695762,64.72861720675141,78.82492939714236,64.05309483343653,80.3733965439759,52.47083911396025,82.73773705335812,44.68445146354847,4.0,75.86240901038553,1.0,0.0,37.74157737485345,0.4573555698327131,0.41189955297338604,0.3539141746810745,0.9,0.85,13.0,46.28725885984695,0.5093818516747921,0.49599210096359275,1
7.552943633993509,77.63447487921043,61.90431177894396,49.371043782158,58.102193317410595,54.390107315640826,72.75967114196882,42.93306343562883,3.0,71.47898494381434,0.0,1.0,60.32730104155753,0.44245459438209134,0.2316590536017343,0.4645486697046337,0.75,0.7,18.0,47.19568304740569,0.30110277693616844,0.4469184448966908,1
7.777079319310808,49.4314514564685,70.14951752971544,61.602588716651766,56.15295301451908,76.98806554149141,52.94924707527967,44.881714113424444,7.0,65.03011106408805,1.0,3.0,67.00191259613068,0.5849627593127135,0.25088575128956775,0.29920576735222315,0.9,0.82,1.0,67.32260872110665,0.12188710428878968,0.08752305411228999,1
9.058104558487848,70.32294185930576,67.8702706098164,86.91401390455368,58.71045968185094,76.94535914406634,64.17246516258324,48.04324723173107,4.0,70.93052706795356,0.0,4.0,31.56479648227886,0.46375423568025886,0.17310173600643744,0.5392399173180424,0.9,0.85,23.0,58.29278125247108,0.5164189605292695,0.20407362621266265,1
9.184918908355156,36.9707761946493,71.81831188269086,90.47544217214487,82.0057494396116,41.156397995090195,70.96232124857923,70.5477881764007,2.0,39.50594415643217,0.0,3.0,62.632778200609984,0.4342866850211783,0.7015508728550277,0.5755558091474944,0.95,0.82,15.0,90.42905309994114,0.47312883225217484,0.1901090450728362,0
8.920860469287097,61.43561538782297,89.05934080325018,62.998420466691485,48.212868707320546,60.331976917865,69.46564399302004,44.52928843299744,0.0,25.706367731587214,0.0,2.0,18.404816092329952,0.3456275538913127,0.2958571559229528,0.6326950382823315,0.75,0.88,6.0,68.8914155757823,0.5763445311767309,0.39928175766960655,0
7.230959341963017,23.692948244255383,70.65154517338856,76.23684459234155,67.3202374457746,41.56383983449136,30.401015908952758,55.77281298447204,0.0,61.682444214450484,0.0,3.0,55.42133872004854,0.36860554535800616,0.5676556718126136,0.7743039646003085,0.65,0.82,31.0,55.230245039857216,0.6708686487351204,0.19679054020922634,0
8.098561857307237,70.5933903218496,64.42982415680181,62.997670580621445,70.9324131012844,88.54313851024426,68.3458021277366,29.766382632984723,2.0,90.33126388990891,0.0,0.0,62.56146422558449,0.6440089376867292,0.16262869126539328,0.6237490065632861,0.95,0.88,39.0,51.07319666744178,0.8859144751349057,0.41326674154657894,1
7.1261758166424265,46.6471192797391,48.10476997925983,76.93760535271845,61.140094883666066,69.08639770440865,52.19486562776561,80.81268054984098,3.0,35.50850057169477,1.0,5.0,36.66319899831247,0.6773485247023068,0.27162097531110835,0.5154818130588439,0.75,0.88,29.0,68.50197410010115,0.7614589831950286,0.44877069348652227,1
8.14681232359528,92.48779233372487,70.45583382587027,75.16816711232532,47.343592576036215,86.72863376516591,63.79762253705396,59.58943871113642,7.0,49.94014471169805,1.0,3.0,46.484732835287495,0.8717548519457938,0.055651722067912884,0.6690195618031604,0.5,0.9,3.0,44.76990128318727,0.7167800114603844,0.8889098503734316,1
6.118064480265391,10.492669338187888,50.428322209605966,47.37737262110746,56.0532401716348,35.458230560814926,50.356045664892186,57.867969064526015,5.0,50.90120320621736,1.0,4.0,55.08896739511845,0.4152333376377108,0.6803768389011295,0.5477567433450337,0.92,0.88,26.0,52.03588139282391,0.7580991900098082,0.22024697826826622,0
9.55444920435268,68.50156191297194,82.96076875559551,77.75783982719169,73.00169990447394,66.10920117565753,62.9404853585937,58.46591919603314,4.0,42.509989511816485,0.0,2.0,68.68026789888847,0.31587561863872304,0.45842503490730296,0.4733618919900024,0.5,0.7,8.0,62.74717952783968,0.4029484045401378,0.36583260349171787,1
8.228491657456225,41.523308083471605,85.32327966088525,90.89273423291814,45.99799130006464,46.593490005591946,46.61407091858126,54.64949797061652,6.0,45.870790128151604,0.0,5.0,47.65061599212915,0.4631233963157928,0.5018994312720776,0.2590120862887438,0.9,0.9,18.0,64.1138040725301,0.37167925958030507,0.31033751089964884,0
7.256721053635201,56.363229099650944,68.6204924552131,53.95832147116587,77.01761191642208,40.02649072695366,63.02367985898956,73.84211921010751,7.0,53.18202005354785,1.0,3.0,94.87917802526073,0.554430800883421,0.5747524160240854,0.41782862514500174,0.95,0.8,8.0,75.75890740438278,0.36701144650631,0.5652487874680798,1
8.873259077023683,43.804359478586285,69.1838781902484,100.0,70.29910978972104,40.69503561186741,65.5457849048476,39.269045542184514,6.0,67.77059008519768,0.0,1.0,91.09871309843655,0.6427427452051342,0.5247786803765173,0.48649904566200514,0.95,0.88,0.0,40.23797859989439,0.26463858614871694,0.18429760012073448,1
6.35247309421308,56.07944233399921,65.84041836168304,35.80616580724494,50.020820432240484,68.30544719091006,64.7440638332735,79.77166621706019,4.0,64.93743154784849,0.0,0.0,71.95793879499082,0.771943357746877,0.1846417224291437,0.663035799708889,0.9,0.82,29.0,76.45220238672508,0.6071237951198137,0.242730278463449,1
8.875267824183139,68.76925273377388,74.37026679808632,69.37372390396324,87.61638819971137,81.95412972125362,62.4463040075104,99.50956497403382,7.0,56.32139376080609,1.0,5.0,95.54650634972351,0.8921963010294576,0.28134785884533514,0.7252341269528684,0.65,0.88,36.0,75.93308415268775,0.8022710120335487,0.5589345064818859,1
7.239705776223416,70.88177578730651,49.3739328177295,59.338367666082384,50.87882960500556,73.13686838321674,72.01558852755947,41.59277671719941,3.0,47.5233593168038,0.0,3.0,47.26345149185767,0.5900664495404042,0.19120333041468127,0.6829534600319817,0.75,0.85,34.0,59.0585759959989,0.7513043194085062,0.5246046197053215,1
8.524391453244073,67.24169362036687,52.99211473763911,68.60525874382725,92.22643992254052,79.68201602149827,61.01774644410299,60.28126968016663,2.0,39.49473739735579,1.0,2.0,68.36732718441164,0.9270746036822524,0.05343869040043479,0.26848602769802654,0.92,0.85,0.0,65.2662614881381,0.11390576911471212,0.17900812368659338,1
9.429705083033081,76.75005630712215,68.38511680487,92.67540465198778,77.39037826344301,67.16100187519616,82.71885935486041,52.729306778633664,7.0,72.00717784028426,1.0,5.0,66.1053341781183,0.7546178403877885,0.3803163444169017,0.7992137786281275,0.92,0.82,37.0,67.47618251497747,0.904398738049597,0.7163046506923023,1
8.341974085724626,46.396657521379616,86.98900439835228,96.52783944774363,43.121058242640935,59.31521013459667,55.44533669524733,45.61121755054572,0.0,22.3759061055988,0.0,4.0,87.92781996121303,0.8857650861178548,0.33350024727469013,0.6463340836797912,0.9,0.9,39.0,65.33000539849027,0.9365999460194484,0.5405336372327926,1
6.491578653141443,56.6860992718281,43.95499877707343,68.15574203851273,53.22876177065403,61.308008090710274,53.29285809488355,65.84045115168514,1.0,60.98432420820078,0.0,3.0,70.56700275057004,0.542834723466066,0.3025331428096228,0.3879410233583133,0.75,0.88,38.0,59.68190210231946,0.7467771368093181,0.549859934478865,1
6.470605991384809,41.495190640382944,75.19758555353326,59.0680201609613,47.36185571986718,31.17954677969321,50.97381123478225,63.56509856295389,0.0,37.367943998139346,0.0,4.0,83.92479833928331,0.863671915713693,0.36476749754310145,0.43329281678952186,0.9,0.88,9.0,59.12049596499914,0.5930916156877184,0.6709403731432488,0
8.235563743954232,40.74930188443717,65.50102538525573,64.95352106244168,77.01761191642208,43.232978779901615,65.9552879201233,48.05791974135872,2.0,19.89503261399222,0.0,3.0,50.27020631939457,0.6034768457993573,0.4264732846453788,0.4883243452877751,0.65,0.7,24.0,67.12016657425839,0.7780901458845363,0.4670372363552842,0
8.378847427576018,63.80305348388253,69.8875408283125,67.38333665987759,58.87413278508601,83.7135179971206,56.22653233065154,63.10073280082722,4.0,16.316428512175534,0.0,3.0,81.16683995312152,0.6934927002328775,0.19399635697116488,0.2875424851658191,0.9,0.75,25.0,68.04943202794074,0.5684105682358094,0.42706829603715835,1
6.220192309244894,50.31692444525697,48.017813664625315,62.927513825001725,36.207827106331365,69.73687592533489,30.428360090743382,70.15416655172366,0.0,18.699302176275616,0.0,5.0,60.529268818952765,0.441045040458977,0.15195053164356406,0.7276197048227233,0.95,0.88,26.0,54.00873037206234,0.5440222658138446,0.12275297516256004,0
9.723918451582602,90.10135759717667,94.45238465839614,75.19443864496779,64.70092640940092,86.93903456873323,64.17592237029534,52.579496317869456,3.0,38.819399651714946,0.0,5.0,59.231929800835836,0.5118146307024609,0.16336758749067504,0.40520317492380664,0.95,0.7,8.0,63.05707273915901,0.32075313750547896,0.42405314233962993,1
6.645918380543986,52.12978031842967,70.91608815410852,37.10720515668222,66.38893599651075,67.51380005482237,44.932542644745055,76.24629493027405,3.0,49.847651229630415,1.0,5.0,19.993436455607615,0.33941365481165897,0.3283633372511457,0.7803894127069173,0.95,0.8,40.0,82.71980717039654,0.9108270992811497,0.3443429095852142,1
7.437161987436788,74.87010459788432,78.43065721790973,72.2688528918369,49.42135370040217,71.94316866605571,64.78873470074325,92.59827617134076,6.0,90.91302396670307,1.0,1.0,74.85564250590727,0.690356884701055,0.21479546824449117,0.6056514095581774,0.95,0.7,37.0,85.37127954503146,0.7218906162410479,0.39794992681015634,1
8.018912468310699,58.998036787964246,77.31132230961136,90.9997767708376,53.89420762844565,54.99098092438806,61.88731195947071,59.59399142282417,4.0,51.09823555477339,1.0,3.0,69.74058631092709,0.662786535157488,0.4295820704430169,0.720726244220713,0.95,0.7,39.0,78.65285472138112,0.9085547756841623,0.6495123910919909,1
9.256069489282968,69.33911065312469,87.57515733269636,48.07135357793135,75.3453961451682,76.96086758298192,70.10228171218117,44.585911260869075,2.0,57.36989596327559,0.0,3.0,65.25498869067712,0.597470983517757,0.27021343257811004,0.6316358597720407,0.9,0.75,35.0,59.386622836396235,0.4838282131358984,0.28516783573878024,1
7.6390426765565085,46.69956498117868,64.2015694607383,63.455699150482396,82.3671139575127,38.67638084268675,66.91144906216127,51.13524390733785,7.0,67.77059008519768,1.0,3.0,36.43268334487493,0.467625886389471,0.6019219467770625,0.6420700034192964,0.95,0.88,11.0,34.625039804641425,0.5557789556353895,0.6064372285442198,1
7.93174040609838,41.74597681316297,66.78670319457302,74.01651537115862,79.41423030218311,40.32769190604133,70.10228171218117,75.30175459548383,7.0,74.8536967154106,0.0,3.0,61.325895129466694,0.7826513456128539,0.43431388613593097,0.23294260579985207,0.95,0.82,1.0,78.61771878330676,0.48544160794908664,0.34824383695905997,0
7.921896796022417,53.90929826414532,67.17458050414555,76.86186449489448,68.82631008320865,68.0372537058454,67.79347415121019,71.9535673698912,8.0,41.72663665132703,1.0,0.0,58.801409907604565,0.6353841647076246,0.37193328040022444,0.526159243872806,0.92,0.9,27.0,70.32258549636892,0.6447231278707102,0.32569794919348405,1
9.20823495881329,70.72016190647159,100.0,69.7815687110143,69.55647971272451,67.27067154748819,69.47477367878751,84.07111158712797,7.0,63.79003737068737,1.0,5.0,56.03829638596589,0.838342501490394,0.3817179443493999,0.7129888096042389,0.95,0.88,40.0,84.91671435869787,0.9087269318816135,0.739111217061364,1
6.912859849366212,45.63804149875308,84.16217814079525,41.17715961703419,53.40782581073304,32.61492081138509,71.77665778165183,69.38585133880707,0.0,25.859387947769218,0.0,1.0,66.36222344835298,0.6109527184691416,0.43042360204894575,0.23357173064890357,0.9,0.88,8.0,49.39804607959942,0.48966078281012904,0.4485477709565169,0
8.750232102728983,81.42422802783577,76.15984421483928,72.892531734306,53.44603370332747,88.65287176577027,47.16752983888604,51.87993147049689,5.0,76.56832589728572,0.0,5.0,56.479439966612176,0.6601479510405217,0.09704439280703238,0.10675487670536078,0.95,0.82,5.0,61.72284131624764,0.21927378608459555,0.5439690440090439,1
7.977738286315466,68.33605317087736,42.095517716353015,81.41850049235539,76.79626218263687,53.81532938328404,68.12134622041208,71.50505193506322,1.0,65.00728415707594,0.0,5.0,44.643489624914665,0.7457977413748946,0.2006563484930797,0.5030485774380962,0.65,0.85,11.0,65.53480372860878,0.6542986394441247,0.646175147026303,1
6.815248095728546,60.491194612964655,71.08488381329009,44.162857518399484,43.941744799033216,62.64073740635309,61.98284788231751,24.56016448674397,4.0,67.0787686136123,0.0,1.0,33.661055462737586,0.6019059628522774,0.10237631818285525,0.3918336434758988,0.9,0.88,25.0,33.014414179136935,0.40722291450179104,0.14835639920362453,0
6.705911312510131,43.38599948846522,80.45596623661314,71.25364833949693,22.968590415362804,46.31073714477225,63.59417624603146,66.65613216138317,4.0,35.27684804274737,0.0,0.0,81.04913723181352,0.5057876247132952,0.5046296408809445,0.5672476731096867,0.9,0.82,8.0,65.1297938145584,0.5793838992557813,0.4008262502779824,0
9.50855022297994,100.0,86.39802118409892,85.47500825073867,50.321605242356384,91.96294404563882,74.83320173134274,65.68403768318964,2.0,35.419564606014205,0.0,3.0,86.28977691013874,0.9272030645155158,0.03710653086815437,0.6342104612737182,0.9,0.7,17.0,76.05616116445988,0.7817091923934313,0.8312452190171884,1
8.499880483154007,73.9150566097493,81.36364722394187,40.24429877457577,61.792924325614706,60.42461236295371,79.5739880757106,44.95687003338992,0.0,40.92996875097765,0.0,1.0,41.563774855700515,0.5687558012952156,0.13561264164641368,0.4420251387802704,0.5,0.82,16.0,37.23306915762865,0.44517428066201736,0.29518266387297887,1
7.491776320199296,59.802490016514945,61.16412483739234,53.37648632753808,84.12696510616118,77.94122868789661,50.7380380676527,68.34228409908435,0.0,26.819718278864784,0.0,0.0,77.64223269106427,0.5979599643093346,0.1646648346828834,0.8240326641467284,0.95,0.82,6.0,77.17162095033196,0.35983777401352696,0.1026839761321831,1
6.060061110672509,30.800581196334583,54.87048784756526,62.11404395954709,13.435207433119118,62.8165332786824,18.915647385571994,59.20395794067113,1.0,56.67765722312631,0.0,2.0,56.01377015231868,0.3249641612183055,0.26723077588965644,0.16787856946490787,0.9,0.85,4.0,53.136453855215905,0.15537640004612008,0.12275297516256004,0
7.817938719129376,38.71691253190924,79.72610342071727,67.46076288857924,91.07613347430721,49.629725599406314,33.034975422059645,81.63075653214564,5.0,46.88112947933681,1.0,4.0,50.015324244934774,0.6891975273941335,0.4085440107039046,0.5737619373400086,0.92,0.65,31.0,67.1842794027048,0.6297340382190737,0.49218024582690506,1
7.262219581273117,53.969739049648105,66.99816981756784,34.77684116731736,81.06226230854246,71.17886226990137,59.05768967665661,68.47561446293385,7.0,65.71398298604733,1.0,4.0,76.2768848372173,0.41935639015746135,0.4564620177811809,0.6990369059537554,0.9,0.8,32.0,61.542665230506834,0.6671367360700609,0.30452719449075816,1
8.214048527395242,29.215693845356512,78.44496322102573,62.73646250208184,74.29878361933102,31.17954677969321,62.57370101130872,76.76597530246664,0.0,25.886897635335746,0.0,0.0,19.804632421090673,0.34357156896544727,0.5207885757881676,0.6042139610593862,0.5,0.85,1.0,62.616303261792744,0.24992164278846904,0.06320631585736812,0
6.933150947475916,47.16608301324792,63.122608954943686,91.95812836132062,62.315323938241995,47.62554331798453,37.11815441862696,51.05653090646163,1.0,65.3877816248946,0.0,3.0,86.88230028839897,0.8654241988883189,0.2316590536017343,0.7184742299373119,0.75,0.88,40.0,36.78729421180367,0.9072378012425164,0.5473255473305313,1
7.195926300368381,36.55668817425225,93.77149994359733,58.35939025946327,30.502635535341902,53.16379539943014,63.05287094534037,60.215655922880316,8.0,35.20951247176863,1.0,2.0,46.35882153155433,0.6367119640118486,0.4123625810240393,0.704400123180062,0.92,0.75,5.0,39.027981516858546,0.580628409341365,0.2741601053346104,1
8.247177917056497,72.23199750070303,75.61492653333076,52.630504077518715,82.76267340617538,91.76275760302147,43.5301025056998,61.124011574103264,7.0,86.16955609780643,1.0,2.0,42.831626137806595,0.38853445726973235,0.19756565682917882,0.46977926813176824,0.75,0.9,18.0,67.62605647973776,0.5649462690837284,0.4762420980774482,1
9.039507560902578,87.61571269120915,70.01006714251865,65.57007541584906,76.79626218263687,98.29154663779578,65.49054882913505,46.06159926871232,4.0,81.84511452053265,1.0,3.0,62.31187296887778,0.9251794037875851,0.021266961321787688,0.5181233549308378,0.92,0.85,10.0,56.585304492116244,0.3759904860032453,0.22349523569190335,1
8.519056913998362,58.77501212215856,95.9373825807856,78.8302230828629,46.2998180878364,61.04472061807073,70.52594742923185,78.28221956694378,6.0,52.5101962765383,0.0,2.0,100.0,0.928757733206834,0.31278307178715464,0.6538689702228346,0.5,0.88,33.0,63.75808622606179,0.8213282293542643,0.6016899426435159,1
8.798977753839786,57.61649524895249,79.5100804658086,73.47065029164402,93.63539237278474,74.13369220325458,51.53086118953662,50.972193692791805,3.0,19.89503261399222,0.0,1.0,78.32596786102998,0.9367275704839333,0.1961015680890949,0.48672621829020285,0.9,0.9,10.0,65.70752933258856,0.7680175373517744,0.7988345450634642,1
6.3929312773456966,42.18982400545727,51.07995187334711,53.836726869796074,74.55355646550578,61.97755280834493,42.57646317488553,71.9535673698912,2.0,60.245757237418275,0.0,2.0,96.70400575517817,0.9057553306529551,0.22010447150285356,0.30252001914744986,0.9,0.85,25.0,62.327802864583795,0.517869287485573,0.39630445757532234,1
8.038654110258554,31.10752380527807,63.66253402384082,69.39096911030735,67.06591169484123,51.61937036386199,70.24310772598965,77.44155411624156,7.0,55.84651039112145,1.0,4.0,100.0,0.6123533338962748,0.672810639234921,0.2649082465499032,0.92,0.65,13.0,70.44406941024486,0.29419770633444875,0.11490229900055221,1
8.831774602567842,84.78394865299799,57.2374936665766,85.30312226293,82.38505671404523,83.98407936097162,61.509587265540624,57.313573869186165,6.0,62.34706296362476,0.0,3.0,73.92508770614344,0.8068689058833172,0.13023389196354573,0.34517876990654084,0.95,0.85,22.0,75.3320628063852,0.7016001126018307,0.7163046506923023,1
8.458872832944635,44.194476110647784,68.78549484785205,59.109815457698346,93.15937074526371,48.31367722644255,59.18145150430804,67.30010469669838,2.0,74.83863927042489,0.0,5.0,65.5459106848384,0.7083938198047217,0.27798950215101387,0.4997671339784727,0.5,0.7,19.0,64.09189187902457,0.4333649393374186,0.059695967178603794,1
6.3223132347849615,35.40846042228802,64.78633184943635,47.022043687200224,56.7450065204149,36.72002444142243,63.03849416096464,57.23724652991774,7.0,65.98759372312745,0.0,5.0,91.48889235453247,0.8505142259768468,0.5562645236967507,0.6142600232927095,0.92,0.85,32.0,70.89524203614195,0.780942656837387,0.5969922369314359,1
7.8327530603830215,43.15024231861335,77.04404031886887,57.915242855494064,49.59508205608715,51.54178499150545,61.575460974003654,39.85813283564411,0.0,36.32621389253616,0.0,1.0,54.53850969932102,0.37118005761349526,0.3983287411913866,0.3204552029722054,0.9,0.65,28.0,31.215028027171044,0.6404656795475228,0.28416416123373567,0
9.746913023691171,83.73365050960162,94.37166374321508,55.21947940692863,100.0,88.76358563581812,62.491304317196544,48.89660297829457,3.0,65.81002623055583,0.0,2.0,45.853386998470754,0.4942320930423154,0.13693850053199313,0.4955851927409826,0.5,0.9,13.0,52.39798933828072,0.39183697243197363,0.3079801123024536,1
9.302404387852611,61.24547632085411,60.48019710922583,90.17086446197277,95.31824586006644,72.04732206857551,44.703977483342456,81.40261437126794,1.0,56.07130564513797,0.0,5.0,76.91120662258152,0.557478948150155,0.4234069232204864,0.5273769249725423,0.92,0.82,11.0,97.76985141952625,0.40313098266163516,0.5392919228449293,1
8.101794449162846,73.38277146618438,80.73299804052606,85.46663844744522,54.31322278651241,61.94273212267603,59.94946942129286,84.07111158712797,3.0,60.77360289618909,0.0,1.0,62.33194263460032,0.80651527863836,0.18926031890219708,0.2947214862026933,0.95,0.9,12.0,86.97353560377965,0.2934917763380863,0.4753032528875241,1
8.363211538825935,76.16751995776768,56.644556512243,65.05257255118546,52.59077178092136,61.543755015375524,97.71554172536415,65.73820084962928,2.0,34.92771614300311,0.0,0.0,47.05807632105372,0.30517444282039907,0.5925143136439986,0.6616207276228917,0.95,0.88,27.0,70.89524203614195,0.6774388357820099,0.5348389520456266,1
6.6717365751690805,65.07173495150093,45.393248215482686,43.54309219267545,45.60295332406983,44.144139422584935,86.53192744782065,37.69863664898113,3.0,70.54814136885032,0.0,3.0,67.74869658388882,0.5147262586370022,0.29858752629192237,0.1305120545948091,0.9,0.82,18.0,35.858859668536574,0.26742010904659536,0.28806589022983636,0
9.153049658474664,59.51515264493239,80.66301786039327,66.8866027146565,77.51241948356098,65.25980044553005,69.82285046601594,51.01329081525013,4.0,62.126925323030726,0.0,1.0,47.964831361004784,0.6857171568231631,0.23924683049199255,0.6649703924690289,0.75,0.75,29.0,56.30533270651617,0.5381270520034465,0.18311939641197766,1
8.593482915104907,50.84642630574779,74.28800912435908,59.0680201609613,80.81804892236894,47.691451104950005,55.71360830654964,35.05134155723757,5.0,60.90572427202304,0.0,1.0,69.41326321915226,0.6111153466458097,0.18806309700604032,0.19358591323065064,0.5,0.7,9.0,17.512471479271596,0.10783662068185931,0.05817704505459577,0
9.799108280274508,100.0,100.0,100.0,100.0,100.0,88.03703378994658,68.33182228058335,8.0,95.64812337215055,1.0,4.0,74.45431459565198,0.6427427452051342,0.3720233268256528,0.7916126602320747,0.95,0.88,31.0,74.80249840486462,0.8785182191977589,0.9054092732590042,1
6.343674762539704,49.57792025926497,69.73324284746697,58.80024428546623,55.3770546708625,47.7225890678112,53.29285809488355,72.81190265019443,5.0,63.10163342209711,1.0,2.0,79.39303192144115,0.9163363288436122,0.22999241384416538,0.3476141534864654,0.9,0.9,5.0,73.73001802713227,0.49722651510829247,0.544867639092743,1
6.3929312773456966,14.980475630251988,57.753865891864834,69.496148087789,75.21315598010297,27.042989244191546,31.449541698384103,59.37921734053391,8.0,72.2683995229944,1.0,5.0,76.82149525356506,0.690368681973172,0.5851267241989029,0.4999988282993722,0.92,0.7,32.0,57.85901322017614,0.5660697363126181,0.2357980201004754,0
8.4083251376632,75.55781716690157,56.58449144559821,76.13369209642845,77.0846707825862,84.50482118660314,62.97752627708296,62.37451145301948,5.0,39.11470834875996,0.0,1.0,54.120583446873106,0.7727220765943268,0.14255936804801242,0.8124921694362071,0.9,0.9,37.0,50.79061994141922,0.7742138701998552,0.5226299204860528,1
6.090274724537309,22.644684079691288,63.26248747520263,26.82333644217489,76.21035413305944,48.340756551261435,33.38814484094825,42.72852677413016,7.0,82.20785843113315,1.0,3.0,94.80855799406294,0.6911385066338618,0.4948265370937544,0.4273181908529774,0.95,0.85,7.0,54.253966558349,0.5221270878535734,0.3515463583636647,1
8.04797871180391,56.6860992718281,83.14528607778233,40.24429877457577,72.5279360834634,64.37331364939055,62.9404853585937,74.2778817616409,2.0,45.43326020558004,0.0,2.0,32.98282281856645,0.7105858359781938,0.13229762638739534,0.2743010316650735,0.5,0.85,15.0,83.71917539607382,0.36095156707021964,0.1475407854345555,0
9.221132578392298,93.01093790064306,77.13023619370682,63.088129432960066,83.21067908692099,100.0,50.371953697260544,66.03960276752026,7.0,74.54856124721647,0.0,3.0,80.97859890349912,0.6617251656079175,0.07817827444097178,0.40418555984400073,0.9,0.8,28.0,64.81084317823384,0.4453352160031236,0.464618561395478,1
8.765947389594384,54.65288283219883,78.4203278359581,51.93561861239425,76.66851861973392,56.20441321938266,72.83832985996796,51.398400914203314,5.0,44.374956716033225,1.0,5.0,46.451510899665536,0.7001540275744809,0.3299696423981504,0.664492000774507,0.75,0.9,20.0,50.38377790970905,0.5664007892709229,0.2517973998691278,1
8.990312634508125,61.22222311587173,83.24484803811049,68.17464919851783,68.81268162893802,78.635459861717,47.88525871709916,28.15376996073105,1.0,44.42819084339291,0.0,1.0,82.27264127076823,0.781679880011393,0.050185203006624234,0.2455087348147243,0.9,0.8,2.0,47.75291015070406,0.10783662068185931,0.027987554268605778,1
7.76987827335757,64.97927831630173,60.18902312902574,71.79219415090145,51.683496736936284,70.74721935436364,59.72510402595489,73.99260335211436,2.0,49.279106624886325,1.0,4.0,69.41326321915226,0.36784734725061313,0.4215361553033576,0.4549288908047061,0.92,0.85,21.0,69.49243021474548,0.40653083109385324,0.385868951811991,1
6.805427522106062,53.68516659319346,47.5662578019881,59.77596484975159,64.98746891206011,77.99754842449616,54.66238121915444,71.67207428127836,5.0,30.39696555642148,0.0,0.0,66.49320325373677,0.5565223308335878,0.1888905592021738,0.5222768911957235,0.75,0.7,18.0,78.03912305681165,0.5813152252388222,0.25643086357771705,1
6.44025555247402,58.42103114638031,40.84331443462531,66.9225749340647,34.92639334253128,50.4180328908169,74.50090889196579,54.312722251498485,0.0,45.59755684758263,0.0,0.0,89.96957995107209,0.7001540275744809,0.21115960153933158,0.399529053917558,0.65,0.85,36.0,53.48332406526107,0.572114841760336,0.24718008303897723,1
8.95171817463043,71.01953778720438,70.22334644275217,78.8302230828629,50.49852551280537,66.83309550649453,58.4886143512841,46.764671262696424,1.0,53.82009609926263,0.0,5.0,48.102522080629704,0.5369525178714469,0.1789357005595144,0.34991560021233925,0.75,0.7,24.0,72.97815464075778,0.2574781757637701,0.2788273764946769,1
7.474984571396647,65.81084811507074,45.68793209928862,54.8408578326153,93.67086531964195,84.78280406264231,38.39942639186944,80.8336371119707,1.0,54.553653454821436,0.0,4.0,58.52192511320902,0.6810044845015298,0.0692901842230392,0.693227836763687,0.9,0.65,20.0,68.04250071402463,0.43652189867977587,0.1995472677077582,1
9.047698345039656,79.75113286203282,67.34824048236611,73.64209547133157,58.71045968185094,100.0,73.76450047517405,64.74481501308588,6.0,76.09199211667746,0.0,3.0,79.1441300079432,0.4861303323787146,0.3034355431827376,0.9259114668602697,0.65,0.9,29.0,56.4610924977993,0.8825089924981084,0.5581842130717963,1
8.754303924538117,66.3811804952097,61.16412483739234,72.8720987806136,52.37595008341119,80.59190504893826,68.85281172949914,68.40622027390894,0.0,46.94588209186408,0.0,5.0,67.67950178706312,0.5144524013389196,0.25140258278431,0.44631524564465636,0.9,0.7,20.0,75.75890740438278,0.6615533706177991,0.3526890268841423,1
6.564068161696221,50.19661767621835,66.54411311188788,54.785132683703125,52.37595008341119,56.00920256130745,50.56533457324315,51.6663937832769,1.0,48.07006772548694,0.0,1.0,31.472912826644276,0.7498233049556227,0.08134270200903047,0.2596351291733019,0.75,0.85,13.0,67.97351399410533,0.44112860926260244,0.1984102552249791,0
6.15351706960022,59.34881035637797,47.30029001144456,33.529723985951236,57.14839285581125,73.07142691763431,49.7463706435518,50.36727906728068,0.0,47.33174918740289,0.0,0.0,33.145392089198936,0.6480379060141687,0.03912201925474802,0.5203062805028467,0.92,0.75,38.0,49.19756689976472,0.6571548733566733,0.17962249676389536,0
8.772805692974037,54.689594381522255,84.4722237828162,99.98733057490998,42.290932874618655,34.2607431684486,70.39452511534282,62.63401794978758,4.0,46.59744890195361,1.0,2.0,70.4546847764925,0.4855132547723383,0.5529221144942142,0.4733497211461183,0.9,0.88,15.0,53.60567052978063,0.2830112022642661,0.24936161297897136,1
7.532746732346688,51.48747200200386,68.95826338254997,44.09339895269997,49.88616004610196,51.39043014333777,67.37815784185645,50.82045018129418,0.0,41.1547274231776,0.0,5.0,51.44277555863945,0.5577140000891894,0.2693964659894962,0.33979288488499293,0.9,0.8,19.0,62.43857136223838,0.3141950223955937,0.13201712753510705,0
7.919582900463245,56.27550619147275,61.75872318100207,63.94965528224677,72.55793694887974,75.7563777500575,58.96281509453861,58.81065239008922,1.0,35.561243397143,0.0,3.0,82.18824984632238,0.872648908132519,0.12770335505823907,0.38021729549094135,0.95,0.88,12.0,69.13198510034097,0.2267227606308531,0.06732508241429992,1
8.402369500436478,40.67567641407817,65.41217021024023,75.53952459227345,96.09257016424212,67.71790426213963,39.03119770377545,73.80733596225096,2.0,6.310538342609306,1.0,0.0,10.109971466245604,0.401360519937778,0.2416046843578085,0.5061745725578117,0.95,0.82,16.0,47.00087700364498,0.3767868072833437,0.09625163266056334,1
7.245669338637147,69.11257074257105,64.7496011891612,55.28532662169582,70.43976329108507,64.83824184678097,48.41313140245009,73.14773271708098,3.0,46.676314931321116,0.0,2.0,96.12023979877964,0.4175621204247382,0.35852946601934266,0.47834874633079727,0.92,0.75,30.0,61.980795732894585,0.5522388087724551,0.6053969965593464,1
8.402949192911946,81.46610845331358,52.497567028093904,81.04655790316924,75.50740650326291,87.03639301992574,62.091547565780104,59.94945149517274,7.0,69.89652669737049,0.0,4.0,59.869886718612996,0.7352923962461276,0.17802958144517037,0.685572156180983,0.92,0.88,32.0,71.61167945503891,0.8427981038334634,0.773062288630442,1
9.780296592752512,100.0,78.52348207910703,83.74439214695643,82.0593105496262,100.0,90.01287720517553,75.5405948952337,8.0,47.44863649204052,1.0,4.0,68.36741437370901,0.5387232609392332,0.15943336823938617,0.6486585229027103,0.95,0.9,17.0,82.91111549993101,0.8171175971358039,0.8450062157110487,1
8.649998510425583,48.4874371429251,83.81062394245507,81.93729685975005,63.681080689798286,70.124007538314,71.54145626519897,81.19373187861628,6.0,90.33126388990891,0.0,5.0,88.73671322217223,0.9378029259886993,0.3527281908663584,0.8849816584454065,0.95,0.9,37.0,82.07712096460732,0.889952071160926,0.25885981652152734,1
8.17534014586404,87.5793668852561,69.17705117265518,48.85147953200996,66.70623232707423,49.8195715057645,100.0,60.32914302448265,7.0,67.28925164908883,1.0,5.0,42.49456854140758,0.8956124814355706,0.2570312167306267,0.6480942959934232,0.92,0.9,32.0,65.45539839008853,0.7943992572520635,0.7590100950952297,1
8.809839580210738,76.27124813331824,62.84406992693218,67.70297593213988,84.42583451299129,96.80086736638069,73.4468679484443,92.32116323417503,7.0,89.77105466866126,1.0,2.0,69.91614836262623,0.6931669374162754,0.29855061026662794,0.7473449456605713,0.92,0.85,27.0,84.11711069515074,0.775289810140835,0.58240086675798,1
8.037058536601023,51.04068365338356,65.91632280942349,68.69958734871233,75.71406214325982,52.95443383790643,50.356045664892186,39.76961000092675,4.0,57.067664116012814,0.0,1.0,28.501262412979337,0.31587561863872304,0.4085440107039046,0.2286538322349737,0.92,0.88,1.0,43.972531551433356,0.4190097774122001,0.4631965592472134,0
8.163005791636571,78.08837742683822,64.46930010780515,42.78585118416228,73.83549039933108,71.83681408569444,82.07483474432647,89.88809716235055,1.0,34.44793684554942,1.0,5.0,98.50053935550457,0.6705961538406534,0.2875369246785919,0.3927390140669303,0.9,0.85,23.0,84.57476847448504,0.5389931399760812,0.42561124998801164,1
7.724808151889939,49.65907413755128,62.991667827328065,79.29813671375103,70.13871290826691,52.616427993596744,66.65661333458262,80.293265640069,8.0,97.17408723412916,1.0,5.0,66.06329508116362,0.8859821336930014,0.3710271146335294,0.5532906829803066,0.75,0.82,33.0,90.08538305875389,0.6598821955195329,0.3809997622598366,1
9.382073937047243,80.30558686828141,89.59914708650993,63.54910648627423,54.951386087436575,73.02208155870069,94.51441938581556,80.520121146371,1.0,31.478698221679913,0.0,0.0,49.95812357549108,0.5840548138286079,0.1277397719794105,0.4556686132546057,0.95,0.85,16.0,69.12599979564527,0.24374115069722535,0.02559905240727338,1
7.495795735961708,72.51504332034122,46.85069764978333,74.58542313864403,65.72807123166224,73.18847605868724,63.117393213297966,84.2987308990638,7.0,87.56590773903594,1.0,5.0,72.92119157690249,0.6807506170263498,0.3142406373921101,0.5076670660099751,0.95,0.75,21.0,74.13276220806586,0.6958504569665976,0.7369074237745187,1
7.804531978607676,31.280528485982998,94.77691702948835,53.865633805599344,85.18020109860448,33.51176213935163,43.91136386807307,69.44963248528256,0.0,47.06265810545966,0.0,5.0,98.21164161065477,0.9288904755331779,0.5259337611956877,0.36555562299585703,0.92,0.75,27.0,71.84044041569068,0.5784978081827592,0.686807811060698,0
8.02116714711506,64.07236461514057,90.98941838589693,44.146134241343745,54.49891891101202,32.49187485617976,92.5754122488234,69.89311376955601,6.0,59.056913967589736,0.0,1.0,63.0407572601079,0.38182049672440094,0.5501154008031459,0.6239262801503884,0.75,0.82,0.0,74.2842765805877,0.4199348883004302,0.3908022146696623,0
7.5281246846335055,14.295976148632832,72.8479639528806,73.29459140055462,87.61886705368592,35.25114499754137,38.54019209662538,57.275056909213504,8.0,84.64441931586526,1.0,5.0,43.28412449239495,0.4148346883157571,0.729608894314954,0.27047954583316225,0.95,0.82,18.0,60.675803912762746,0.556403688039416,0.3182977190723899,0
7.318105257232381,50.30713322729304,50.79100262807805,64.47506704352004,44.3391803915071,77.6715842503346,53.017243347473475,36.987740648633526,1.0,51.33643927584403,0.0,5.0,47.29360674560337,0.3620813977380773,0.2624550471458064,0.4469587395032226,0.95,0.85,8.0,28.921948411059667,0.49147425941426953,0.2111264034050511,0
7.7075737081463975,68.47480698027393,89.66375594603569,82.80720367507621,45.302361065061454,41.85191226842528,56.19188489283795,59.92657108485792,3.0,55.59312081416714,0.0,0.0,66.05389907125182,0.48734595522402013,0.37193328040022444,0.7867051577820676,0.65,0.82,26.0,50.735719892145354,0.8125684077039537,0.8002460787103898,1
9.04563088126578,80.68921872170874,94.7284433879739,72.60803733043012,65.34891402887922,52.257579684776175,88.01869878978488,81.30504562529993,4.0,92.45416973766612,1.0,3.0,85.2477169615071,0.8971227552045034,0.3723380641811772,0.5660149153689571,0.95,0.75,31.0,91.16906683586879,0.6124556235702162,0.6866762903608178,1
7.882924915188751,47.16564701588942,83.20845251154134,82.86612249858571,48.14570853553312,61.66514116241065,53.615731370429806,59.66991552982924,8.0,65.38827158331215,0.0,2.0,61.47575751320255,0.5323505995900881,0.41027827129065236,0.3724300159165477,0.92,0.88,10.0,60.178530706122174,0.6183064613573958,0.42696318365731734,0
7.099832888530647,31.99835720617573,53.27041541576523,68.90496361570828,64.76518318335292,45.541701790169355,69.85913317809599,64.76609450385021,0.0,31.06413526447276,0.0,0.0,44.99879180224522,0.6990677157127234,0.343821105394844,0.31833896244795834,0.75,0.9,2.0,60.53270765583596,0.31522914957520154,0.10048223711534024,0
6.733495720249609,40.62818403687906,73.05060787634459,86.97208226624758,34.92639334253128,41.02425083661579,72.01206755595972,67.3449336823098,6.0,71.04770309861009,1.0,1.0,90.66813634339086,0.7234132254352855,0.6423082953925204,0.8698004724897423,0.75,0.88,40.0,78.72889696172341,0.9639775725450278,0.6027580771637835,1
8.537826803622348,53.50652634101445,73.90123707770785,57.34660178413823,91.58830120519133,42.39823372642475,71.21831929299792,69.90541031195418,8.0,65.33749893639924,1.0,3.0,63.17142322576364,0.34566515400496206,0.7449591577137454,0.397486474126041,0.65,0.88,8.0,46.119339824188756,0.4943037716572784,0.7014607438080592,1
7.667522466847405,54.63981637624179,67.87736289615016,35.174367485565696,100.0,59.11690001963992,64.10377712506401,87.02316042940937,2.0,34.83994996850966,1.0,1.0,59.67922722305175,0.5577140000891894,0.3096178529755451,0.5805372720607872,0.92,0.9,20.0,70.59438563583905,0.5412217995639016,0.12680940238539012,1
6.454755712286598,21.73534102293162,91.34024490424966,70.30782376088864,33.727212678676665,33.10713519235698,39.472711609894745,48.46835807199613,2.0,48.16950364803011,0.0,4.0,42.49456854140758,0.4861303323787146,0.6523436517672162,0.6889537163552191,0.95,0.9,32.0,66.17618116402697,0.8848252962058697,0.666934493288893,0
6.804734221171979,60.727119348959675,54.422374148846366,53.82169286603069,48.4543913679945,59.707497924783794,55.84011680388616,35.07084432039447,0.0,0.0,0.0,0.0,53.60540510743226,0.338919360382429,0.21319550950283472,0.48842893300286566,0.75,0.82,18.0,42.048904101718975,0.5685757102856098,0.3670218171569369,0
6.491578653141443,16.294257485078056,56.74437037510282,57.54922725947742,67.65315119480887,36.72002444142243,39.50236077564702,51.58462599852958,4.0,46.072489733155805,0.0,2.0,59.901471153455894,0.31300861799881896,0.7128599699878639,0.3204552029722054,0.92,0.8,14.0,60.89224179530077,0.3019307224338641,0.17263831227293133,0
6.583396983807533,61.44661101931047,40.670626556478794,43.47367578627696,62.889785553186826,78.24205126013804,55.69832802706619,44.24738840898801,5.0,44.54624630576875,0.0,2.0,39.14746347713951,0.6587134247956675,0.03719708580125012,0.2481210035362631,0.9,0.9,0.0,41.118906308466954,0.07552067630488633,0.04500533756093206,0
6.893369044146506,54.33045973584082,78.6520452931481,62.42335550726261,42.30507109739382,65.96554275457403,49.386513984751225,48.3791896870268,4.0,64.4442772566677,1.0,5.0,78.65447253321501,0.47563710596697906,0.46417863555020583,0.8572761704952939,0.95,0.9,37.0,51.15103559383919,0.6819235007552463,0.40098657898926215,1
9.013418920046597,87.61571269120915,73.10933042736815,74.08646901591253,72.29233897778765,79.87903555421649,65.33187838462459,48.92585776960908,4.0,45.07836005110303,0.0,4.0,97.63466428742132,0.863157096189751,0.18521489290199086,0.5772897204674072,0.92,0.88,18.0,58.04162921570373,0.7471495114600673,0.8559487188665947,1
8.446687456306526,62.381575583222585,68.15862808293613,71.73406431475792,77.60116710009413,69.72923049916031,66.13592181227102,43.523118431327504,3.0,47.710196771691585,0.0,2.0,81.59116520065359,0.8083343116743844,0.266098800271969,0.8785902936152832,0.92,0.7,39.0,65.02524876300414,0.8785182191977589,0.4445602724184316,1
7.510595093308973,70.19537189149837,65.28164841812138,65.72892513781753,48.55238150112401,73.9814454957409,58.182538850596956,56.093639451163256,1.0,31.291137838135448,0.0,0.0,38.597440661066074,0.5696869869876806,0.06820760408915752,0.5449254326552546,0.75,0.65,27.0,62.174159535077564,0.6860462624227018,0.4073206651626913,1
7.338057800917028,67.99656557735199,48.31341721699215,41.05588435529761,74.54029263959083,59.41299052987842,83.04763031814733,53.9594667199122,1.0,46.69842591126667,0.0,2.0,41.6150146438726,0.7587266711749303,0.10551687479302063,0.6649703924690289,0.5,0.88,29.0,49.99332471671346,0.5898878638432,0.19638084522484817,1
6.140488763364462,36.52699807731475,63.32378136643172,43.301021025106735,43.45933792975708,61.482232585265166,36.774929953670934,80.09112025200984,2.0,64.02173278760638,0.0,3.0,45.27366087149211,0.5803276537066933,0.2371405840411245,0.48850929124699577,0.5,0.9,22.0,78.04484565610436,0.5256165785566669,0.24084611802122252,0
8.875267824183139,80.05770565311951,68.01570779123806,69.14671796720131,58.52772696564361,49.36839405200396,86.97334572447221,36.915312859586905,0.0,24.641126253290302,1.0,0.0,58.53904503355098,0.3179219835209167,0.47564596338834714,0.5806291022534221,0.65,0.8,14.0,49.35625881721241,0.662435776431607,0.6964076360235862,1
7.650527143256124,38.04420945295717,58.573435982268,56.20820515902459,67.74601515771833,44.79811670600057,64.06305287542396,47.69683132589838,0.0,38.98159328206458,0.0,2.0,40.09321084845302,0.3335108491138703,0.46966935926832837,0.4624871530096999,0.75,0.8,14.0,43.45619641964222,0.4453352160031236,0.13591426827373287,0
8.803630713204218,87.26246692581508,63.67077681845759,72.33176763657377,57.71481057098766,91.1409952135514,87.13377229255573,88.0171927491387,6.0,76.73925406996834,1.0,4.0,77.58372466858421,0.6171166451670789,0.24170199058703173,0.7175400938691358,0.9,0.85,33.0,100.0,0.7024666759439355,0.3193010144615545,1
6.42023596178522,47.02829886326943,55.785686703900765,40.325086311578055,61.526246198887335,34.87617805377434,56.792510842276066,67.05730909218508,0.0,27.097197381523443,0.0,5.0,79.28173330294992,0.7225286094198552,0.269200471061334,0.23255272369193047,0.75,0.9,6.0,54.455404482248134,0.16809611997202412,0.17751789397879064,0
7.005382255720795,56.697762416090995,60.18902312902574,50.67230543234081,59.459800847487486,64.84781022387224,61.9488417817529,76.62516623814881,2.0,50.4514269940541,0.0,2.0,34.33415429004667,0.5879919140951807,0.2365335441182327,0.6239262801503884,0.75,0.88,5.0,77.95700947728518,0.5093818516747921,0.46154319660867954,0
7.495795735961708,54.00977054446239,69.81556909495362,61.59457903318928,55.3770546708625,57.80104222828604,47.35477993765682,60.62271914553585,5.0,60.79330624228758,0.0,4.0,57.01716649447311,0.3911412587999929,0.40042151333855386,0.516007964082313,0.9,0.75,2.0,39.14532075007047,0.5201085503625,0.6405766233637331,0
7.76254681975893,44.24767801070124,57.5501013124183,46.44016896490813,65.17836776599914,50.88693000741715,68.99319812101776,59.94945149517274,0.0,6.310538342609306,0.0,4.0,12.137792872566045,0.4357363404921579,0.254021111411661,0.5465393977231695,0.75,0.65,12.0,50.897781053181546,0.44455638472858683,0.12391287594692994,0
8.354933679642633,81.71940340692457,69.55185747340546,63.585089976923555,66.26367885461187,69.15735787079879,54.89043112263479,41.27965108010682,1.0,46.072489733155805,0.0,1.0,62.18080461153029,0.6000055934873462,0.10275584360323038,0.3221053879216579,0.5,0.9,11.0,35.87932731528707,0.3740882671728301,0.6205717848346607,1
9.385011465338394,77.61995936947126,73.06515528057042,79.80479302351321,85.70555222480608,67.21101243023722,77.93028848641835,50.17913493886506,7.0,67.47022659256183,1.0,5.0,60.60371280487837,0.8223042012338055,0.26797188571004565,0.5142217747280977,0.9,0.9,18.0,52.509882884865036,0.6330163098280154,0.646175147026303,1
7.194912628627965,45.86398718976311,68.15430091006213,71.25364833949693,62.54497328761631,46.88142407136438,45.85872642730078,44.398240373504784,4.0,61.169808491368414,0.0,1.0,35.01357579840317,0.4686517339399011,0.3302686071645984,0.32491955882535845,0.92,0.7,6.0,53.13039523819163,0.50764852919888,0.5447487139484763,0
8.273037944154945,67.89943645913509,84.48151433544459,62.04383407157907,55.84695325417539,73.63538084179619,47.10187660823977,37.77928678057681,6.0,47.71065559773802,0.0,3.0,54.611555412183385,0.7448655023037082,0.0692901842230392,0.6120013556437444,0.75,0.82,17.0,34.20919615122546,0.5092230983851004,0.2977212118952072,1
7.741829906413749,49.50722017056245,87.36337178959113,62.998420466691485,32.42567451664061,60.25627975142165,67.2857885546855,33.02612503082978,2.0,62.945093600674895,0.0,2.0,41.80404621990591,0.43670269242869353,0.31015762543434233,0.26400000047520444,0.65,0.9,8.0,51.58241846685571,0.424720017150438,0.17317547329419916,0
7.741829906413749,66.44784616694757,91.20689419314152,55.133805761208535,35.217317165148316,54.617149590200206,64.47435980855218,51.447814744899276,0.0,27.5125207627203,0.0,4.0,43.537363058699455,0.7161051293881211,0.14713750913298873,0.570827303282941,0.5,0.75,13.0,80.73161277666742,0.7330916138518873,0.6286041138192072,1
7.695750080412976,91.05405061444077,52.54226746418593,51.72043556832361,73.4810639303826,86.09241553026195,69.70816378451472,57.16482450520055,6.0,17.663778267706,1.0,0.0,82.27264127076823,0.8421220617000562,0.04467345143855296,0.720726244220713,0.95,0.65,16.0,52.22407671939486,0.36381083033983186,0.33657253516785435,1
7.463340085181343,45.713464942140405,73.33064316005145,68.37777189793808,59.588275183804356,46.23810626870967,54.37385026799884,80.4075416928761,0.0,77.9160574409091,1.0,3.0,65.77501808121929,0.47174658277376413,0.4858459627594861,0.34375182283505124,0.75,0.88,4.0,69.85379888761952,0.3545537546416257,0.38200621959493636,1
9.264134870119314,61.783461441818964,95.18050836618178,75.48568162318406,81.96784028122948,77.3544283145166,41.184728658993336,69.96084357884595,4.0,88.55910819847448,0.0,5.0,46.01489620408293,0.9163363288436122,0.102239088833091,0.3557573085166273,0.95,0.88,10.0,57.799169324122474,0.25590083040472883,0.2896230855758589,1
6.379477413210772,65.3489511857394,67.35289483895836,31.54267450981395,64.1271539892938,59.9243573905418,49.89477875419014,65.07870756455868,3.0,22.396635818359634,0.0,0.0,24.97247365556649,0.41258380928043836,0.12758012232324423,0.2537478974652397,0.9,0.85,18.0,62.85020353060503,0.5231464902374715,0.4972917162640773,0
6.2208122305415,71.18249688104194,63.98731217127113,35.86167064179985,29.21669149467558,78.1709325017173,48.14209893832241,41.364406173611044,2.0,64.44678982513962,0.0,5.0,56.91242348853849,0.6846736901440167,0.059873881780753826,0.4086586869159764,0.9,0.85,38.0,38.73785347524485,0.75813467240648,0.5397371483006499,1
9.746913023691171,88.04705652855984,82.82426604653988,71.89893001662767,77.42401047141614,87.17807262681954,88.01869878978488,58.85191627120768,6.0,48.331092739716816,1.0,5.0,36.54282073209506,0.5818277712370589,0.2658101231406705,0.6163172060184938,0.9,0.88,19.0,68.52872150786995,0.5801012988872765,0.5589345064818859,1
7.730338061485252,67.54715159705148,62.14692058750204,64.77992992625231,51.696102528815786,85.22507004504328,61.35003638964153,61.37473471523926,7.0,87.48911044625169,1.0,3.0,68.19128470942942,0.6178969514644495,0.16564445079932766,0.27190731652037153,0.92,0.7,12.0,46.04049348181768,0.35899440471714344,0.2552900398182604,1
6.561576815660328,25.735139343198533,96.81351233129031,32.66816217853732,66.7872688885206,31.17954677969321,23.840258375662934,52.436349565010744,8.0,47.63531032577464,1.0,5.0,36.74418210120193,0.318871626446012,0.6523436517672162,0.704400123180062,0.5,0.88,31.0,49.16340593767248,0.7726133144649117,0.47925807864388315,0
8.004338994275724,87.31907960571161,59.22223885210001,60.83285945967143,68.44469513636771,68.4863613522503,91.28691108770535,59.10057254165186,7.0,66.89261776270547,1.0,5.0,82.93324933222098,0.8771166217640016,0.22568424428745854,0.8962012093125699,0.95,0.88,40.0,57.51702405113653,0.9302703322549684,0.6266987963052301,1
7.447880659166634,33.20091198648179,65.00495301240716,76.30380409275418,60.405560880272326,47.162570063010634,44.344516465921686,57.06604291697329,4.0,70.93052706795356,0.0,3.0,61.80002219641559,0.39805634371725745,0.5507280211480939,0.49731082776805036,0.5,0.7,13.0,47.46965566885741,0.7046168278390651,0.5047157658445747,0
9.331376927256471,58.906541618234044,94.52637992770768,88.51606300776027,45.2394879734097,63.70995484690272,86.2566101001176,69.78124693913355,8.0,76.73925406996834,1.0,5.0,72.48436684793394,0.7841250948639238,0.5286059896055578,0.4560199205821405,0.95,0.88,36.0,84.91505282444398,0.4727593051011347,0.20454372678895136,1
6.998911062207174,76.71880891273241,42.095517716353015,64.30325489016171,39.49903333281168,92.6154576159538,69.32617735834208,51.721761196455205,8.0,56.47587624961482,1.0,0.0,61.74519850961345,0.38061718778374026,0.1285652333728532,0.24307291552813773,0.65,0.8,26.0,57.81673570731078,0.4280705209243373,0.21527272187845858,1
9.721053608087663,46.14707742719405,100.0,91.12319336746417,79.48202772652779,52.132492186823626,77.15098088882002,80.93109233296165,8.0,90.91302396670307,0.0,4.0,56.79634921033128,0.5627742365905276,0.7115637437312734,0.7299891447041765,0.9,0.88,24.0,96.70032224247095,0.41333693054431536,0.18070734408307584,1
8.278842355520764,81.62849584049418,58.01071406361062,62.766241624547526,62.48300098007666,65.79993875535992,78.17246998749923,47.69683132589838,7.0,62.776923099671514,0.0,5.0,92.45745173294961,0.9209148168635666,0.09867276466125999,0.5764609927268776,0.95,0.65,12.0,43.68255057502413,0.38284543061249166,0.35928498890920485,1
7.977045436014163,54.38754339519495,69.04937884117062,82.21877848455337,26.41708982630501,65.99043238053109,64.86366155561934,45.6000879217189,0.0,43.10917285124424,0.0,3.0,39.41161100525868,0.3223299044484104,0.36203336507128475,0.5486990965254662,0.75,0.9,39.0,33.768502298738014,0.8840858260227816,0.31110583677354253,1
7.597450731720054,79.41590748784043,57.600436591993635,57.007280605101805,56.485740232020106,82.06692230151327,82.94183535161919,67.29972214878947,8.0,76.96056994318386,0.0,4.0,71.94787473871617,0.9268534637970056,0.10708045567191775,0.701710848163608,0.75,0.8,32.0,61.479465807322086,0.8647895464678497,0.6439484886557545,1
6.421118924855076,47.99377084650935,58.471489533165055,46.66499890655846,40.609102438768105,45.640894801738014,66.52260758766306,50.223235819987366,3.0,32.80549188406802,0.0,3.0,35.724265677134,0.4395114050056509,0.266098800271969,0.6310190394941214,0.95,0.82,14.0,47.779965374561534,0.3437992315348969,0.07045100981720982,0
7.957217091080516,62.129727086774665,66.0526974249117,60.98417887058622,67.83474945288575,53.58899121134216,65.18694616870881,59.373916429030366,3.0,48.2826613030914,1.0,3.0,51.294562488754224,0.5875272847474768,0.32655179220093766,0.30252001914744986,0.9,0.75,3.0,56.85332750680273,0.39561424498861436,0.6500908188508486,1
9.297408024348844,67.72397649945286,73.82937911216676,87.09009760559158,75.8174212678054,61.53419909218473,62.34044076485885,79.65779731451326,4.0,80.90146474769529,0.0,5.0,38.68543928269039,0.35985701443342266,0.46417863555020583,0.7859315739784347,0.9,0.88,39.0,74.61490485629714,0.5652858963920776,0.2639691236537929,1
9.53112052722337,81.96963540545703,93.66652340544306,67.5426445733716,81.50030279308592,85.55157118861669,67.66977925696328,48.27420230764706,7.0,73.69879484259009,0.0,3.0,73.50432034008321,0.9027200571590945,0.1082519262103053,0.6392433468718379,0.9,0.82,26.0,53.123885715181814,0.6937109936989253,0.5520403469297582,1
8.718547092540046,73.98499576052089,75.35552899102824,83.2892094160905,74.1983073777093,74.00562800901697,73.44087523861656,92.80036981306486,7.0,65.71398298604733,1.0,2.0,73.02804500422633,0.782630840777424,0.34098235146332523,0.6954842367538648,0.95,0.85,40.0,100.0,0.8999409979847941,0.6056197259845486,1
7.606641263677815,66.83046178433341,80.19553605331433,83.2395517770068,43.54627480036727,67.97984854694673,58.4886143512841,61.86783337361004,4.0,74.6299054010157,1.0,1.0,43.942626138799525,0.44116482618877184,0.36919043019670955,0.736408460573144,0.95,0.9,36.0,48.4841358901326,0.9148335428965417,0.7475923131945048,1
7.092397470484007,42.33402313309857,72.33257527489064,44.29152080597858,74.33626240541857,48.36424980529577,62.070832330571946,31.472385271761848,4.0,67.98662224559062,0.0,1.0,69.74058631092709,0.7885015412772122,0.3078859545402913,0.6531163047279188,0.92,0.85,18.0,35.70495148267408,0.6614586547867873,0.2788273764946769,1
9.528399465217852,100.0,65.86276363420093,63.69783672828453,83.11395274377782,100.0,85.6368093789502,71.9403197132827,7.0,53.79108406980294,0.0,0.0,31.706535431414046,0.36732701799087464,0.11819490193487456,0.6737155456256257,0.92,0.85,23.0,89.01507991255026,0.4068972903815379,0.30452719449075816,1
8.39746562953609,49.57792025926497,70.55940625428622,54.9589023562266,74.83039570491293,76.75221781157691,58.81060856812306,83.07881643876581,7.0,39.068914944878806,0.0,5.0,63.49581010079874,0.3831712408499149,0.5843992257031276,0.8293301280649736,0.95,0.85,38.0,79.44377346621334,0.664418014973669,0.2363765443164688,1
7.574544333578573,87.31907960571161,56.769765372069855,55.84001318430072,45.279475269352204,90.54168261046922,88.20057239860031,77.51133050489936,6.0,56.73956220285867,0.0,4.0,63.22576521866892,0.4858488156018311,0.412462770299932,0.7808216781001176,0.95,0.88,39.0,73.92421702127051,0.9646824709970878,0.9316273348928837,1
6.711507989538298,36.269031709457565,58.29861625280643,59.32963289289826,59.88988457142114,45.43317155147149,57.55571726557343,48.04324723173107,4.0,44.31353837762733,0.0,1.0,27.548893980731123,0.4730406369500813,0.36919043019670955,0.47627648448807236,0.65,0.75,32.0,59.776106077884855,0.7040557794982175,0.360348243348431,0
8.875267824183139,70.64434074521179,90.89454799979659,85.5401919711792,69.21181814029765,79.37869050366628,52.73016859370429,73.03041009291606,8.0,67.9581962628358,1.0,1.0,70.33494888514497,0.7145935462822897,0.28199834785284533,0.6066501874630807,0.95,0.9,32.0,55.404341021667996,0.722800303566291,0.5978306569799186,1
7.41626889696559,69.60441363627008,74.29245908464573,35.434078083113334,74.54029263959083,66.27482374251808,52.1284411421749,57.92975441778614,2.0,58.675147635814035,0.0,4.0,43.7360257762184,0.4817742419843309,0.17167750738539383,0.5930812022904662,0.95,0.82,9.0,50.831993216651036,0.4812318748107934,0.45365367435751064,1
7.7264082549986375,70.68295227198415,46.82694118135723,61.51764711622881,78.52842431609528,42.57913793654468,93.11698383512922,67.4624799897553,5.0,25.444404495038366,1.0,5.0,66.54901479096634,0.765586379560532,0.41587385205796545,0.758829526611853,0.95,0.88,29.0,73.88457172406828,0.6102904888278474,0.4643443152009397,1
9.457230790766669,69.53298334190691,100.0,82.80720367507621,64.00151352638186,67.30400087445095,76.23044638195852,62.84337647424013,8.0,71.82794052762986,1.0,4.0,52.04664504929297,0.8971227552045034,0.24846865457441983,0.28163350189705766,0.95,0.9,11.0,53.416335308983754,0.16578720992975085,0.20488902798955366,1
7.446782972625152,58.95183487361542,63.66253402384082,62.54099090371996,47.23837938187279,74.39121788969751,60.2025519366665,67.30010469669838,5.0,18.76632930990528,1.0,4.0,48.22018363106856,0.5820741186403046,0.193402798359573,0.5868749827132203,0.9,0.7,18.0,78.89398961878018,0.6776111792299496,0.3298424514734253,1
7.917199700684475,37.667673330860424,92.13747453241375,76.77574567784946,48.4420302636536,59.51453286319607,49.58416070205028,52.469943106624854,6.0,53.839445084892986,0.0,1.0,76.2768848372173,0.7123009324912686,0.3666447358804683,0.6299042844142352,0.9,0.8,32.0,60.8825263957977,0.7187105535800887,0.221632730395352,1
9.043359869123368,45.48123845899533,90.49740195843216,85.77283945503648,49.11979153252473,47.36421520706361,63.42497097569636,68.90770848004347,6.0,44.832762493129295,0.0,1.0,21.661109761864623,0.3069308285592814,0.5618910294727479,0.375975636714175,0.9,0.8,4.0,64.50368099551383,0.2929020220377875,0.155797818864952,0
7.520233495312071,70.37894193499304,74.58224785042545,45.34255654541046,59.64300864582317,78.68073861289963,59.05409802873259,56.54201763240898,7.0,73.63896380545022,0.0,1.0,32.03484907104999,0.49637910328371526,0.1429371403963494,0.2912305146234949,0.95,0.8,1.0,65.96015258743111,0.3513168942983953,0.4763997237648637,0
9.047698345039656,93.09352915930582,77.80524063216978,59.85904143139388,45.16774938257236,95.50234525794895,81.81257640120407,49.71202901393945,2.0,74.43266019486158,0.0,5.0,82.44406058981735,0.7587266711749303,0.08854776813634906,0.5414008886152936,0.92,0.82,25.0,55.929552128477184,0.4659185225002715,0.26026007281628516,1
7.3580045693078056,38.98322058001631,88.36006375999709,62.89962439861782,52.88123440534686,28.7016748325251,69.71222861514727,68.32126519797806,3.0,60.30713011597016,1.0,0.0,74.90479618224936,0.40845454978609913,0.6740851775758215,0.4358547437703947,0.95,0.7,15.0,49.62886785397147,0.5530787047213904,0.33843552698998886,1
7.218719077437489,70.37894193499304,53.29068783848867,65.3805545509417,60.5599860843268,71.8314066001018,51.99678762262678,59.74014151634253,3.0,44.777902012148395,1.0,0.0,40.744200344272684,0.4420917540881204,0.16407258791331716,0.14477849667737921,0.9,0.82,11.0,50.56616733040046,0.4442349036247054,0.6651180305280946,1
7.267823481647305,67.10194584340347,67.32863538146307,54.141157409664345,67.83599773709021,97.23124009742122,35.731698047467226,69.12113775524455,5.0,74.27953171644499,0.0,4.0,64.4303175823887,0.7050047751595847,0.10536027485636738,0.6017263928122452,0.9,0.88,38.0,59.27621623594646,0.8203377491459162,0.5246046197053215,1
7.829226509594301,58.28397634861029,68.46767672996943,53.89979959123379,66.0563958319463,84.1655685608779,52.83989553300573,59.85293591326518,1.0,53.11833960857145,0.0,2.0,19.22931309168616,0.4928866917217479,0.12497870399657614,0.396861221534882,0.9,0.82,30.0,62.74559352494556,0.7187115616927205,0.32310443071063016,1
7.957506832015518,85.16316072761906,81.45791627049593,59.0680201609613,40.563827409292415,84.35791365242697,69.88440589489146,57.16482450520055,8.0,86.16955609780643,0.0,4.0,66.17030684921193,0.7872934102358575,0.10246651415800473,0.31595214655757614,0.95,0.9,5.0,56.67568390326921,0.28437930156975005,0.4048880061344552,1
9.066388052545335,69.56581093597032,66.1884713498899,68.53967267200996,77.43140611157715,72.18279811706472,63.37066170095724,58.14745216775482,0.0,41.60519735721981,0.0,2.0,54.42045134786866,0.40324262855768533,0.23846896176301258,0.3791531409507334,0.9,0.8,18.0,70.49025315035155,0.3740882671728301,0.24574233194528675,1
9.391657680221332,91.59743078420644,86.196848756982,73.4568557367733,69.79047411948264,94.20265961555238,81.46089808397707,65.13468848214451,7.0,87.25654027871168,1.0,3.0,90.29993726464045,0.7872934102358575,0.2901539196300842,0.5670088667472339,0.95,0.85,32.0,83.97239323724162,0.8648972681008477,0.8450062157110487,1
8.529601997204841,72.63991725975002,58.07414602717783,85.30920508860532,71.26105558641807,55.13300684832658,90.59597393719575,66.72382687543988,3.0,39.66060561319669,0.0,0.0,59.33369074252238,0.6738630253622243,0.3610672535504411,0.8898943063901152,0.9,0.88,40.0,90.9832830467258,0.8466709439431882,0.44594458546924937,1
9.05027890928214,77.58470605723676,54.318822347153095,68.03989720252551,89.50976895403427,70.32000272032934,68.2051774768338,51.398400914203314,4.0,60.39470448272941,0.0,1.0,50.91241230594848,0.3100920676461418,0.3874111074028041,0.45672467876462064,0.75,0.7,32.0,57.332261973773996,0.6150335776691545,0.5450036767715143,1
7.93113307615733,53.01912410068498,83.88677990312277,72.50457418793742,64.28539878360917,61.34930670180477,41.86596635601936,46.607959107889755,3.0,21.518502636895626,0.0,1.0,62.06754080583093,0.8950222194580006,0.07055287399963336,0.44488744079827136,0.65,0.88,5.0,65.85349282283005,0.24771979734506938,0.12579048106466184,1
8.65888710848085,79.85409811461071,57.38303205246925,56.56742028698215,70.24244966639232,87.57234297926291,74.99860669314589,71.9953175144361,1.0,40.857100072244705,0.0,3.0,68.20259025781023,0.7546178403877885,0.07284104839931098,0.31332807372256666,0.9,0.82,20.0,62.770834295336,0.29638178725772335,0.14798806886488824,1
8.376816996272957,75.7540592990322,50.17701966319494,70.25734946437828,85.28829160691555,75.45932684566024,67.5365616752421,38.76829871567425,5.0,78.57383549332816,0.0,3.0,61.21967568701857,0.6977517553356392,0.18125828712528433,0.665848063084283,0.95,0.88,22.0,48.35222976048396,0.5813152252388222,0.4496473393213504,1
6.103292107290823,19.984813240214507,58.421357144344675,57.46223984885282,32.75443113344261,42.23076820302671,36.743339289029066,67.52897189661566,6.0,19.89503261399222,1.0,4.0,64.43823051773148,0.43670269242869353,0.5371083030888408,0.4869854148591598,0.9,0.8,20.0,61.07826204355986,0.34581100628887046,0.14750454868810514,0
7.89693805660445,56.77881606912947,83.75800474859751,81.41098694773544,53.36912152288413,62.24608744820667,54.286610870511,46.410475235074344,3.0,44.383000611179966,1.0,0.0,66.01160102531951,0.7754510730298465,0.2248665743519614,0.8826389522472702,0.9,0.88,25.0,36.231738156146946,0.7503556097096121,0.3963061283469657,1
8.839625240729866,95.78845655596956,70.01006714251865,68.43126540697655,56.61684452185484,89.23190067931213,79.70741557143072,71.47392478836535,6.0,38.97236391913136,1.0,3.0,91.40229250914147,0.6421352316298792,0.19144359320860801,0.549429009415345,0.9,0.88,35.0,77.3469031607936,0.5412000884909419,0.44508844342034254,1
8.972402542017623,54.22198831184578,86.58758093132045,68.83453914494334,66.47726426793605,29.265322788172902,87.82695538792866,73.48167456981187,1.0,47.44863649204052,0.0,2.0,64.1578196782739,0.6684001639967306,0.5366976962809421,0.4833602603116275,0.75,0.82,1.0,73.03958379908133,0.27346903478768564,0.34549211200518076,1
6.805427522106062,77.53671329667449,61.398664841193025,32.53338049874783,55.39410142558222,53.436899683899185,79.33314658315028,54.6056422839881,5.0,52.6706468726681,1.0,3.0,23.52055748034678,0.5369525178714469,0.1355539243318025,0.3703435193014535,0.92,0.82,3.0,50.735719892145354,0.2792282542028585,0.42683269159335846,1
6.384534793662663,54.43084981813596,52.38141145531829,53.88778395088365,40.28892597472997,62.18626660751278,50.96064633355231,63.57728923173307,6.0,57.673554376364464,0.0,1.0,51.212999766032716,0.4276176642300248,0.1765251620901934,0.29759654941916047,0.9,0.82,4.0,61.56989257209165,0.15873141848309208,0.11332568285584453,0
6.962101503281086,61.04054835815922,77.76109141485841,56.59508794194536,54.07796696814912,52.06478237362256,62.76911590847747,38.121779900051216,7.0,90.25891641071243,0.0,1.0,79.19841327570673,0.6433974581640145,0.37002285488495734,0.43598753904618526,0.95,0.85,1.0,48.15832539621134,0.6342540137645081,0.7943050000259831,1
7.532746732346688,48.9345520276315,71.71335477033192,24.417119920831915,95.24852475102318,63.96826658416312,52.01764228004184,65.83572769389063,4.0,49.267573025058525,1.0,3.0,58.6545461030247,0.557478948150155,0.2638157542003032,0.37074296025323544,0.5,0.7,3.0,74.01032698604573,0.48146809257359685,0.3152043086229534,1
7.313777061898004,43.09244101972615,70.06436907810944,75.59541411050219,73.00813934319854,49.701585943417165,45.89281050341026,41.27965108010682,1.0,70.97660901208562,0.0,3.0,39.95592971740088,0.8055313125262673,0.20846474823048833,0.3028162894621276,0.92,0.9,9.0,65.40183679007659,0.3982839710563626,0.22128455311705159,0
8.886643598764302,88.38188303021626,64.4347454239208,72.03531821463419,67.06085801384036,100.0,66.33683368985402,68.53561159897546,8.0,100.0,1.0,4.0,66.38001317123624,0.47614484215470976,0.24293365709719172,0.2302731490944442,0.95,0.9,21.0,78.66133400611609,0.6524730249531783,0.6681239917380895,1
6.3332942452609196,47.08024706959512,55.97780898885463,62.90235430471525,40.89229871109779,40.16241660777135,55.16387982947663,28.67219506941465,4.0,60.50664004522322,0.0,2.0,38.30546858521171,0.4465546786480947,0.31524526820689946,0.3791531409507334,0.75,0.85,32.0,44.10128697124252,0.675832576247972,0.45671255421943463,0
9.498530261439559,81.05395069055268,84.33705775870042,73.48094713233807,43.40443385116582,98.15388109740461,80.54390745213793,46.928683183056364,8.0,72.18240335641663,0.0,3.0,47.73659328043942,0.31471836893771904,0.3379149278038919,0.5273769249725423,0.92,0.7,19.0,51.298254370474595,0.7552432660179326,0.44594458546924937,1
6.124677998091369,38.329476100320434,68.78918113867071,51.817735284779985,33.68703332280967,51.54432488371908,45.63799768334133,84.9469621011103,3.0,74.20154596742748,0.0,1.0,56.55623099626858,0.6200968060361722,0.3292927436411574,0.450129628000041,0.75,0.8,28.0,81.48544883386336,0.6598821955195329,0.44083588686817393,0
9.510723098094324,93.09352915930582,86.13823089026691,68.35492214894316,54.84989348784383,82.20902746387608,87.66528198626634,51.87023461622712,6.0,61.682444214450484,0.0,5.0,74.58959099617599,0.7754240710888641,0.2127226378515725,0.4224414292197857,0.9,0.85,29.0,65.28419931208987,0.6736616412113012,0.7130859570824138,1
8.00173827917677,59.032801131564234,75.2046172583628,74.92562184324527,61.17143350186582,66.9724827538768,52.984860615888444,83.10877279064667,3.0,5.017683208996225,1.0,5.0,53.94981658370965,0.8928576521515288,0.1443573656425468,0.7194085522081762,0.95,0.82,39.0,88.50086516985172,0.6955898956242701,0.2625249440925468,1
7.5650050731437,47.93856152935389,55.699831960407465,76.77574567784946,69.19402714885906,60.795755404671574,62.90206964349031,65.01708922925854,8.0,46.309001369766634,1.0,3.0,54.611555412183385,0.6114887499243316,0.4872393263083289,0.4439730847164308,0.92,0.82,29.0,75.87510440036779,0.6319465614262114,0.5006374177539119,1
7.286134636529839,59.58751002543142,70.49673265922343,68.76181919687389,40.154157313294924,56.97452208096998,77.81838277513707,71.48698887531637,6.0,74.29248128430054,0.0,3.0,100.0,0.8532727606319108,0.3911200699301615,0.49667237850023865,0.9,0.85,34.0,83.65535766685495,0.6630035477101043,0.4590777250857428,1
7.005382255720795,58.047308193342325,60.343387266390806,58.55856635592628,45.61779024126395,82.06692230151327,55.6780263248599,52.233881855528296,1.0,41.789629836367695,1.0,5.0,56.40917390518805,0.6399529755586073,0.12929287163964118,0.3341824319840948,0.95,0.88,17.0,56.55868584172936,0.5902577656450215,0.217800623586107,1
9.240568292601269,100.0,56.48306660402846,55.423188243834666,95.86388828796242,97.78522511743611,91.43121348541109,55.667422074011235,3.0,73.79967641333661,0.0,4.0,91.40229250914147,0.8919272970430598,0.12758012232324423,0.7882924831353932,0.95,0.9,18.0,60.53270765583596,0.9148335428965417,0.9534194362831129,1
9.534400973150472,82.81414334418241,65.32472848233647,68.53967267200996,76.14421038515842,74.92518323818733,92.15581162767333,73.25452942810314,5.0,75.96379282976365,1.0,4.0,35.01357579840317,0.4534792457169556,0.27004836041440633,0.5541952573591138,0.65,0.88,32.0,50.1473237818139,0.4474227915037151,0.21432487387261717,1
6.759220736500904,41.085796011203385,57.012439170140766,59.31253332084154,53.62385226442808,53.08342350251118,42.21312009985836,60.95097555132676,0.0,26.69686121028164,0.0,4.0,45.76524673908912,0.6788233539011046,0.15962626033641597,0.1906566202107287,0.75,0.75,10.0,59.0585759959989,0.2743564651706632,0.19970565164161844,0
8.593834864424156,61.51479494416627,64.93460845195575,60.40645106887092,90.24437443012035,48.86720675071346,81.43045502822889,62.570528301464826,3.0,41.789629836367695,0.0,1.0,52.180501227787275,0.7663663167763719,0.2732153798753804,0.4552801474222681,0.75,0.88,29.0,58.44035035001771,0.4609768825329638,0.2532842685558548,1
9.14180155131023,66.11229227118179,71.12998848445974,93.13464983188845,62.86570663729184,57.63512787735563,58.72674178027524,54.78999492652575,0.0,69.658118619234,1.0,0.0,68.07751616270058,0.311786280457282,0.5207885757881676,0.44631524564465636,0.9,0.8,0.0,28.956368358960233,0.18724426424121282,0.46522501409924183,1
8.880733412324421,63.659187935483,86.21835283930915,52.21369867154445,98.29516653283586,97.54424370997049,27.7593595533528,80.8336371119707,0.0,50.49667076766075,0.0,4.0,43.63750641444716,0.7157311730828508,0.07084915947119154,0.48741176173826567,0.92,0.7,32.0,79.97587802241802,0.7388066918681081,0.43979043280569086,1
6.995206223345995,54.77741109224317,66.94577116978475,57.106596566400455,56.64100815592349,65.99824836815706,50.816226734737235,71.9953175144361,7.0,52.17088439197776,0.0,4.0,87.72535307752726,0.8291170547344255,0.16847189702001655,0.3550587614189555,0.65,0.88,13.0,55.30544682035123,0.3566334779528192,0.20499594150426537,1
7.290996601446316,66.40890608680043,55.83055497819876,62.771883004952045,63.89342744893839,44.79811670600057,60.14539311423787,45.163415239963335,0.0,42.44799647811597,0.0,3.0,60.99317914742345,0.7314423513869361,0.13693850053199313,0.3211601557635522,0.95,0.65,14.0,55.09938011194906,0.28371919255932376,0.31990450199735937,1
7.8771651131291724,68.91801126764135,68.96703389154008,44.18248805549902,65.71458769837447,52.257579684776175,86.26439044840428,62.40145908673788,7.0,42.87475901704294,1.0,3.0,92.45745173294961,0.6210668237209938,0.3986589688930393,0.46933852299934864,0.95,0.82,19.0,51.602116668876825,0.32413038210811407,0.25748567831701397,1
7.267489720617751,50.18325007726297,46.30538968204829,49.68827093059017,91.01807780714319,34.2607431684486,88.81591240717631,59.31383177229807,6.0,77.0718755447616,0.0,3.0,49.37118054919857,0.5464187783010153,0.6015438823498491,0.6653140650708591,0.95,0.9,24.0,73.96473367315562,0.46040405159355957,0.2941442257837597,0
8.940969866823094,62.09335607586236,78.84894589735654,54.25137760036039,80.44648782234441,67.7752776511495,75.10997729815134,60.801740210422,8.0,44.78551917548296,0.0,1.0,59.43980215567869,0.41566871331458805,0.3919526916990006,0.43979045922504845,0.75,0.88,26.0,56.11182417257923,0.6578162499078216,0.27957658399406043,1
7.099416517188871,59.95962803888347,63.964542736090095,38.83476589521378,71.2230483303252,62.00310468587356,80.19937894227144,73.83581270284009,8.0,59.25702027894793,0.0,4.0,78.7670237905223,0.939418296418524,0.20467838797973253,0.69940750584635,0.92,0.75,17.0,59.35835945285318,0.8068721585686647,0.6147486526274198,1
7.734334660027013,61.10170296043917,41.991163951555066,74.91766368522453,88.94467480531716,54.86242649884096,53.29285809488355,35.54278210752386,1.0,38.83786273489372,0.0,3.0,43.00582309980497,0.5530361183369766,0.1712893313330631,0.6237490065632861,0.9,0.82,37.0,45.04228958876965,0.7008388471927878,0.28386033917634645,1
7.233645935019268,41.476276580279155,65.89886838162559,76.96707566115012,41.371350676333904,45.026018481795845,54.19560270361245,46.365492097020734,3.0,50.47033827953948,0.0,0.0,57.59658260181435,0.4725166072462768,0.3074607835388786,0.15750813108985043,0.9,0.82,2.0,32.354242439529294,0.10946015356770745,0.10506273966322657,0
6.223624441863241,26.539729424511634,61.95057030619062,73.64209547133157,58.14320694210284,43.232978779901615,12.858578945927235,23.338488214216625,2.0,74.64051478801785,0.0,2.0,61.895835612091446,0.5906148161035483,0.28276138181946797,0.2316575657870321,0.92,0.82,22.0,40.228459880000315,0.5484662177418327,0.41545180967815415,0
8.307403435877475,72.1647800578369,84.65586458536194,49.176459257912725,66.65649533614958,76.75706429932379,53.02119120971843,49.32739140132895,1.0,24.67221419019262,0.0,1.0,55.754582982859645,0.6987771898084627,0.07512081470427534,0.5416689593648348,0.75,0.75,7.0,62.174159535077564,0.5037140698014765,0.4707949106120832,1
8.350910325358008,58.47879804546161,59.75859470336902,57.074605295700884,55.72956149583798,78.00463230878195,74.5764615476609,83.80025266838666,2.0,44.73015651169867,1.0,5.0,45.70680462361781,0.38519674850237146,0.3911200699301615,0.700960391726452,0.5,0.82,26.0,70.49025315035155,0.6111524610623796,0.226389439732349,1
8.426176605506015,54.070858504736115,57.14998010701652,75.22588436853361,86.78096245068707,58.72609924873077,66.31232205247709,87.45532839727628,6.0,61.835859266594724,0.0,5.0,74.85009478996649,0.8005327078525097,0.3254255623364658,0.49731082776805036,0.92,0.7,26.0,96.66090047779977,0.48622159814537963,0.20009859831905696,1
7.913805115695777,63.60083973600714,80.049713354364,52.150957691543816,47.667350076321625,63.250646087628496,73.92186148806081,63.18289972080888,4.0,42.75800720234446,1.0,3.0,82.87442125297429,0.7315996999187666,0.26570747242214404,0.348368783739405,0.75,0.8,15.0,67.32260872110665,0.33642190189977855,0.2843935504392711,1
9.405263913209795,66.61685561198372,70.27822224933936,94.21180939003351,80.91795941440562,72.17725805245334,72.44747527894867,64.93049631714877,6.0,67.34775549115949,0.0,2.0,55.52216464198791,0.6262434680129446,0.35860324989431536,0.32463121971344405,0.95,0.9,34.0,54.85567031644129,0.6685069104802087,0.4314769923406981,1
6.43770700259419,48.9036737272149,55.15827219454093,73.96477349696166,44.81406942250844,53.53168428122278,51.38321266600511,50.30604228012044,3.0,35.21931430301,1.0,2.0,51.44277555863945,0.7188282306298149,0.22702474478688878,0.34375182283505124,0.95,0.82,5.0,64.3508065597173,0.6436651188844209,0.6129240419520955,1
8.57369211758471,56.6860992718281,96.61453955663039,63.820369936725335,50.57404050197283,73.9814454957409,59.72510402595489,88.76850089558378,8.0,62.86073476688567,0.0,3.0,25.37326578331161,0.4573555698327131,0.35859176574944795,0.5304506359522448,0.92,0.88,34.0,79.59282291089025,0.5323443987779987,0.27924276450869534,0
9.600473571170184,69.53298334190691,100.0,68.72349294526798,63.84495230705331,78.52538126628795,74.3799506970103,43.65809770783592,7.0,38.97464130844109,1.0,1.0,66.6459591208991,0.6628728289896331,0.2953989233892069,0.23661859256016124,0.92,0.75,15.0,30.450170174613685,0.6237562072832973,0.5911308277976932,1
7.487669522216521,60.63611342372316,72.97544868071891,63.11882787206528,36.9445401893664,49.855139616831266,70.05390954316853,55.74069503775093,1.0,44.32962973271248,0.0,2.0,34.72431610307141,0.47929202301712204,0.29002337826733965,0.4175261793527481,0.75,0.8,9.0,56.586899866923424,0.45954989018195436,0.49558277879025275,0
7.633836789620182,73.03479577587414,47.024121339649966,52.14877882225221,75.41549198450421,88.9515878970644,60.62600029455582,56.27244190705423,1.0,47.933502251017465,0.0,0.0,63.59346844139322,0.4014183232920193,0.17357910304764038,0.44809885499279084,0.92,0.7,28.0,59.48778670074645,0.5785601363855509,0.392552328648717,1
6.912859849366212,60.81554022070068,49.81523857562064,45.45986235471406,61.526246198887335,74.48755639630191,61.01774644410299,52.55860451269332,5.0,39.0903034501148,1.0,5.0,55.4738923830935,0.6379435824901366,0.1806765448527102,0.43001912947619425,0.95,0.7,17.0,61.714505157391095,0.5725494151696736,0.3491930502376651,1
6.893974275979451,43.399925072197476,59.74976632441167,79.98286847146395,58.27302430228231,85.62667771002451,35.123232145146105,88.31134905761887,5.0,48.924154283865846,1.0,1.0,66.94215241573396,0.5955844567854198,0.23467203375382836,0.5636980820030467,0.9,0.75,11.0,82.93662321069857,0.5438432538573358,0.1984102552249791,1
6.733178598675233,41.75127160816122,61.743676592870735,44.174442382230524,61.67688397014456,57.76258880066501,58.87441116687732,50.74454796348792,1.0,64.31852976566299,0.0,3.0,80.60185285284868,0.7887034424647648,0.2951511034466953,0.16646696489178187,0.75,0.75,25.0,53.39777309088763,0.5323443987779987,0.3592326584963275,0
8.802557521731359,74.9122722369562,71.6138106868423,83.31264222892632,56.82531261339344,55.704810826183454,76.21623835992797,54.66752415648915,6.0,74.20154596742748,0.0,0.0,82.96544575488969,0.5230379181722966,0.24215297474539296,0.13760918487636722,0.9,0.75,16.0,50.73749701620623,0.27124690895732606,0.23022071818647305,1
7.6721904112875,61.22222311587173,83.1922055779306,61.388428911685835,55.87454875088639,72.24803796002796,64.72503562004599,52.495400534668825,4.0,66.09887204031862,0.0,0.0,38.955280561163946,0.7142575117138659,0.20281346449886026,0.8517434310733072,0.92,0.88,30.0,60.404003635772256,0.8318949118287203,0.45154780374758036,1
8.56405135424485,87.58928560547974,70.65181456644729,69.42723228167816,42.491599404668946,87.0007255065916,82.44940160830728,65.84045115168514,5.0,56.672892044452546,1.0,0.0,79.00540462761808,0.6264349477116639,0.13492707398085807,0.5128994191748987,0.9,0.7,31.0,58.04162921570373,0.5027787101352303,0.27346960484566174,1
8.80813921487906,73.77106077661293,85.1898546246884,64.62922489222224,73.41861573514691,83.09429276113019,54.527695414915115,63.318207145718475,4.0,79.57173798003187,0.0,3.0,89.35109879944149,0.6287379243569347,0.28939509588477114,0.7963930555987978,0.9,0.88,33.0,61.475718895844274,0.8416389259264347,0.6656246548940723,1
6.242505573195866,67.49590917227646,55.97841830367206,38.96467509519316,39.95295059495149,60.5302368544546,55.19822870692961,48.45145462790696,0.0,50.05153688812983,0.0,1.0,39.41161100525868,0.7290038114712827,0.03719708580125012,0.44181699951636977,0.65,0.88,2.0,49.18436152895628,0.40759615170391605,0.3873933879943812,0
8.008458569981322,44.6826116587112,60.7303371557644,60.24543332324287,60.52191943117754,48.50903714593562,89.4656016573378,60.82592706914493,2.0,43.87065356144232,0.0,0.0,41.943382233872605,0.3209488846551891,0.6504932341919659,0.789065795925641,0.92,0.7,30.0,67.71806654913335,0.6732559376024138,0.19492209754006287,0
6.44499355042042,51.57007845952941,57.112749579001644,48.65994266427829,35.73531453186577,40.20157936985261,82.85959238495441,68.25243298072317,0.0,11.048188143134709,0.0,1.0,32.03484907104999,0.8400562779143663,0.15591721664122699,0.21440532465587508,0.92,0.8,9.0,51.177594550160286,0.3384403456068717,0.29585479504058315,0
9.357931869975436,85.05699575804763,53.94276190230299,90.9997767708376,80.99880101241769,71.59395076718504,80.51277240373531,61.19892790718645,6.0,38.97236391913136,1.0,5.0,77.95201151709557,0.6442077825747947,0.36038727396051246,0.7254310776389015,0.75,0.9,35.0,55.60205681305708,0.9087269318816135,0.8349204070976514,1
7.584267639531229,47.36646755647675,70.1164307324321,70.25734946437828,77.57686743782688,53.428920859626714,39.74380034360807,57.65839718031902,3.0,77.00532818592205,0.0,4.0,50.41709788598249,0.646767859939155,0.2594140644153469,0.49991089785011106,0.92,0.8,30.0,65.33000539849027,0.3851501515782485,0.1925934546260104,0
6.647296535902372,38.097214748118056,69.22081754637617,60.54917405334279,54.00461137531634,42.10760666134837,52.5613292096581,41.17713493862864,2.0,45.49271719575812,0.0,3.0,32.265829452896064,0.4170904378486677,0.5136698283283446,0.6618196994509312,0.95,0.85,26.0,47.97201434933804,0.8445996317199639,0.6331198490363522,0
6.531228592885098,37.77089609879022,50.58034692916106,50.36327351719525,62.70180350966082,55.13593156803373,24.81752509811669,30.328498786336723,0.0,0.033813053643719115,0.0,0.0,42.88095904637055,0.3070661229875108,0.30130456373836123,0.152880336784324,0.5,0.75,15.0,35.54584753405729,0.2994854090877335,0.27871264787319144,0
7.045117954394961,77.53671329667449,67.5472271428122,50.82622053790866,53.19366083854684,65.27045784442684,67.44328090387874,69.17618123057568,7.0,56.07130564513797,0.0,3.0,53.66697439356729,0.8485173629868559,0.05493282912799224,0.5675155101438362,0.9,0.82,37.0,64.13132210103308,0.7084846508542061,0.36515671779919,1
6.401850522353754,35.77426242593718,58.50734817721825,54.43061015716978,69.71708663815402,59.06072520616493,31.449541698384103,48.71119688707197,3.0,54.38496432273553,0.0,0.0,42.20244278821998,0.441045040458977,0.23070312091547257,0.17603740253583214,0.9,0.8,13.0,52.47190666345128,0.636142650967027,0.40188011688080544,0
9.521706957624687,80.82152216376679,77.31132230961136,76.28054395856005,77.32943729192127,72.03611282344308,80.23352901386274,55.860142733059405,3.0,47.93622225740576,0.0,3.0,72.32493360309476,0.8223042012338055,0.15285365761694952,0.24923808540714223,0.95,0.9,9.0,47.87567922562639,0.21830045033656992,0.24001158405836293,1
7.80930852014356,48.39835910434653,82.88714920374579,53.23190867771142,77.67951627824935,61.97986959816653,63.492970907987065,78.59763260672872,0.0,25.834719235501513,1.0,4.0,72.48436684793394,0.7727893117857401,0.501121562971334,0.9420846294834753,0.92,0.88,40.0,67.90361320761106,0.9843853840337423,0.6567987939343869,1
8.116722178896858,59.5299193669474,63.587713477316534,80.16559750694489,73.16337812496569,80.84392168675429,49.6269127387319,75.76243508577153,2.0,63.93453429147792,1.0,1.0,73.26771341527909,0.711170737223415,0.2305378275455835,0.658458642041052,0.9,0.88,9.0,58.50511767268469,0.5412000884909419,0.39552541474145264,1
8.261808793570813,59.907200384413414,67.67437310168447,64.88640380945372,72.52025078943808,63.70995484690272,68.05176584681517,57.50808006767992,0.0,55.123708379569074,0.0,2.0,65.59530427119002,0.9312708785590853,0.04818047131038432,0.33294723990313113,0.9,0.7,16.0,49.73419537084289,0.5725494151696736,0.13201712753510705,1
8.906995658180897,72.7450261515599,62.14453513100503,74.64202903807602,76.65822339561888,62.293423413529595,86.53192744782065,72.44874720662395,1.0,49.065185436690996,0.0,0.0,50.91241230594848,0.49637910328371526,0.3986589688930393,0.4075302905996981,0.9,0.85,12.0,75.0610400065905,0.5463080634127901,0.6679415991397543,1
7.0187233983180946,37.285088127764446,74.15827452587443,59.78676452090709,54.25948508583063,55.07862422198475,43.5301025056998,12.720635091331665,2.0,57.93610517156009,0.0,0.0,41.65471972568655,0.5454609451710235,0.15050088403496487,0.31150272281535085,0.9,0.85,3.0,9.764448283598057,0.2737534504315256,0.06374809479711016,0
8.278842355520764,81.7853118881356,66.17602114480187,53.23685698940294,53.860972057014166,72.6374093584424,88.03703378994658,42.72852677413016,6.0,42.08921907280821,0.0,2.0,69.94258386209526,0.5913902981593422,0.21816962562473033,0.44194666216526957,0.92,0.82,20.0,52.0384521495685,0.5380894874029799,0.4666216200855673,1
8.718547092540046,69.18167421264222,65.43451817573403,100.0,75.70298791610935,56.700802945381625,69.39774127620298,86.72834196640582,7.0,71.23932191503762,1.0,3.0,58.734994901372474,0.7914494815411433,0.36570339962477777,0.7576709233232228,0.95,0.85,31.0,97.65288502992979,0.6994495347086791,0.5565352212214723,1
9.685297443481165,95.30742180275047,90.47630413475486,78.48454119210182,69.98590513415782,65.59618172952364,92.45225283575672,60.43480486508147,4.0,66.31126890203119,1.0,4.0,59.964868872735615,0.8616832334640401,0.13693850053199313,0.4417295414181887,0.9,0.75,15.0,55.931895929993615,0.5405882976520873,0.5609062344039694,1
7.446782972625152,65.3489511857394,58.2213636797027,51.00914545475801,99.31749714250887,64.00375981862857,58.5003962852482,62.70657295665346,1.0,42.43607350886013,0.0,1.0,76.2768848372173,0.9149215802753097,0.09867276466125999,0.2577437615577062,0.75,0.9,15.0,63.94531640413786,0.7258144994392408,0.6157496165462855,1
7.734518339154233,51.49003509634006,66.15985668327919,80.50457406965847,71.50958364787542,54.61847166172764,55.787306969815575,100.0,8.0,73.00550786475549,1.0,5.0,86.43958393284207,0.46602554461759715,0.7169066485591472,0.6897441626901144,0.9,0.8,31.0,87.08023752674134,0.7624763870214668,0.7102701660795633,1
9.03054117558686,77.35818793164337,81.43670766555886,82.19744281124171,47.115065349771186,96.77016394356798,69.88117112816062,50.16574656250849,8.0,81.19745245732366,1.0,1.0,66.23400770968074,0.7764111594193823,0.12059123825155779,0.3036583492393181,0.9,0.88,13.0,72.55878062072945,0.32194113307783684,0.24143054798658128,1
8.116606771149511,56.958764716144245,91.92405235011047,56.06137236730347,61.96021811281712,60.71226240961042,48.176400691659666,62.09022823311897,6.0,47.710196771691585,0.0,2.0,81.03466511659526,0.5675370170835946,0.3442636362037212,0.2682015565527881,0.9,0.65,5.0,82.04121004068489,0.27346903478768564,0.48735687696131935,1
6.146459597429056,45.983774126650445,46.959639838953656,59.81780760447056,26.56216736574769,62.17184642751812,42.09478613480695,39.642327065753875,3.0,75.4502791751138,0.0,2.0,43.94726981384268,0.7001093440358643,0.08593319382506906,0.08795295411093867,0.9,0.8,1.0,52.68674830455244,0.11904640043299458,0.16327123899289278,0
7.6186896662888275,66.32758437430563,58.2840853538253,52.05591160141378,65.69799832289408,61.59713772590853,86.97334572447221,37.83189175946798,7.0,35.51158357740573,1.0,0.0,37.56617991156146,0.800183590733546,0.13229762638739534,0.46910665848868693,0.9,0.75,14.0,42.52765705638606,0.6392967311663857,0.40482998753176225,1
9.452606624688908,83.77137264397194,81.46042188530036,60.833412582841426,83.12955168519007,51.68174290330703,88.81591240717631,42.01524832539213,2.0,44.97396242898913,0.0,3.0,61.09401384693061,0.8315342008946229,0.14194903370348522,0.27047954583316225,0.9,0.82,9.0,63.60225564906944,0.22775917234914597,0.29713809366228666,1
8.519056913998362,67.42003700781248,41.38854954073544,79.03929315445825,73.00169990447394,65.99043238053109,85.2857621313789,43.92583248014073,7.0,74.6299054010157,0.0,4.0,36.77748336860865,0.6487175559263818,0.20716936058215604,0.6129143698445417,0.75,0.82,27.0,55.25510277559499,0.7495164474323817,0.26744139199218503,1
9.76975962100661,75.09560648526438,92.21369141562346,85.72749387221043,73.4089543235985,54.46814905731934,90.01287720517553,46.61132815807571,2.0,20.75214480219043,0.0,3.0,40.14733557454313,0.5628637013885645,0.25013921878822515,0.45011573006261474,0.75,0.82,20.0,52.47190666345128,0.39027193655897896,0.14835639920362453,1
8.469417085908317,72.00641656338996,60.039996653913605,56.44639615572588,81.96991697952807,77.95293302019059,58.967780107242376,38.153985318817945,2.0,32.230133398792375,0.0,4.0,39.764923528793844,0.597470983517757,0.10202848310291239,0.65030295514401,0.92,0.75,36.0,53.71847964894963,0.6819235007552463,0.26840724413306005,1
6.256603794788603,72.35625197253626,48.93570743891661,59.821996146424155,30.586527675909046,48.65830823873668,73.44087523861656,47.705016989873606,2.0,49.04506151781001,0.0,1.0,73.23475579167932,0.6874532722743103,0.22249109548381688,0.598200021068067,0.65,0.88,22.0,43.58335892483102,0.7532792757060892,0.7943050000259831,1
8.682028613792056,49.183025008706664,48.789691229884,76.69968643008387,79.48913934875398,63.086370412157414,42.293322395519255,49.22994586007988,2.0,48.75910370384251,0.0,3.0,21.4230280061798,0.30178563198941455,0.3600250951534559,0.12187927623066212,0.65,0.75,2.0,45.26533115393221,0.1339819016416655,0.12984605928794116,0
8.515282755962202,70.73220605965246,60.72502882563697,92.67540465198778,77.87839101316044,77.71336831337412,64.76716379432446,76.58977586687288,6.0,85.85498003028927,1.0,3.0,100.0,0.7463449258303441,0.4700707758141106,0.6040869498317053,0.95,0.88,40.0,85.22062900331079,0.8784909501731825,0.7512656758646041,1
7.044335192869255,48.46348299569193,67.62058601652572,54.42276272238537,56.893135311031514,27.97931049237924,83.26787986459779,42.90196917165498,2.0,55.123708379569074,0.0,1.0,64.27106859626507,0.7727893117857401,0.2778722598547032,0.5772501770602377,0.5,0.82,30.0,40.97632281633659,0.6768082183294191,0.16327123899289278,1
6.348549980424226,35.41025665770143,46.79737102627722,57.007280605101805,79.64152174364109,54.835324771304755,45.37152181480289,69.50097325634403,1.0,65.3877816248946,0.0,2.0,79.36102449257302,0.8400562779143663,0.3070178549690471,0.3809286378585032,0.9,0.82,1.0,76.74610574211763,0.6786454632309125,0.6122810171437757,0
6.776709994909431,51.01822041097195,55.24700549591205,62.246249096826055,41.01321103013176,51.228034858788725,58.72263677792233,57.441741587335216,0.0,31.508200078311198,0.0,0.0,32.57022659226591,0.3097694617259877,0.4098972306997627,0.5649341247082359,0.9,0.7,21.0,50.79061994141922,0.3946437287124008,0.2839539499348858,0
6.02852672464,30.07853830142575,55.13329997012229,37.8083752514169,56.63787449924139,29.75107193680224,48.091015502430366,43.134160875839626,6.0,47.82050672394532,0.0,0.0,42.06493578620581,0.8342631225384207,0.1858393197332119,0.5174694883852679,0.9,0.88,11.0,62.917201473836506,0.4602529784406115,0.21034288780544408,0
9.594902838705856,70.03629838241338,77.76109141485841,93.09900908936223,63.73425405242381,81.52761257173981,79.6176737524336,63.7990719882099,5.0,51.82311502409274,1.0,3.0,83.2834351718152,0.819201318509692,0.1961015680890949,0.25560142835333527,0.9,0.8,8.0,59.541087587113125,0.4545054879000917,0.2308399789169437,1
6.739627089837477,25.949352706535066,60.58134676757589,49.11340201764349,80.2267523922482,41.85191226842528,42.7849827218579,52.263049377444304,0.0,33.38059540137957,1.0,1.0,52.911645027630136,0.3487519493700632,0.5132050509934144,0.5649341247082359,0.5,0.82,12.0,65.5251759443138,0.4359574383372827,0.11856067644510594,0
7.6520870378743755,57.90642864639818,80.66301786039327,52.48228051172223,65.75263255266667,50.48791523850703,75.48645755981411,77.05648774009455,7.0,78.50650252653266,1.0,3.0,47.69395617202598,0.5387137289663313,0.5357276561514753,0.7363232675145507,0.95,0.82,40.0,67.56685416563383,0.7972492863120798,0.5463932844941864,1
7.145017359117938,67.41286175271911,43.923001978123736,59.474166220724214,71.79571869907635,60.25627975142165,68.8939908225129,62.000392804234316,4.0,18.407966059957246,1.0,0.0,41.02303707504896,0.324107289789349,0.3326492645789524,0.514442344315151,0.95,0.8,23.0,59.935240623376664,0.5500037935635239,0.32340621229013927,1
6.583396983807533,70.3939178990675,45.931339476396424,44.71831570034069,61.293584094340396,75.33483788303118,48.8820908620453,62.054835338679936,4.0,37.1213512943765,0.0,3.0,59.28266335109983,0.6000055934873462,0.05284436660469779,0.7741101902662435,0.5,0.75,36.0,64.25550347205348,0.713338025847528,0.22518978058325417,1
6.35258472568161,52.368431239219184,49.93449577198935,75.74171159917002,27.889302652179794,51.495605622484646,58.4026013119925,50.81169706086554,1.0,45.088450123729146,1.0,0.0,28.501262412979337,0.5550873448502058,0.14901004522515351,0.25407195488591494,0.92,0.82,3.0,33.24426413428879,0.4359574383372827,0.3639946549878388,1
8.227469922029695,61.741987918785604,76.55301355868137,67.61692818232429,78.5572526082438,71.77415697638035,36.2686376377232,53.00774391917768,4.0,46.59744890195361,1.0,4.0,29.221763977791355,0.4941997303147555,0.17802958144517037,0.3891248460598522,0.95,0.88,20.0,58.77820044812903,0.4572011217367078,0.43177744757250164,1
9.015814458677035,69.68312864038566,68.07435045513606,99.2349079049234,66.71883680434023,59.29479779020552,69.88117112816062,61.19745586652191,7.0,63.32197351767066,0.0,4.0,60.32730104155753,0.42740254077622963,0.5872990942721359,0.5120718903569753,0.95,0.9,33.0,72.15054555596504,0.8791107224809042,0.8799680548231262,1
6.663637589556241,53.6194379674052,61.95057030619062,70.51730735163274,50.54096334044371,36.02446702132475,84.47248553191163,71.37382752298761,7.0,67.47022659256183,1.0,2.0,84.86311419715044,0.8510373179919957,0.39736945030638493,0.5755558091474944,0.92,0.85,20.0,73.82340523547359,0.7233433054038402,0.37823989371876143,1
6.344666711141881,22.534217165466643,40.77857376987205,68.15728209513634,44.32736534871289,37.8086325899547,58.76166313754751,57.31913256804107,1.0,65.03690350430213,0.0,3.0,46.34613738004604,0.3814033889476189,0.5783946510253675,0.5154818130588439,0.5,0.75,32.0,51.51659150612269,0.7799670423721743,0.3102030761435003,0
9.162587245301765,83.6075671983836,54.325064357468705,73.7025152414626,72.60025002004947,73.45613141086119,71.54478303206338,69.06396789074655,1.0,25.068651101152987,0.0,4.0,63.08655318172741,0.3692597729409703,0.2458103136400167,0.3764480883089454,0.9,0.7,2.0,72.1409331780627,0.34385227440356,0.4482892706681886,1
7.964674050027831,62.56818201121847,84.98473913821019,61.87996135215396,54.89365638905489,52.896327110860405,64.86366155561934,66.7234066781941,6.0,35.136916071468576,1.0,3.0,96.70400575517817,0.835058266419586,0.25920300466037066,0.20276312236866653,0.65,0.8,28.0,57.024539950850844,0.4439543362220737,0.43122121206473546,1
7.552408846153618,52.99613254238727,85.16890008241072,68.10803445046035,34.8229355888011,39.17600932634412,79.20351710653924,73.79905510588627,1.0,39.5217680096315,1.0,3.0,62.94967167074159,0.7574414824403991,0.3949919830711594,0.42262547937454265,0.95,0.75,12.0,84.3046651963374,0.3652787396786103,0.2879959399343293,1
8.108439383687637,63.22581734187894,75.77277324176752,74.0420486481413,74.59245746976946,61.79945460857876,61.12797517644858,63.24006662986105,4.0,63.777612698473924,1.0,0.0,40.451047097274,0.5318799957135658,0.31875320824968884,0.8240326641467284,0.9,0.9,40.0,54.75232388444076,0.8855152644436244,0.5016842908212539,1
6.586300069856682,45.98352819172862,51.59229288053842,57.118903968611875,65.07683361281237,45.84145606956041,61.21291573593369,60.590219806071474,1.0,49.29069624070317,1.0,1.0,69.0954246123946,0.42858549315280126,0.5546061648373122,0.5950219335616246,0.92,0.75,31.0,60.657451051879626,0.6627453726010015,0.5380768031504374,1
7.1473240874814685,75.50762397926438,68.33720444230605,38.034050162932886,78.09560602144504,64.90275693707672,65.63309512615966,67.87572606670284,2.0,65.68080453724471,0.0,0.0,46.31817424832038,0.37866712094242694,0.23753560068499785,0.7599155077792699,0.75,0.9,29.0,82.90897128843581,0.7287549010735257,0.44685608191722465,1
8.768231094227339,62.18604013728238,82.88714920374579,72.33176763657377,52.82112297831472,64.70128007096166,64.17592237029534,54.25430279218477,3.0,24.641126253290302,0.0,2.0,37.35120395425585,0.3599679553393137,0.2900234084978289,0.8293301280649736,0.9,0.85,39.0,75.52935970112867,0.4978116238885796,0.053322692753295285,1
6.57878599031004,49.32512112365871,38.75298236520453,79.68914613784132,60.98113881337062,52.66036551845217,40.31825548450402,71.59507159559877,1.0,67.42206017936223,0.0,3.0,31.708585914567642,0.610550184020445,0.10684228061874555,0.47441255458729154,0.9,0.65,26.0,77.14406972252573,0.3310795997545715,0.09117943453785221,0
8.458872832944635,67.07255387630394,59.5323925157947,71.73406431475792,67.10639445425323,92.65561500260796,57.45170197546549,60.82592706914493,5.0,64.53682225379703,0.0,5.0,64.97670198754439,0.7914494815411433,0.09407415603615535,0.49937923474556056,0.95,0.9,19.0,44.166673410530876,0.3434596300087226,0.10506273966322657,1
9.724103282305933,76.3804326966384,84.87193947756857,87.84767630573523,100.0,79.29267123770748,69.01089476036532,68.8861526485091,7.0,92.02967695125801,0.0,5.0,97.0136421028864,0.8498453284132252,0.47564596338834714,0.9443710466466786,0.9,0.9,40.0,79.44377346621334,0.9365999460194484,0.7706813676382195,1
6.863507142782153,56.01603438188414,56.402073247356846,70.61492922327517,67.97164797115333,49.44982484902741,59.7863714217387,66.09208865839379,8.0,73.25620759654474,1.0,5.0,39.32780945384859,0.9186246385241346,0.1764594339641959,0.3294952448614188,0.95,0.88,25.0,72.45674583949773,0.4745537860388064,0.39314051515468024,1
9.513866335435578,83.20732735070932,83.88677990312277,89.03768754041592,66.99670960737916,65.41468218766825,81.71703122270549,61.62769792319487,6.0,44.93246161600646,0.0,4.0,73.02804500422633,0.8229870078781045,0.2659596313398823,0.6205859744631771,0.95,0.8,31.0,77.66401843627786,0.8182435138408888,0.7114345768196544,1
7.95559150004213,62.26794575373672,61.16412483739234,56.94639953844557,73.93131405099247,67.39762535475039,70.05662565301665,88.0171927491387,6.0,48.180200882218216,1.0,4.0,56.558300930198236,0.3895175968978975,0.4959148692636568,0.4808546639538414,0.95,0.85,8.0,67.19881566285659,0.5041557859422593,0.4932287630220595,1
9.293113562183956,97.00276026068411,75.48533901076617,80.29333716929413,76.9888098770207,100.0,62.4463040075104,70.53055591214786,8.0,63.817642778973266,1.0,5.0,100.0,0.8802881259934947,0.15208860453719147,0.897240363396639,0.95,0.88,39.0,98.01492349457482,0.7205333045259135,0.5239151193516554,1
6.716414888721809,85.5714614572592,63.671708296154,40.280322259014326,76.03859348810755,63.43805236422244,59.17623060512169,50.273743772586414,6.0,70.34553480173992,0.0,3.0,63.05912339441528,0.8598218541978699,0.0954528079327253,0.8826389522472702,0.92,0.82,39.0,51.92111154347323,0.8785182191977589,0.793268542363571,1
6.470964606875336,42.18982400545727,79.39300618644829,54.28868458863123,49.165867486367716,51.07728002313752,42.1545773905991,62.069879769327166,3.0,57.2448192854509,0.0,3.0,63.025173610883805,0.5300247586923674,0.3995235252327738,0.5496755727835806,0.95,0.85,16.0,52.06385485424704,0.7614589831950286,0.5911308277976932,0
8.659148589438452,55.21052825379672,73.77973927210236,73.98227910498669,90.52977959319813,61.4946166233207,52.74519344779779,69.08934817798692,7.0,76.98242073101756,1.0,5.0,53.93518906241914,0.7764120450942488,0.3929945254083578,0.4471923572728318,0.9,0.9,26.0,71.77837355330679,0.7749311640616323,0.6955749074425399,1
7.120141008383262,53.52521016004035,67.92757441585086,56.59508794194536,51.58353784556854,63.33928222516424,60.06908544628632,47.85203890334703,8.0,34.09653410191568,1.0,4.0,80.60185285284868,0.7552326121758948,0.2183467730535618,0.7953358591688968,0.5,0.75,30.0,44.810530471096484,0.823302511069916,0.29122855142909126,1
6.122166533650831,44.550825600704826,46.3629972373151,45.34255654541046,52.47375420515183,49.44982484902741,42.210133132152365,59.93831531057055,2.0,30.779407396978552,0.0,3.0,48.43040483278866,0.7356591950317328,0.11852166203374818,0.4427995377273442,0.9,0.75,14.0,54.54090700249782,0.5980348555925029,0.3156796911960913,0
9.60560380662198,84.79348202904859,81.55700194102151,95.13633008550471,53.35959410786464,99.51617849705272,68.4270379060423,67.52734040785131,7.0,72.48025506031072,0.0,5.0,62.06754080583093,0.6151525555122391,0.20887752862601072,0.6904483803482117,0.9,0.85,16.0,76.3876827117074,0.7901017733190409,0.6429860869640525,1
8.286744072297292,89.51409465728958,66.06862136405496,62.98008992904351,58.45098562801292,82.92540872929057,73.70054016974876,59.379625904090815,8.0,81.71633763208449,0.0,4.0,81.86922210864883,0.5464626129197806,0.3060191079239557,0.7427167186992985,0.92,0.9,35.0,52.727012051307746,0.6683598497081843,0.6657905977594958,1
7.256795819808493,52.396648537708174,69.1694209619006,58.4702598131542,91.6084663329051,73.77316514046993,58.00677091089988,92.97965774238952,8.0,49.74269571035954,1.0,0.0,52.3754552676964,0.9262209419688556,0.13229762638739534,0.5343056815208819,0.92,0.9,28.0,95.4630585598621,0.6068467329015105,0.19803562714231848,1
9.586433798794104,61.641769923681466,73.72944550227213,100.0,74.81880740227479,82.09684204987792,67.82612372740284,75.5494616455123,4.0,58.734092596276945,1.0,3.0,71.05508684574725,0.7682033549810443,0.3241618820116847,0.4429393603988862,0.92,0.85,7.0,76.55447888709426,0.49569474913172445,0.3105646955058365,1
8.15630283148743,21.40683994746722,96.81351233129031,62.147327648174006,71.45602023417385,28.48045243426018,73.68697067488851,91.87945057376291,2.0,33.95545181251671,1.0,4.0,66.623259381778,0.5688433241447424,0.8910589823172048,0.6354371199044455,0.95,0.9,16.0,85.74064142661331,0.7984875468006423,0.6194117313172014,1
6.715623504283137,51.97093051304421,51.64010038446072,58.55382468518984,47.2329823722686,64.95018276097058,66.78200512569273,67.72694477459058,4.0,66.09887204031862,0.0,1.0,55.19845756978947,0.4010828951017316,0.4111043609810253,0.7764742395481321,0.95,0.75,23.0,36.78729421180367,0.5804007129526891,0.2879959399343293,0
6.935053123718767,74.98205671039625,75.67098494261558,42.72645574009613,42.14657544372852,68.87687544942912,49.84443134035607,68.34231277595381,4.0,28.46171658015484,0.0,5.0,69.54216760172734,0.8859821336930014,0.0296541746086623,0.6315117113882778,0.5,0.75,3.0,62.92507321550616,0.46040405159355957,0.4104383960959087,1
8.887874158062775,57.767288360940164,77.20378274017064,69.19776573764824,69.23371919042665,74.13369220325458,56.188851334875615,56.85091871962309,2.0,74.66081041215685,0.0,4.0,55.52216464198791,0.5906148161035483,0.23410468831110018,0.3720857747347862,0.9,0.82,28.0,53.581645688095705,0.4879185803773521,0.2166690710675475,1
9.79554872162826,79.77045235370137,100.0,82.55497718649974,73.790498354524,81.59323559352637,91.27672381048569,65.68403768318964,4.0,36.5005181352374,0.0,4.0,49.858741893574546,0.6888238177587092,0.39030508247031537,0.8534744816557099,0.9,0.9,37.0,55.17590295323121,0.8357521197302592,0.4522002876519648,1
6.223624441863241,43.85044004706329,53.57651913317255,55.72150676300916,37.62296995754114,40.53528621058659,66.74767506313871,67.98474594770205,0.0,13.559655550230701,0.0,2.0,19.460345279968543,0.5510617256982522,0.3254255623364658,0.6342175335724094,0.92,0.9,24.0,65.75647023391801,0.7593508018660757,0.4885029896375074,0
6.055794805528269,27.98265213745787,47.42336663313547,40.632659776088474,50.49852551280537,39.39983355795158,30.10865713956025,56.1427328478817,1.0,56.99920239646053,0.0,2.0,53.45741718544417,0.30218836346605193,0.5144645894507561,0.6151537560365766,0.75,0.85,30.0,33.166924100865856,0.5323443987779987,0.1060184790953341,0
7.441963502962331,40.44341079738517,81.7911918761015,67.70297593213988,50.67090456287688,41.77167518425544,65.952315851105,51.75017103540126,3.0,41.82465374738389,0.0,2.0,70.42481693778458,0.6860320723907515,0.4509600141619381,0.6017263928122452,0.92,0.9,18.0,64.41590037375559,0.5620054291069335,0.22253351050104556,0
9.607315387435179,74.87010459788432,100.0,68.10566572878132,58.45098562801292,96.52234191355359,82.60914436344218,61.403843641235724,5.0,79.89242013586636,1.0,1.0,60.09497275503968,0.7940314507447395,0.20772012399326606,0.7365507108306361,0.95,0.9,8.0,81.00142596469163,0.4371075241217191,0.1862781682514077,1
7.7269382351349005,70.19537189149837,67.84974657325552,63.530430796398754,56.99872835978171,91.1409952135514,56.38918746976472,79.42200774005553,8.0,92.45416973766612,1.0,1.0,50.41709788598249,0.7668981778857049,0.07084915947119154,0.15750813108985043,0.75,0.7,3.0,69.9756140620884,0.32023780744377195,0.3624379494779196,1
6.092913195351657,50.411167748494954,65.5797094344633,13.875413047027195,59.81165825628348,61.308008090710274,45.061727241495916,61.81935539334576,5.0,70.27404349347408,0.0,5.0,60.21082581311983,0.9392129213319822,0.06142629430176711,0.4725824875995708,0.95,0.82,36.0,52.06385485424704,0.6685069104802087,0.3604333099958124,1
7.650527143256124,46.22183316470246,58.343665792515395,59.927526083362665,87.33153406959228,55.43328686761131,63.71828532196523,65.51776212245818,1.0,55.87105810854709,1.0,0.0,48.7309046671257,0.3916555826682416,0.41945803261643716,0.5456536264461539,0.92,0.88,27.0,53.81942734779153,0.4490560307385457,0.09700937589488531,1
8.652858979118822,84.11109863001892,52.34974724574028,51.97583528194008,73.43643224313298,94.06793504207305,89.97876777193889,55.167248315964585,7.0,72.44724183226619,0.0,1.0,62.14293083698454,0.4129528599108305,0.360300877122264,0.40149788466239145,0.92,0.9,24.0,69.5479298589149,0.6278708168383971,0.6596943196803308,1
8.018912468310699,49.65907413755128,63.531375285720344,61.6692491406597,64.73988201865758,41.40037327872926,67.50134993251054,44.642941011934,5.0,80.87655687048763,0.0,5.0,64.8848406478769,0.3581901507141778,0.5758343283818569,0.4439730847164308,0.75,0.8,14.0,30.450170174613685,0.30256301774692185,0.25585300498793695,0
8.94013859445618,63.40142103681148,60.75153938051809,60.71828787169399,100.0,54.91811103186801,82.10630228063349,75.5405948952337,8.0,54.34329359617584,1.0,1.0,80.37370417055565,0.8664455382557401,0.3167884165923192,0.773293953030706,0.75,0.7,28.0,69.89613498569257,0.5185921247290742,0.2465856545321342,1
7.650527143256124,56.33114046637138,65.97330453640058,76.30380409275418,58.01620208738005,47.96253600218489,66.75452905015882,58.14106266049429,4.0,54.481544958403575,0.0,0.0,34.33415429004667,0.4584648316747836,0.325998858271419,0.3047876317163518,0.5,0.88,11.0,65.96015258743111,0.517708012847598,0.44527235830477735,0
6.531059437715378,50.82178841346726,84.30665297733148,48.443744951190624,61.72635060079573,62.65211832502658,29.045004567816115,92.32116323417503,8.0,46.686523765246,1.0,5.0,78.17359879903138,0.5282408826277156,0.42828956275344787,0.5516321168522174,0.95,0.88,22.0,81.02770754000147,0.6711545593494769,0.6254950793023191,1
8.1499332216413,72.39198935212424,69.54034656431699,46.285369662503726,80.76181861099487,85.06897455719141,80.42134311117356,64.50242529542915,8.0,100.0,1.0,3.0,59.901471153455894,0.7324341910581089,0.24063015013821681,0.4332957382200401,0.95,0.88,7.0,76.02306023360163,0.6160883629555183,0.4296762632706424,1
6.590677943517005,43.50984925962213,66.5542727966227,67.03787687437169,55.19268465486231,61.01057276180835,39.573454407369084,67.27800042900745,5.0,40.92996875097765,0.0,0.0,47.2038322009857,0.8095125494667648,0.10913236842838196,0.2844192348389063,0.9,0.82,6.0,63.79352281567857,0.4234906478092291,0.26735111207197765,0
7.6270454813337185,53.27018496328897,59.38483837284171,72.02158106616687,59.87558954316119,66.06627257306059,72.01206755595972,51.28404448241611,5.0,35.87379434642504,0.0,4.0,85.97036242766858,0.8334151723396459,0.38625409177339665,0.5243561335215099,0.92,0.9,28.0,63.59817733854588,0.7796599760567238,0.5239561281379209,1
9.448898587283834,53.93487078543953,74.5769543716499,87.33235444499601,67.20749452211192,54.62912672364052,86.67989918556036,50.17913493886506,7.0,42.317800638843515,1.0,5.0,77.5607822593302,0.5638092241067316,0.633735120837464,0.9203494169813714,0.65,0.8,36.0,53.67727431515982,0.8134735024893439,0.3190796458199668,1
6.526606095481359,62.165118467278326,65.5797094344633,49.63354028805036,40.46509576264667,66.19801748030415,54.0031267910953,57.218943150467474,3.0,37.23222162125421,0.0,3.0,72.01832802420532,0.6967425225647319,0.15960634565916393,0.7804236961246059,0.75,0.88,38.0,44.79536136873284,0.7815844543011432,0.39472566630343,1
6.867360926760998,56.73132504041324,45.38778200331838,58.554805262226914,81.75666223561163,46.31073714477225,50.33800955895334,51.64751142598553,4.0,40.50325819135041,0.0,4.0,72.94430191194891,0.6809698830527733,0.26715645919009184,0.35096430743098256,0.65,0.7,4.0,60.79607299398175,0.5634503803635755,0.7436860817899844,0
9.796597975802108,91.29322411036435,83.93800274464876,90.11965113771602,98.85522884262619,100.0,85.53328568476195,50.43405070272665,8.0,68.55937110739679,0.0,5.0,88.28797046164544,0.8623668637922015,0.13581794116943194,0.795374193423263,0.75,0.88,36.0,60.35283041543115,0.5645716905767414,0.10241136611568864,1
7.917217762733349,82.84344294617989,50.926040235871795,87.4577116464016,33.9134593279409,100.0,58.72263677792233,64.50242529542915,2.0,34.4171609183198,0.0,4.0,69.26613218039245,0.8619345315255054,0.029415478620601607,0.5067016194430013,0.95,0.8,4.0,49.09991762268086,0.43495003492795514,0.39794992681015634,1
8.00173827917677,54.610388215729735,52.505311614522036,97.92483575336644,47.222327789238925,50.163123206401565,68.19572857315308,50.46492014248708,2.0,56.85989519357394,1.0,3.0,61.855306880011234,0.401360519937778,0.5286059896055578,0.44172327940014805,0.9,0.88,4.0,62.49389686583642,0.3513168942983953,0.4330145528735458,1
9.681258821174076,93.16571751858218,61.62072204202836,97.63942656115135,86.06338950612138,72.49999895437918,89.33897614580114,76.45376837029025,0.0,60.14192801410058,0.0,3.0,85.44836191945745,0.6507089045315151,0.30282234359957405,0.7154966555553887,0.92,0.82,17.0,75.3320628063852,0.6937109936989253,0.6115438271841629,1
6.221550418418451,36.28132218392699,62.10053079466782,49.43947466815338,48.18608878799217,35.348597834471654,44.50518329243617,48.198996781131676,2.0,29.93777878811363,0.0,2.0,35.01357579840317,0.6671094768498924,0.16068307006964325,0.219096028690553,0.65,0.7,1.0,67.97351399410533,0.3157235779571949,0.25643086357771705,0
8.84888185396962,59.34881035637797,63.98731217127113,73.70290710693344,73.3666988610764,77.27234732580999,41.86596635601936,46.04072273930182,8.0,23.206184470787793,0.0,4.0,50.32389946085573,0.4440118957591752,0.1661632760520669,0.556179025087784,0.5,0.8,8.0,49.80071252377574,0.2479089006843828,0.1268599146592917,1
6.368515977080821,45.02312136135099,49.37896432920503,60.91974955744222,61.526246198887335,63.37456120864276,48.68437030994995,78.3424863639746,7.0,46.74803256414602,1.0,1.0,59.183412177374265,0.5975701125780319,0.19120859400107848,0.3376301337609959,0.9,0.65,37.0,82.47241835203147,0.7121944028893753,0.14876706427053857,1
8.920860469287097,79.69831945001727,84.90147212391553,68.09935145816252,65.57742766489771,82.76686011899335,54.05879618453866,33.413532029865614,0.0,52.422812171188426,0.0,1.0,64.17326217428145,0.9007427952552647,0.031179498778892784,0.4663884482354946,0.9,0.9,2.0,49.39769867505815,0.2012920995554029,0.30933245786874575,1
8.83171488764961,42.08151511181819,66.64012736394237,85.44426181746655,82.82416220476654,60.440284020272614,61.74967997102764,89.70064371945642,3.0,60.50664004522322,1.0,4.0,66.06329508116362,0.4942320930423154,0.633735120837464,0.7970238125222057,0.95,0.65,34.0,65.33000539849027,0.8455229055037383,0.3826105422597964,1
6.450218593424757,43.57434028940196,52.44509143011923,60.40645106887092,50.54047428678476,65.0457440490498,44.459334067085855,45.93612997238028,0.0,25.397309405492145,0.0,1.0,71.86643229058015,0.832437994911783,0.1225991619393243,0.5964865180688346,0.75,0.8,14.0,44.81917740081032,0.6500556800980419,0.3101542731323243,1
6.4789000986371805,37.80374485369883,86.45387686819544,51.44452867789821,51.53651378291449,40.23810404487786,24.81752509811669,35.70425777168659,1.0,28.941742527043495,0.0,2.0,54.52568976778451,0.7033507379947156,0.21659646307159128,0.6371261157825343,0.5,0.82,26.0,43.245644765657104,0.6189498001720931,0.4768603842101641,0
7.606389330233837,63.168975575913365,78.52348207910703,56.00684999823808,43.175372482611444,53.61940479903239,61.88731195947071,49.96849629638646,0.0,18.809663337018364,1.0,2.0,51.36193838128455,0.3359410368273177,0.3540031839829961,0.20489281031311557,0.9,0.75,27.0,69.58146896532719,0.4053957541764215,0.39747588257891076,1
7.181653737698912,32.67804382891461,64.88857644954784,56.21245570304046,84.38906568978916,21.464584095159296,52.50212911931057,62.069879769327166,0.0,60.221981439264106,0.0,4.0,55.17805859285163,0.4746851020655346,0.5471730675668568,0.31595214655757614,0.9,0.65,10.0,53.932240149658746,0.3545537546416257,0.3157223406923137,0
7.1107838650339685,42.60074555514926,58.01071406361062,76.9875343505747,62.758401773493624,51.016689330120556,50.82538432307972,49.97796174355459,6.0,63.19860328963874,1.0,3.0,62.94967167074159,0.47563710596697906,0.446211849920951,0.4832888002747358,0.95,0.75,12.0,37.748307801993775,0.581061346922542,0.36645306717845416,1
6.3067940640104085,49.781812870840795,58.471489533165055,59.95167998005247,47.32541303037068,34.09265047877497,53.634203126351885,68.77302094979018,5.0,60.42124609595399,1.0,2.0,69.53606069088305,0.43057597806322745,0.5486923115910604,0.29759654941916047,0.5,0.75,30.0,77.14406972252573,0.5239267487248471,0.7102701660795633,1
6.041551940220522,19.88453391726685,48.017813664625315,44.18248805549902,23.95487897543692,16.872649811207673,73.02684611923114,68.6374284817245,3.0,49.04506151781001,0.0,1.0,52.9847818682776,0.3172544819856268,0.7449591577137454,0.18790131053498857,0.9,0.88,4.0,72.5785510866334,0.330676162421181,0.20353211204568972,0
8.410090849073569,53.17168110751321,57.208942704695374,59.81236400119693,71.19067255206603,71.13612814392755,74.10900844448247,51.23667728813631,3.0,28.079144151250773,0.0,3.0,55.32892902576815,0.5078909758843726,0.35062216529593426,0.6002273793495002,0.9,0.88,15.0,49.16340593767248,0.5871882515836371,0.24700695408453394,1
6.978946206786284,55.64426603447949,85.42799541295321,40.926316341377074,55.70305030808355,60.85595890227066,55.5852568200112,72.68508602726638,5.0,60.880057164093884,1.0,0.0,35.724265677134,0.4178907192933241,0.3088920498417225,0.4228936975422777,0.75,0.88,22.0,53.416335308983754,0.4817927516622077,0.3690543903402484,1
7.497677953276771,37.231220031683335,73.88093174875613,89.66256060934562,77.36174457726666,43.50023090510036,37.82536554543113,66.18386731644941,8.0,75.96379282976365,1.0,4.0,85.77620371955216,0.889954844463521,0.4098972306997627,0.5456536264461539,0.9,0.88,27.0,64.26203534186008,0.4659185225002715,0.3037341842384772,1
8.738644597529737,49.183025008706664,65.05057444626468,91.33156181789136,65.64893501134995,42.57913793654468,66.84071945649231,66.0907880286597,2.0,62.61402974968889,1.0,5.0,70.46926310115394,0.3962056763460832,0.6767370186535974,0.612789458847329,0.75,0.88,36.0,51.8789683800738,0.7215933986255256,0.47395287019599547,1
9.77546338779002,86.6132274992916,74.32176110833007,98.49578646033288,92.82812282066648,92.69937793764475,99.32309244227602,61.124011574103264,8.0,83.39475540463926,1.0,2.0,56.299933279764595,0.9267623737568462,0.2212548060134067,0.8826389522472702,0.9,0.85,40.0,57.92064123098494,0.8748923776662106,0.5135851847742966,1
6.420629881312541,23.52498927054942,92.16351404621565,45.32958556824538,59.84797726102454,34.87617805377434,40.31825548450402,63.325374455638915,1.0,35.87379434642504,1.0,1.0,64.3487784913612,0.42794507069587173,0.6767370186535974,0.5834699298102697,0.92,0.88,34.0,69.9600387346792,0.864934685316367,0.6242032473544011,0
7.9200523047137645,41.476674911323784,65.50102538525573,74.72703253983103,77.94943398461275,40.23810404487786,52.94924707527967,62.095283892345606,3.0,54.55877309523783,0.0,4.0,71.16306637414678,0.7055092862403927,0.41643310005810025,0.3387298623354107,0.9,0.7,13.0,77.70736855202681,0.4829340014077918,0.36721778835994334,0
6.390631245350048,34.75229072048044,51.91922341439483,65.67198539430547,50.49762514181241,31.765534747617345,61.89322672885456,60.215655922880316,1.0,70.34769538057361,0.0,3.0,48.871845843457905,0.4036793192762268,0.6509463179172685,0.3747283051313211,0.95,0.88,3.0,59.82161211441512,0.47587772356797187,0.5959051888551341,0
6.734191625291496,40.21904870559739,47.83539314711555,64.23972844480485,43.909713179908955,68.48230825122171,49.79416326254776,62.069879769327166,2.0,46.61998980457875,0.0,4.0,34.72431610307141,0.5999147524539064,0.1277397719794105,0.4643526736896388,0.5,0.82,1.0,50.68515449024766,0.4569479250029001,0.12269050257043355,0
7.168633275198988,50.67898361121006,63.45611309141537,64.94786685110189,70.93821141058707,52.50723538394923,40.96540133426055,53.47855002584846,1.0,61.32931814081224,0.0,4.0,57.70915007963464,0.5286718288060805,0.36919043019670955,0.3713740136991847,0.9,0.82,9.0,65.5251759443138,0.5851517038565943,0.7183670414957689,0
7.567771963239986,49.97113990450464,63.318570199305626,64.13255266138688,72.84715273810669,51.61937036386199,49.13183601028773,60.02243444347253,1.0,45.49271719575812,0.0,3.0,38.158537370441366,0.40555840228664386,0.3078074407444608,0.2936575961739652,0.9,0.75,5.0,70.75120729560331,0.46029397003228684,0.38773465188506484,0
8.851010754203287,41.088799539181764,75.33365017636707,96.12755929383304,89.13083801953636,43.51899444598426,47.110544011059936,35.537851337886806,3.0,63.20954603157121,0.0,0.0,54.14338786245317,0.47417716763151435,0.45842503490730296,0.39000630253205676,0.95,0.85,18.0,51.88689934843222,0.33920776865858654,0.185080764156478,0
8.38122902725043,49.37580530425085,83.9163538640387,74.22688374607857,67.03581060561963,48.4077826507949,67.59541329807274,85.57582049191396,6.0,52.94015062667086,1.0,4.0,93.08784871210477,0.542103287332283,0.6740851775758215,0.7103536111311982,0.5,0.9,38.0,65.40183679007659,0.7452817011133366,0.3960816834312098,1
7.456615326554157,44.00027394541286,80.66856289574719,68.71922312351846,59.22498119516775,38.37482489435189,63.10209051191278,75.00217868456441,8.0,67.58020495261968,1.0,1.0,59.350756276896135,0.6610680389108394,0.5459595192310439,0.4836528958585755,0.92,0.75,20.0,58.669244144092616,0.47587772356797187,0.5063962644861023,1
9.264134870119314,100.0,72.73013026679867,61.54791002643486,100.0,100.0,73.63720259125641,88.13316283666279,6.0,74.07816594639152,1.0,1.0,68.7588241126916,0.9393630624974296,0.043739992632795224,0.6069440696098294,0.95,0.9,36.0,94.31205447095658,0.8949582087769766,0.7663949443290277,1
6.1384347435949564,37.809819589556,50.00736758663365,21.429530993999073,60.49166871840647,40.20157936985261,55.80027181393311,51.79072062479115,1.0,35.50850057169477,0.0,2.0,42.898703488933805,0.528526983431225,0.20281346449886026,0.285615473709859,0.9,0.7,5.0,63.04111508503118,0.34354102389379715,0.13089782800483438,0
7.7727351999257035,55.399781714290604,74.91719587039753,62.70335285340773,61.19151294756409,57.3818622550199,59.761433782606716,45.05607532632982,6.0,48.470386528494856,1.0,1.0,73.16166401647548,0.42766951124366787,0.4489237550449872,0.37613532323286164,0.9,0.8,8.0,48.91329198864616,0.5614556427510988,0.5859325901189931,1
8.554604838649091,68.65470666150433,95.18050836618178,48.0062862598863,61.02484080568259,39.99616518164657,87.6606475490587,48.46835807199613,4.0,43.017962907189684,0.0,2.0,49.89110397954016,0.7143503760593439,0.3054918327400263,0.3918336434758988,0.95,0.85,2.0,55.15345179447998,0.48276830731571607,0.5473255473305313,1
6.765123612400318,43.64431666313366,63.318570199305626,64.62922489222224,47.37006599390949,53.17173337671845,56.1873978196386,36.25488656554664,5.0,47.22209158181313,0.0,4.0,51.09798189125189,0.8331757493981271,0.2072911253153067,0.26109078110581024,0.9,0.82,29.0,62.403495993105636,0.65948259441102,0.40575077887648714,0
9.763056730952467,97.58555662603723,100.0,76.04544258190688,69.68832395942226,80.55620282085752,100.0,69.37899306693814,6.0,86.16955609780643,1.0,3.0,74.51007188239572,0.820835260994893,0.28992691443223323,0.7831276770513158,0.95,0.82,39.0,58.26722324657097,0.8099092287705508,0.5892580372512465,1
7.246110757416675,52.283810545766706,76.73528911050684,58.43643209296769,77.0846707825862,51.13333306722271,47.45283736229984,45.66101162705229,1.0,35.41994509599113,0.0,0.0,63.557412211885485,0.626367864467364,0.34480578032662645,0.536964374785786,0.95,0.8,20.0,60.4318451630757,0.7306830563263234,0.753078361514802,0
6.3617565304512835,86.89170030273321,67.28424472744355,40.16822154998262,40.11038539716887,79.3148613712124,48.80219245031667,42.20988361408381,1.0,25.36186553804339,1.0,0.0,74.3488253940636,0.7249157312127451,0.027730751091263557,0.42172981305349394,0.75,0.9,13.0,52.29743129255754,0.3357852056381081,0.45973091188314946,1
7.9845533971330145,58.8505753391448,52.34126538016344,81.57724720919663,85.70483185352099,74.1278180350885,47.252140936318646,73.5154226301681,2.0,34.082477186211435,0.0,1.0,71.60833815831226,0.8143242779472932,0.1270548834114514,0.7254310776389015,0.75,0.88,18.0,65.81977369640961,0.5063935637269072,0.215763238034993,1
7.58992016779607,35.411426627976304,81.2509935339864,64.62922489222224,84.94278151153382,32.5446656231944,51.94896095560601,42.15495918765125,5.0,61.682444214450484,1.0,3.0,57.367696409574535,0.7458394347289239,0.5398448037183944,0.2668560010210542,0.95,0.82,12.0,52.334363822441006,0.5793153414590709,0.6675422305239376,1
8.855665080171306,62.315664230115054,74.90337009809433,74.58678650847982,54.631609267043316,58.487068564124,68.8562707322973,23.854243642628155,2.0,44.42819084339291,0.0,3.0,29.47955845717155,0.3273088623923825,0.3874111074028041,0.6066501874630807,0.9,0.82,38.0,45.158338387732215,0.7620905386563102,0.351834451237865,1
6.501990781745867,61.236191418576055,86.83111565729963,48.532930507662826,36.30219235045878,43.585298786938225,54.26887189736633,67.52897189661566,5.0,40.15566544160417,1.0,0.0,66.34459524952042,0.6697338898291975,0.2392627869346872,0.2741918776758625,0.9,0.75,9.0,58.2977196404692,0.3310795997545715,0.5978306569799186,1
8.561941731290302,50.2496667107757,82.90826905216886,75.8179509648012,57.62935393279215,61.68281645019512,55.09774720419027,65.88765899677249,1.0,65.16270782939132,1.0,5.0,93.73011789493829,0.8502762722240569,0.33419564034575444,0.6409400895916415,0.75,0.7,32.0,54.16624488001225,0.5686920654647358,0.34171911296534196,1
6.943944334689476,33.9791128615505,53.81925980960277,72.37689565032224,48.13117391388929,36.16931738303498,57.691442310400326,43.33748458150313,2.0,70.73064455999713,0.0,2.0,45.434462396021196,0.3177184911342894,0.6110286709421042,0.41537096981944327,0.5,0.8,14.0,42.45181254645426,0.3766646075701991,0.25496414241592924,0
9.749189238080275,100.0,71.00599250720438,87.14340105869694,100.0,98.0730231179481,93.84804084895231,100.0,6.0,70.76759387008072,1.0,1.0,100.0,0.8980703260744474,0.18146853139709512,0.7112663049494959,0.9,0.88,8.0,100.0,0.6712539183138806,0.5392872117579056,1
6.1609152331950785,43.37502216767459,50.88177131658766,68.90496361570828,45.24514499687801,46.998004001730465,31.64973113190479,55.12515733730212,8.0,68.70875963526252,1.0,0.0,57.580749977133024,0.37364359948284215,0.28912020615386325,0.2955706151210681,0.65,0.7,3.0,36.90453454829901,0.3518180850167154,0.41427258344433227,0
7.080709111378954,67.89339971355572,48.05163466339128,44.23419246412543,62.31540796542763,80.05141839928513,50.79840638816603,72.13482136113811,7.0,65.90453437042456,0.0,4.0,33.89240782693702,0.30805814528516,0.22694821666344833,0.11533913287025198,0.9,0.7,1.0,66.89516903147951,0.32217614580529097,0.44146322634192237,0
6.576846585699559,69.07813598572689,42.37868441880013,46.667602625607756,69.49879441685933,48.50903714593562,67.50134993251054,43.39299085302092,2.0,33.97887683596674,0.0,2.0,62.833029895405566,0.8342631225384207,0.07654974608405597,0.3927390140669303,0.92,0.8,21.0,55.21145067958842,0.3545537546416257,0.29589893508490905,1
7.779618031838458,62.54011769355692,61.20207899046896,70.2083008454283,65.07559433230111,58.04442195478628,70.05390954316853,78.28296272085126,4.0,57.39415072898626,1.0,0.0,48.92608792856216,0.8069472052018181,0.12929287163964118,0.1861136211781547,0.75,0.7,6.0,68.91034836664596,0.2517977814100281,0.2469909345794895,1
6.43770700259419,54.22198831184578,68.73407589062167,44.25586670977607,58.443482057817285,54.634761303107155,41.09204889777469,32.964879258688455,2.0,42.32443327538763,1.0,1.0,47.2038322009857,0.7143503760593439,0.10202848310291239,0.606287688041658,0.92,0.75,2.0,33.24426413428879,0.42195075840128843,0.3639946549878388,1
8.552128673652263,60.90168768148865,90.47630413475486,62.32469060836796,61.837331555382164,59.02648799503771,77.6937941924761,60.57291710918115,7.0,75.86240901038553,1.0,4.0,98.48410129458658,0.6725995707572647,0.5767031806980594,0.6310190394941214,0.95,0.88,23.0,69.9600387346792,0.7676680883450275,0.6260917839221095,1
8.49786905471982,88.64815461075233,68.56584345023357,74.83151787687108,69.09811444059017,97.54424370997049,77.37010964816548,77.45367465658256,8.0,91.18576887103183,1.0,3.0,100.0,0.9065786270923795,0.21816962562473033,0.5520152772692164,0.95,0.9,38.0,86.65411641481597,0.8530829271616405,0.7640311223741105,1
7.851038595682403,100.0,61.23498155829809,36.414098877925156,45.30838122697557,100.0,67.61570898573774,53.69071179207308,1.0,69.4609801951504,0.0,5.0,48.08317577196804,0.4447830894692183,0.047208375828343994,0.3462669989294149,0.75,0.82,6.0,52.125258873457156,0.6993429480897512,0.8788596107767126,1
6.716414888721809,40.415891729385855,66.5542727966227,42.418120734778505,71.3079867437452,25.359192820381068,58.8094064332719,48.41386720835875,1.0,40.69846420829703,0.0,5.0,84.20173562118887,0.34985776803858715,0.7474745725435085,0.5323088472685276,0.92,0.88,16.0,63.18263653240771,0.7212707782374609,0.7442810460044117,0
7.703221132770432,37.285088127764446,68.73180657551946,65.53776459058524,87.61638819971137,35.11225601003987,41.2680788336874,43.74124396322202,4.0,34.83994996850966,0.0,4.0,30.575874779371766,0.47137099954113393,0.4263651740758563,0.5689501143250221,0.75,0.88,11.0,54.00873037206234,0.4105518233519448,0.3202787845765436,0
9.557472340232746,61.236191418576055,79.60537836648153,97.28976890809251,71.0352958804112,66.14597458175939,80.76012534574343,69.02242022826601,2.0,74.29248128430054,0.0,1.0,61.59198015196517,0.6111153466458097,0.4094379717528465,0.24307291552813773,0.75,0.85,22.0,82.9031577490324,0.45707070134248984,0.26529713716370357,1
6.082549131675541,39.39101372837531,67.54964828287292,52.07484183501611,30.502635535341902,42.23076820302671,39.0092498165303,52.95158213291492,3.0,44.55243230725754,0.0,0.0,58.30866814702705,0.640375929697146,0.26570747242214404,0.41537096981944327,0.75,0.85,21.0,36.231738156146946,0.45812678075135177,0.5179941044898615,0
6.321074231529377,37.110712934624715,51.053069025559225,75.00333215359846,49.88567991329634,47.82755957885628,42.29698748534009,84.50327155923108,3.0,43.58032751804981,1.0,3.0,81.46271617317727,0.5506089634595766,0.4794219379470552,0.7543624611227403,0.75,0.85,8.0,79.44377346621334,0.4737064309511281,0.3163829513232137,1
6.4903142172917585,65.413528982403,54.5586678833633,56.75615609388961,49.761954734528665,62.941028899480536,51.770882668658075,44.881714113424444,6.0,38.49093824804777,0.0,0.0,46.36284985554785,0.3285742076212455,0.3070178549690471,0.6228706222634189,0.9,0.85,35.0,44.0512074016473,0.7635168806989505,0.6547809370911493,0
7.795712736680057,41.085796011203385,89.18911850954348,59.1111901787314,66.82235786524282,42.39823372642475,56.25600288059929,46.52622011275491,2.0,22.225650438951256,0.0,0.0,94.54312733540257,0.4990433327165147,0.5336830941363893,0.6239730626477286,0.75,0.85,34.0,58.83705931155434,0.6500556800980419,0.26558537945273736,0
9.115273661304492,87.84760624643197,72.05442420061746,74.33355305863364,58.26073623849989,97.23124009742122,77.34938367769412,62.127668673863695,4.0,87.62960228885439,0.0,2.0,46.44164468653062,0.822783355613008,0.05099574378682171,0.5438099081590131,0.9,0.9,34.0,56.46165661589487,0.4126316485711885,0.14835552867027946,1
7.700092456810016,83.21211530572995,93.11538860280233,51.59389448741341,54.809366694391215,100.0,51.62743245734705,61.67484098748212,7.0,69.26029722155042,0.0,1.0,49.29426950858226,0.5809479053790404,0.12583839817114462,0.7487944412712871,0.95,0.88,38.0,66.98315144841074,0.8926031881630507,0.686807811060698,1
8.204912823623184,55.92542474372091,68.79276964803424,80.42610277581838,59.4616083435807,76.95981898041872,55.003579629814794,77.45506386015677,8.0,56.66584156016129,1.0,5.0,86.28977691013874,0.7002632810036811,0.2900234084978289,0.9203494169813714,0.65,0.9,24.0,57.58133071376245,0.6802698014767911,0.11842532557090124,1
9.753060301474555,74.89152331482816,99.24816438588552,88.83526458786301,67.46108113402761,84.67378222739057,75.46576296730672,79.78993989758997,4.0,81.94136777884007,1.0,3.0,33.49880795736634,0.7328853941988489,0.17351507698248972,0.3993508540468991,0.9,0.8,14.0,54.89090509283611,0.49192219985443736,0.30216354236792,1
8.906995658180897,61.12728979152819,76.29092751349644,55.620789174736416,93.84645681394937,64.18379002022061,46.02196850995513,47.1673505790362,3.0,69.658118619234,0.0,5.0,67.74931259232397,0.4833966412510192,0.36038727396051246,0.5067016194430013,0.75,0.88,31.0,37.17157033986109,0.6231960167827586,0.5877553228146382,1
8.59120443925488,62.07439188778759,92.21369141562346,40.14371932407509,74.81880740227479,59.9243573905418,68.95765205002961,34.012255017285646,7.0,42.67986595926469,1.0,1.0,53.517438462706124,0.6440089376867292,0.279211888703109,0.22850797465767203,0.9,0.85,8.0,50.45894682243995,0.34385227440356,0.456178056686205,1
6.742884144107032,61.29927439127287,45.68793209928862,65.97562467893864,55.87454875088639,61.216663313603895,67.55330792881787,55.57443991682232,8.0,77.53076563564986,0.0,5.0,69.2336792159887,0.6168473550693138,0.4111043609810253,0.8954291890546286,0.92,0.82,40.0,68.45452182257922,0.8748923776662106,0.47575494764004156,1
6.539994918236243,28.86134898872878,60.13725640617496,79.37074864811663,30.586527675909046,29.265322788172902,43.64636684296441,55.42656895481002,6.0,52.66619880126686,0.0,4.0,39.13002134610595,0.35979733530347907,0.4319573018059876,0.3342624903779085,0.5,0.7,3.0,31.907036412580347,0.3526512367445594,0.20250052849361297,0
7.776050085910108,89.08112093460608,63.57079290919923,47.258537899403706,41.678580750177744,78.94367463301542,85.9205911419316,39.269045542184514,7.0,54.75566242044305,0.0,2.0,35.494006502491295,0.44574321152613905,0.13317827606620636,0.5040895421448087,0.9,0.85,29.0,62.327802864583795,0.5801012988872765,0.44657684855367874,1
9.77546338779002,100.0,84.97080142937465,75.8179509648012,100.0,84.0841691408277,90.60052707255309,78.57117740217416,7.0,53.18395792463589,1.0,4.0,52.552425597391284,0.7388328407493636,0.27866842221166277,0.8835093151124918,0.9,0.85,36.0,58.11827711729821,0.939188021346131,0.905935481436234,1
9.229198951659138,87.75654233883834,81.25027456638188,75.19443864496779,50.87331248854862,85.71694101332226,64.56394292687071,51.49078893152784,8.0,70.73064455999713,0.0,4.0,55.24254182987891,0.5052328284093555,0.14909526062794434,0.5338270281797511,0.95,0.82,6.0,39.14532075007047,0.2792282542028585,0.3722953520124287,1
6.16645430999147,45.86398718976311,47.86468493800698,49.39154913576414,43.121058242640935,52.86316520268494,45.219931940819734,44.256477487102316,8.0,40.567933582767346,1.0,0.0,31.56479648227886,0.3056798539995217,0.36680749012446595,0.037492961859591424,0.95,0.75,3.0,59.73318827979374,0.13749741840081153,0.23299948477140095,0
6.665686157852814,64.90744373876925,62.127013493668585,36.41336756967171,73.98761203406687,62.951046194218776,56.06488867275076,69.59615022466372,7.0,46.60300282168511,1.0,2.0,55.69562288822019,0.5026664381746705,0.2683553554902166,0.2934498602491258,0.9,0.8,31.0,74.84181238846962,0.7248679060367467,0.6774388061762338,1
7.593343754125679,57.22027145667374,70.7638283360683,42.84622483145099,69.91274759693385,67.45300049420636,65.1869807024905,86.02785581845319,5.0,68.88793946528588,1.0,3.0,69.88812377023149,0.316517063375293,0.576963226568713,0.6488964869628477,0.75,0.9,35.0,77.22247943743298,0.5530787047213904,0.20488902798955366,1
8.170435975811817,79.25851980819729,80.75730804802863,59.63396077322452,40.63360243110248,72.78037262515599,77.43494284728673,71.28108234832395,5.0,78.68509614504873,0.0,2.0,73.95551468378184,0.4246524356016511,0.2940082921385425,0.5100180628073808,0.92,0.82,0.0,72.5785510866334,0.37783565389069457,0.41545180967815415,1
6.242505573195866,54.61386683387097,53.30932993716062,52.472257674906004,56.0173693134696,54.617149590200206,50.85229192784076,83.07881643876581,7.0,76.29518367948006,1.0,5.0,75.45471730623458,0.783175162408262,0.3301527398743248,0.4441828989943956,0.95,0.88,11.0,71.30922546232784,0.46029397003228684,0.5909890040754145,1
6.564068161696221,48.1178570077765,61.33333214310352,63.94965528224677,57.65654735991389,53.42862908675267,54.39000299934162,57.45454508860663,1.0,45.22089152241309,0.0,0.0,39.587863938246144,0.5354232495062122,0.24493835407043613,0.374701728996915,0.95,0.9,18.0,70.36701452582312,0.41167810974430835,0.1859604472920595,0
8.748617257675196,56.522416949183736,65.00218906848313,71.727712203776,87.50159784187875,49.405578228773,64.52716298575305,40.805921512063584,5.0,45.70506540663866,0.0,4.0,51.96941119731675,0.3911412587999929,0.5507280211480939,0.6656075815971129,0.95,0.82,25.0,49.09019242428506,0.5900065614865918,0.47917450928552235,0
7.027295688005029,59.94950492504449,65.5797094344633,55.769872536379175,45.60295332406983,46.15165571703108,68.60048522018808,45.091026469604834,1.0,35.01147204831565,1.0,2.0,30.159529517737447,0.4251666549457049,0.24063015013821681,0.7129888096042389,0.75,0.82,19.0,40.40712743327202,0.44455638472858683,0.21585275966074904,1
6.673494904747236,46.65152393657324,65.52201261304344,61.543712715050596,55.987995556483206,46.79384594337611,74.73548459762135,68.29125545047972,7.0,89.79947602820928,0.0,1.0,100.0,0.8760083743749238,0.4708965121143207,0.483919246676887,0.9,0.82,39.0,65.36711298557262,0.774642801734897,0.49633856077039606,1
6.936138518776262,65.75569247372064,68.07435045513606,66.25338335925002,31.06445304664979,70.25283948897314,50.103655260132356,55.47489187418339,5.0,26.14459534276561,0.0,1.0,52.552425597391284,0.3443359397892994,0.24063015013821681,0.3773964548230226,0.9,0.82,0.0,54.08463992953256,0.4876543082796346,0.6652026228867431,0
6.539994918236243,46.22183316470246,69.11249264909033,35.81806631967359,56.1344180974623,67.87700037185284,50.34997359951534,45.92443967323847,7.0,56.19623572382357,1.0,1.0,71.65311958106456,0.4654351713669749,0.3029334934793058,0.17603740253583214,0.95,0.88,0.0,60.49711281430305,0.0875704327524102,0.13004458457943274,1
7.584179600660564,62.44189698327178,76.61531424918853,57.45473664561309,44.92151051736147,78.47101797760169,56.283767527631426,67.27800042900745,6.0,51.32936958630885,0.0,4.0,76.92310917824076,0.5282227185814881,0.28727757637824436,0.2931326721435915,0.9,0.9,1.0,86.08196902256977,0.21185470829800482,0.29362512275954994,1
6.5467133452903425,51.117224908768264,54.422374148846366,69.92954455222528,59.23026940307587,54.99085015361308,37.90501682848064,53.17326163461101,8.0,73.19364767389945,1.0,4.0,83.15471083569831,0.5706244987483415,0.3947435984651099,0.5663234180396214,0.75,0.8,4.0,48.40749472372131,0.4955857189345147,0.6862223015113144,1
7.785243375064346,49.28524096191573,85.80337016898622,64.95352106244168,64.64381770302963,53.17105068973646,68.80557194597161,73.5154226301681,8.0,56.66584156016129,1.0,0.0,75.09121441703384,0.7609775705462887,0.3726877236097214,0.6173992275781591,0.92,0.7,25.0,82.81931696638468,0.7112689541869802,0.2914987672016841,1
6.83903210059395,31.193483124851735,41.57274558595704,57.414643488848505,100.0,30.271221210868333,56.19188489283795,55.667422074011235,8.0,31.966096371759733,0.0,3.0,55.0395413729945,0.4617309676699024,0.6046800837578451,0.17146461956460743,0.9,0.82,20.0,44.810530471096484,0.6638936819973231,0.6020966249464733,0
7.201613776931364,48.02346065332945,64.20107585511785,75.77058568066349,63.50607118416733,46.310990389664724,49.58416070205028,43.96641415660059,7.0,50.47033827953948,0.0,2.0,61.945749116715234,0.5900864430117396,0.34990275905772344,0.44809885499279084,0.92,0.85,9.0,59.541087587113125,0.4572011217367078,0.43106516309273274,0
7.9845533971330145,67.17285277358391,77.31069258842821,83.12419689770643,28.07644239328991,60.42461236295371,71.46684491877097,79.85851641633653,2.0,21.3296615077871,0.0,2.0,63.742383112448984,0.8913319498509189,0.07817827444097178,0.4251070245121321,0.9,0.65,29.0,61.88106142975224,0.43514869336060225,0.1781962426456696,1
7.6760942325456805,43.15234902620382,64.49179233623097,59.39781161640587,64.61543350126468,54.835324771304755,58.24014322881299,78.59763260672872,1.0,35.72107926259666,1.0,5.0,67.69820964997903,0.4178907192933241,0.5925143136439986,0.3672907284562722,0.75,0.82,27.0,68.92565211141886,0.65578333008427,0.528562739864794,1
8.93302750427079,57.127872403813505,65.29324959309251,74.01651537115862,61.12142915493595,52.76237949018022,72.95724009568801,51.63873788920399,0.0,37.9861562459034,0.0,3.0,66.71366519283082,0.3073130064143076,0.633884297930311,0.2316575657870321,0.75,0.82,8.0,59.51769352910891,0.4784314743162711,0.5063625094909868,0
6.02852672464,25.264540688344646,58.2840853538253,46.81085723978514,43.9265694420599,32.547015493611994,38.866046629673534,51.46313766151099,2.0,38.8361242533048,1.0,0.0,48.00476703514192,0.43772498581749597,0.3280739772230416,0.31595214655757614,0.9,0.7,4.0,52.16629487867658,0.2711681948707018,0.1731165506844244,0
9.147151839459477,73.39162982403118,57.83736324679045,100.0,60.4045043163535,62.951008018678664,61.74967997102764,72.56802944259236,0.0,33.03348754192608,0.0,0.0,59.63193076376856,0.3323810564014973,0.4110188353858701,0.40858401049033277,0.9,0.75,20.0,63.3741724230873,0.38142332391854583,0.5064087548532679,1
6.00405636708644,21.66732330203699,56.59080570484279,16.73790005567662,32.96048598083641,13.523616427840366,31.08919773199685,33.45863589359381,1.0,23.78239286572996,0.0,0.0,15.339323893306883,0.30656349173251296,0.2662942836502822,0.3619398625301493,0.5,0.65,11.0,20.987663083005096,0.5405882976520873,0.20177895649574812,0
8.8588498748475,55.72908168087822,64.75741665017051,68.15574203851273,73.59792992638205,77.07739804273812,45.061727241495916,64.32192294871435,1.0,51.22829892910006,0.0,5.0,63.44713260367419,0.3631829669019794,0.28708928016701735,0.2213800099299539,0.9,0.85,1.0,65.22515751863774,0.07364944716840302,0.08249356511799216,0
9.002923990479854,59.604624043797195,94.24630879169443,69.5131519396368,95.86388828796242,61.482232585265166,48.41313140245009,72.88205164583519,7.0,76.79017728057741,1.0,4.0,50.54161640407503,0.41731461735643915,0.6014879516795077,0.9627569704471746,0.95,0.85,39.0,78.89398961878018,0.9516350050380276,0.7883543145279088,1
8.319983616012534,70.00895712580319,57.96432313739267,52.62726859190411,73.07419665559462,65.27045784442684,83.89526471046867,47.71283931122428,4.0,59.82112957692919,0.0,3.0,45.748551633221716,0.44034800872888835,0.3021008273167271,0.7867526580282026,0.75,0.9,25.0,40.971460368425866,0.5735267692297131,0.2311673289316974,1
7.45670261495993,56.222362873093,65.00495301240716,88.94381036285408,65.58435885517001,59.141464997021146,44.33905014777464,45.79721774771972,6.0,77.10665087691982,1.0,1.0,39.262507556674066,0.6480190134565195,0.23567969465480967,0.4796638233838661,0.92,0.85,23.0,52.0384521495685,0.6413634289630793,0.5857368196747375,1
9.277681641551638,62.54011769355692,50.795559076003556,84.22768049663281,90.24437443012035,78.46875142266951,69.58942838249473,59.753086899548144,4.0,42.16943114528066,0.0,5.0,55.364074797666206,0.6235564101820577,0.2675869882358146,0.42849784887677145,0.9,0.85,19.0,68.44998858353253,0.5652858963920776,0.26380207997980687,1
8.493672662799003,84.77287901878988,52.09769153602599,55.09382331293862,76.42116229880601,92.06195380896743,64.92601355470468,31.28194761534163,4.0,35.10829215738177,1.0,2.0,34.93170490671555,0.36691941108464354,0.11466504319440966,0.43242034964701176,0.9,0.9,2.0,40.379157921911236,0.26772528696896575,0.29475878336026223,1
6.470605991384809,49.398487466374,39.70542608024931,68.71594548358172,49.11979153252473,57.53455889278944,66.91144906216127,62.37451145301948,4.0,50.65733815694979,1.0,1.0,63.23221987290836,0.6252731234820563,0.2989417094477037,0.4645486697046337,0.65,0.82,3.0,60.657451051879626,0.5462483406954174,0.42586839625124356,1
6.820514203638811,82.33068163306255,36.093536845762074,62.766241624547526,60.660708325895094,82.37346770929565,66.31933984592175,62.28529586204303,8.0,52.06547916495724,1.0,2.0,58.16727880433502,0.4942320930423154,0.16837372063476497,0.5971366167476324,0.95,0.85,31.0,66.04544821413016,0.5000980480498788,0.4316287133258186,1
7.302311842468832,72.89945369403758,63.13104656154478,57.10583250346863,55.27273093012704,84.34025317725707,48.90993336396924,57.70727727815867,7.0,69.30148767722683,0.0,4.0,33.553248558326914,0.41057405609820385,0.134154484526879,0.3256301228595753,0.95,0.75,31.0,67.1725718808266,0.5701692087199892,0.4275603473256841,1
7.826308997580766,74.53541403480985,64.32398642609952,73.99679751561818,55.19268465486231,80.05141839928513,73.41705796379632,72.36819361414652,3.0,56.044783697327524,1.0,1.0,39.94984344836965,0.5659436825592762,0.22249109548381688,0.7523738569752774,0.95,0.82,40.0,72.70762119639299,0.8068721585686647,0.3946598212391473,1
7.28826025877839,83.87868349695849,74.58458960627277,50.62495253193468,65.22561161427583,100.0,50.595877443880056,49.88031526406668,3.0,67.35645620511855,0.0,0.0,79.33790358973154,0.8969116837885585,0.03304299205794459,0.8217733822845052,0.9,0.9,34.0,69.10824929161112,0.864934685316367,0.6364279335937867,1
7.779618031838458,84.33073783147529,65.89574318389101,38.587083796422675,71.66789559474165,75.13775451010024,56.06488867275076,47.934594018330024,4.0,60.31114561019545,0.0,3.0,43.712080910612286,0.3521288073767985,0.18005060492873576,0.5411281525540804,0.75,0.88,25.0,51.56197430072893,0.41333693054431536,0.5199041803463325,1
6.76752034321737,23.257415188622872,79.0841885618517,72.36481649945888,64.14981065561659,52.98670725620289,39.95293285980547,84.536678943552,7.0,74.75035921462316,1.0,4.0,63.49581010079874,0.7887034424647648,0.4954460880336981,0.7680374406594669,0.95,0.82,17.0,84.05594903014634,0.7112689541869802,0.23047471510850198,1
6.447806823442158,66.15817959059925,58.71024013065204,71.59008188054197,50.114344480883844,53.839495756293786,58.57169438224596,74.87243550501579,8.0,66.4509724691165,0.0,1.0,62.94967167074159,0.7730495581763125,0.24176321590995498,0.16787856946490787,0.9,0.9,13.0,100.0,0.4404540190612018,0.6880803550580207,0
6.905686411575829,69.18385769536856,56.43255856850082,31.927778739173007,73.83549039933108,83.05913401929473,57.0413671265202,51.447814744899276,6.0,27.891699400900908,1.0,2.0,72.99422635340369,0.4461554068896462,0.20069187625121923,0.6854967317732171,0.92,0.65,38.0,67.16710314504671,0.7743080729923862,0.4071302542823078,1
9.223846865432108,73.98499576052089,55.455478700661175,71.81475676777775,100.0,71.53623366661199,76.73495129274372,43.233624391431206,7.0,75.58403759055611,1.0,5.0,84.72775374075951,0.4692730505448341,0.5139509618722335,0.9249600125157554,0.95,0.88,40.0,32.18498213860988,0.8647895464678497,0.43177744757250164,1
7.695872886605678,40.17737072492494,90.17493650660344,62.70335285340773,65.28817207632058,42.697205959372546,48.41642397669915,54.96291777806395,3.0,68.73768324391106,0.0,1.0,31.53913427122353,0.6004563280563073,0.3540031839829961,0.3370752420570586,0.75,0.82,12.0,56.98216381892351,0.44736812421622685,0.4229673080923661,0
9.081659028511703,55.985826799154445,85.55745640140132,77.0497968140444,55.0221208983955,59.141464997021146,76.93696934583569,43.154379757764545,3.0,54.342188938353466,0.0,4.0,80.38819152757682,0.5530361183369766,0.5136698283283446,0.8027396197388523,0.95,0.65,40.0,59.18030243308505,0.9218658372586184,0.3792094425288891,1
9.413792879973837,82.48322184920087,76.06294742290916,40.57287015164853,82.82416220476654,68.50550415573753,90.86758125920245,42.906640104363234,5.0,78.19106216637084,0.0,2.0,44.06188121082218,0.3331254942705475,0.4132674700201415,0.37855869642539663,0.92,0.65,12.0,39.205730152072256,0.542683223000075,0.6428868586619573,1
6.256022359505423,38.56517773705691,54.85821752451292,56.29436509417581,33.04527775414657,53.428920859626714,55.11429338073782,67.95059337979417,0.0,29.23283629788655,0.0,2.0,57.486310984565286,0.4440118957591752,0.34695480872856926,0.8858415527846273,0.9,0.65,40.0,76.74115128275156,0.722800303566291,0.1175770405854436,0
9.76975962100661,90.5480689572776,99.24816438588552,98.7597666253338,61.6301532578393,100.0,73.4404827631844,82.95925649954366,8.0,64.60858540065338,1.0,4.0,75.36884133935581,0.8223042012338055,0.18953793958546217,0.450129628000041,0.75,0.85,33.0,83.22467500388392,0.6670702030699176,0.5609062344039694,1
7.437577325018978,43.26918461285292,80.049713354364,46.97122627584095,67.22088643832092,67.7451503153105,47.252140936318646,79.86089436889534,1.0,23.683659807508946,0.0,3.0,33.080704870353586,0.8585434687391365,0.1477507050466222,0.5220035279045087,0.75,0.7,31.0,85.74064142661331,0.7994091723532053,0.4763997237648637,1
6.513303210426591,47.784390557753966,61.60547617979298,83.13763772809597,50.85569422014099,54.5401870830062,31.706786785335428,77.45773747254155,8.0,43.725955648115516,0.0,2.0,56.479439966612176,0.8591024127452238,0.102239088833091,0.2668560010210542,0.5,0.8,17.0,67.82705611420921,0.6667473804565858,0.47915903173381635,0
7.094627881144135,59.95962803888347,78.17604312944951,40.632659776088474,35.99231905449995,51.690738767027284,90.66645165898163,35.454782704839126,7.0,70.05433557544272,0.0,4.0,55.52216464198791,0.8441705136513016,0.2477219358336295,0.3110073104762599,0.92,0.88,0.0,44.37064266514854,0.5274134074275065,0.5064087548532679,1
9.250806380987951,91.86014901700362,62.9917276100967,64.37627570835953,57.441687981347,94.21261235874078,81.63268744069656,70.04542695906211,6.0,62.65765905407085,0.0,5.0,59.18200757620392,0.5297778102244394,0.10482306745663429,0.5250380431925269,0.9,0.8,12.0,55.472635510291184,0.5291257377192624,0.2538770687569595,1
7.55099533927785,50.87502067786627,84.18482960213568,82.05051023168069,30.08106233901568,66.70460188366734,45.37152181480289,52.26713367240308,2.0,69.26029722155042,0.0,3.0,34.21637460767913,0.404256604238915,0.29746537179511845,0.589495904316855,0.95,0.82,38.0,54.889443783348504,0.7449481234282387,0.3139524560255238,0
8.906075414144066,43.26918461285292,98.33884106997351,62.998420466691485,68.78590128657976,44.695305526776295,62.0400220573866,36.41875290066619,5.0,46.12207919387811,0.0,4.0,71.23485566745742,0.6991980185302289,0.5758343283818569,0.3211601557635522,0.92,0.9,29.0,28.850242514285043,0.6050137020627171,0.6073538353240769,1
7.186993237251756,57.61649524895249,58.2213636797027,61.92854812060019,19.287732936805355,58.81081692744128,77.27602363159325,42.326273124953815,2.0,18.371447123099628,0.0,5.0,75.91443646873205,0.6427427452051342,0.23720278935634975,0.2540694287327192,0.75,0.85,5.0,63.38047825159091,0.147845850625089,0.11755562754922895,1
7.078852063883348,67.6369809319823,72.85211125238507,36.605569010604185,42.64892045760048,59.141464997021146,80.15239482561773,62.70657295665346,0.0,41.828939446374505,0.0,2.0,66.58811136212906,0.6203131989721938,0.20846474823048833,0.6207759725075084,0.92,0.7,18.0,62.43891013247965,0.43319290226193,0.24614752452475228,1
8.069283927757091,74.7175852321609,75.04304550523739,59.41867688754147,70.42541478389987,81.56712236082132,79.95473019759777,52.41108135488683,8.0,97.9083657525201,1.0,1.0,78.6435655165027,0.8068689058833172,0.3550716040897723,0.568408844965902,0.95,0.85,7.0,68.62576441043336,0.8468514242457382,0.8935224093075812,1
8.80813921487906,79.54553267155846,63.226902918011234,71.59008188054197,67.14561280521019,77.72224552098695,87.66528198626634,73.14773271708098,8.0,69.489089553309,0.0,5.0,85.58396259531642,0.7846630537609915,0.32655179220093766,0.7467470476535714,0.95,0.88,23.0,97.34032143735669,0.6011240213321721,0.42269866434888786,1
6.032745577108257,19.565225738228314,64.32398642609952,39.18256300864921,54.536997357040974,27.273229037149257,31.706786785335428,47.82938752289753,6.0,53.892241679115635,1.0,4.0,58.8102052937885,0.7090633176619352,0.4109250092463234,0.8230858007468114,0.9,0.8,21.0,48.35222976048396,0.7654113332385492,0.37311222005086303,1
7.45670261495993,53.64115294048193,76.1571087187686,60.285826604900606,45.40024827155023,78.48485018645026,46.27079132263444,60.85754550358791,5.0,18.407966059957246,0.0,1.0,37.031834576276054,0.4409811134593859,0.17004883774141355,0.5477141144407391,0.9,0.8,35.0,53.57750301062593,0.601070043713935,0.1859604472920595,0
9.313996347613582,70.44849187317394,67.8702706098164,87.99587932552375,93.84645681394937,69.3666547294211,73.02684611923114,88.58154298043722,8.0,92.46918136761872,1.0,4.0,35.95773750771487,0.435195272781664,0.5692891318243508,0.9627569704471746,0.9,0.88,40.0,98.2839469635048,0.8791107224809042,0.5569087868869818,1
7.917271910874962,64.91454861113122,70.27822224933936,68.35550262827718,67.09722491502019,70.45617414959557,58.37780252636297,47.34772187878272,1.0,40.757567439103994,1.0,4.0,51.54796666709451,0.9220158863572581,0.057320881369147945,0.7220222386274049,0.9,0.75,29.0,57.02365112115977,0.8825089924981084,0.4563800316558324,1
7.7799832367377295,57.90022017953583,81.13611445641423,47.83089076700297,71.19959802077335,92.1870997043238,48.36717451582354,73.83581270284009,4.0,91.9482449722229,0.0,3.0,34.443664556850436,0.5422418794146686,0.2276015114747826,0.6239262801503884,0.95,0.88,33.0,82.49344404238921,0.6214291108857504,0.29585479504058315,1
7.398036492842907,51.49657918176127,54.324705855076445,73.4568557367733,65.28665979622147,68.36666572409246,39.52859798794539,67.87572606670284,4.0,35.31989772552569,1.0,4.0,34.40652464379889,0.4520297615662644,0.13581794116943194,0.5535735790842561,0.75,0.7,3.0,75.93308415268775,0.5285774785600496,0.18429760012073448,1
8.25535925128033,64.90992295483197,79.39635459527214,63.39808772901462,56.909745363380814,61.5528492970007,70.92982136350791,67.51947695048072,2.0,43.873030373135094,1.0,3.0,48.7309046671257,0.43819316438121725,0.4118902061699262,0.6922028510112361,0.95,0.8,36.0,79.84751085355522,0.785077296257386,0.5069563927327569,1
9.35741337841009,89.87706005233152,64.0662971219458,77.64688343494774,60.09611585543672,91.73651114650207,78.24000863347305,45.93612997238028,0.0,61.93360168871073,0.0,5.0,96.45386753706353,0.9395327112669614,0.0364620789987634,0.5420477763724979,0.65,0.9,27.0,71.61167945503891,0.5022611531772985,0.2049429596751741,1
7.921896796022417,61.959495598925166,78.11034803474296,67.65751778016336,68.11507238345554,70.44757800134225,56.792510842276066,58.468994933250386,5.0,46.85492152063344,0.0,2.0,48.53016370304136,0.8964285407792938,0.10814863639052794,0.5860160450171445,0.92,0.88,4.0,67.74207873967454,0.6365570219408728,0.5012218136139038,1
8.967185747172383,62.381575583222585,67.10218403456223,79.98286847146395,58.96058788528347,82.4344920472009,82.87348499436379,50.05242878570705,7.0,95.0507395735271,0.0,2.0,59.3856080338712,0.8229827518660575,0.25298375283571534,0.4703158045605062,0.95,0.7,27.0,48.15832539621134,0.6441760065199702,0.3457260716265317,1
6.5467133452903425,56.07944233399921,44.03858568250157,68.10427919190386,62.85028083230772,60.43632680810493,49.905592194052616,68.93634501401225,6.0,51.95797959701068,1.0,2.0,64.06739814998765,0.45036345276958145,0.32668835038317806,0.46332121176347846,0.92,0.75,21.0,61.58695866805268,0.570271481792651,0.48866445951385534,1
8.835058320045588,77.94234176574918,64.3625481188295,83.08764548460115,80.25197629588209,63.97746103671354,73.10768123909507,80.5392900039854,8.0,76.13173440910785,1.0,5.0,80.90891726003623,0.7854873577525345,0.409832131960465,0.516007964082313,0.92,0.82,38.0,90.9832830467258,0.7748540711056694,0.7823273394437894,1
7.007811133227751,63.21599871345484,61.52060936519125,65.13387605210323,53.45275449369131,67.45300049420636,57.38198819479893,76.82010471393588,1.0,35.561243397143,0.0,2.0,38.158537370441366,0.393915448135698,0.34400915633082113,0.43598753904618526,0.92,0.88,25.0,100.0,0.7020558082265004,0.6596943196803308,0
6.572557300490313,49.75875522748862,71.0482064344204,53.19714915544805,73.96987903018463,45.72795252414937,28.33223931002214,61.03531825150437,4.0,52.462624476959476,0.0,1.0,54.5666048825251,0.5925794891469903,0.2247444813066487,0.2302731490944442,0.5,0.85,16.0,54.3936141810871,0.6394321143378083,0.7498527158630479,0
9.320776292034445,99.91232535865998,53.075983342755066,82.21231189931441,95.02474357568596,85.21357135028319,96.21653494341747,88.78684395685715,7.0,72.91631294990589,0.0,1.0,87.45994771440307,0.8693747558955078,0.22076669652024192,0.8415086872443657,0.95,0.88,30.0,87.38739647162559,0.7503556097096121,0.6596443185779202,1
8.441436448783081,53.93840458802371,73.84939916296622,63.08910291362921,66.55809067414644,71.96733063052656,68.48111762726735,61.360754531973406,8.0,80.63588080246751,1.0,4.0,74.96266217819762,0.5147116397978031,0.49183052549627976,0.7365507108306361,0.92,0.75,37.0,46.42307002970937,0.7469459681086741,0.29362512275954994,1
6.776709994909431,58.82816493868444,65.93432838829149,70.6094061898108,40.62021370833247,70.80356341195328,42.86825833625126,54.75272236548371,4.0,51.82311502409274,1.0,5.0,68.25869408262531,0.820835260994893,0.20921164605588144,0.9023180667589743,0.9,0.85,22.0,50.39327423546093,0.8468970955825691,0.7430380212725001,1
9.632977306185992,66.8269300571957,78.065186408165,90.87054718006421,62.129714557151495,76.4298114299676,56.176963289052395,45.33413269092827,0.0,14.74758776753744,0.0,4.0,46.31502304467627,0.7324213151107417,0.07405731101152001,0.06910410382072957,0.5,0.85,1.0,55.77331673000464,0.06596110885150355,0.17023081463440753,1
8.134911934239398,55.23012456992752,83.39638520820829,65.21109849570304,77.10244514669967,52.50723538394923,57.071361798664626,57.26442234044289,8.0,71.23932191503762,1.0,2.0,82.34962451288595,0.9430801215045563,0.20976517154065485,0.44216360258241716,0.5,0.7,17.0,34.55581462879501,0.702910251534979,0.7925850184806418,1
6.209797835490326,53.40315872000277,46.3629972373151,42.72645574009613,59.98326319678579,75.13775451010024,40.79380311815005,76.63679086731366,4.0,35.96332473231803,1.0,4.0,69.40485488543999,0.4746851020655346,0.21808831994975467,0.6720028014056633,0.95,0.88,5.0,65.80018168740118,0.5918038914205822,0.3143303266299419,1
7.902911366505058,78.83195769841011,53.12674531137958,42.33232744537386,84.42583451299129,73.23570831773407,74.99860669314589,43.74124396322202,4.0,59.30138345115042,0.0,3.0,75.68195606693469,0.8739013006621321,0.08099494318043246,0.7203319761537031,0.5,0.85,25.0,44.76990128318727,0.5736658719214592,0.3586457992112141,1
9.693866673097366,100.0,91.57092495426154,71.81062100218824,94.0110546603916,97.76576181789385,65.71645540340958,57.58992351059493,8.0,95.67604918371129,1.0,5.0,54.67829870765294,0.43570226022403763,0.25315247834007615,0.45220385242040084,0.95,0.85,18.0,58.016752323460224,0.6503315572732382,0.7488843706506652,1
9.605720277166677,100.0,91.34024490424966,74.61296878447632,50.321605242356384,100.0,79.30281937867673,73.11585131790608,6.0,77.0718755447616,1.0,4.0,83.44524854926831,0.6580599779768582,0.16067486966547775,0.7252341269528684,0.65,0.88,9.0,61.94097421692017,0.8164733034457643,0.847418876953536,1
7.521714731932057,69.00749703987938,59.83517311590876,46.716664642180646,48.629936080284274,51.138832529486095,79.20351710653924,38.72858076719295,6.0,53.13811459668598,0.0,5.0,63.025173610883805,0.3980131110850226,0.39075672592615956,0.5492654117902814,0.65,0.75,12.0,51.85157464713245,0.4641640710116722,0.5370505570479559,1
6.319638271316152,38.21544671038515,83.75800474859751,40.926316341377074,50.36860116932018,52.375029228172075,42.601085515297626,58.25282999283842,6.0,61.58901818214495,0.0,0.0,56.83846557475031,0.7168961414733586,0.23371842115011404,0.48280441411876235,0.9,0.8,22.0,52.89717393431745,0.6162214589889824,0.36645306717845416,0
8.083438607861117,49.350410723218324,61.12583497524075,89.13895852486354,63.031524946083614,40.451582312044536,59.7276918229211,33.48818958233349,0.0,41.49319127127859,0.0,0.0,71.56686284190422,0.4848472803347862,0.3879231063143932,0.5151203877979273,0.5,0.7,23.0,19.56900353182023,0.8735463735528314,0.6722048168793643,1
7.705172127364753,67.72924164775607,73.69038379500668,63.11750945941628,66.03365926983784,82.04268227476072,66.63973578946204,63.29261271207978,4.0,44.374956716033225,1.0,0.0,47.34257173553387,0.844852310415763,0.07324104186457908,0.580963025866664,0.95,0.88,24.0,48.91329198864616,0.5857785213058978,0.23208144988485943,1
7.487669522216521,45.596393202793905,68.98961754659005,60.734570181846294,54.11196115145206,39.73247541139794,84.24142087919459,51.64751142598553,7.0,62.44048482404733,0.0,3.0,57.8250019387405,0.5868423313749289,0.5602312116689095,0.3036583492393181,0.9,0.88,23.0,53.581824503781434,0.5630637738590574,0.39314051515468024,0
6.191443005496507,60.73976854136959,40.1226809338853,62.32469060836796,57.870988343702905,55.3562370435128,59.18145150430804,61.16275491353752,3.0,62.13636436927924,1.0,0.0,33.89240782693702,0.7086927117441071,0.17167750738539383,0.5266352880147009,0.95,0.88,26.0,51.03768509294942,0.5685757102856098,0.5652487874680798,1
6.4520225808128036,61.62728544608779,50.70476927101055,51.00914545475801,50.49514224419166,53.482249423902694,59.56783237359785,58.94137103307872,0.0,18.699302176275616,0.0,1.0,28.63090485659265,0.4215104235406411,0.1122510713957769,0.2447321179734505,0.9,0.88,13.0,64.88338830382969,0.4389946954689863,0.20779429514526068,0
7.168988244611695,35.41025665770143,85.29024316222356,47.14505826253804,59.14993123941166,59.15825073693012,40.250221157201814,69.89292200323055,3.0,56.46437906139544,0.0,3.0,79.36102449257302,0.597470983517757,0.2841449836154142,0.2786667795752926,0.9,0.65,5.0,80.67842544754264,0.28499252069898223,0.08537296148729484,0
8.906995658180897,100.0,56.48306660402846,53.001679497914616,95.26966777731168,100.0,69.0930322297835,66.44771532488036,7.0,81.62949899009311,1.0,2.0,57.95231683236436,0.8795124250905937,0.022131598547010807,0.6755514817497451,0.75,0.7,11.0,56.07641124423326,0.5669924919869389,0.5765448892474788,1
6.285065767935861,32.894730797030974,87.11885998072009,34.96934438206825,51.6235920880638,54.3652017884585,32.22612357643179,29.46381859377137,1.0,30.320999008182312,0.0,2.0,79.60004678706397,0.9339947307357503,0.07175789751987771,0.4624871530096999,0.95,0.7,38.0,53.93628078776561,0.6048809820591013,0.11882725834042338,0
6.361712645680502,58.15165648670079,72.95581633483972,48.0289199002908,49.165867486367716,66.8182867457425,44.87753974775448,71.20113872866425,8.0,80.95333717209905,1.0,1.0,73.13457704993843,0.669428733124892,0.21052912332040372,0.5665847047891084,0.9,0.82,22.0,61.13052401850686,0.5511751651105333,0.43743366590127936,1
8.785873003326273,53.17168110751321,90.80159183625307,45.070475687019425,70.35491549898538,65.88558867099711,64.38754197650448,48.296378788432136,7.0,39.55384444935267,0.0,2.0,68.70573858747267,0.405638402164333,0.446211849920951,0.3960202361422041,0.9,0.82,15.0,51.602116668876825,0.43672549913880976,0.23881616509379622,1
6.454755712286598,55.333329026100074,57.03931287198169,24.417119920831915,65.8362006770834,79.90188690645674,48.091015502430366,58.80895402268686,1.0,80.95781909928554,1.0,5.0,96.70400575517817,0.5344831108865371,0.2613815344688699,0.9203494169813714,0.75,0.7,38.0,44.166673410530876,0.8423972847626788,0.24213005593177825,1
9.127873517810361,58.638353573521655,64.7496011891612,68.69236471928444,88.54288815011016,57.87747062089859,83.40423261792998,62.53366673047333,6.0,48.33904414599496,1.0,3.0,51.725499102013465,0.49637910328371526,0.5260418072161577,0.2942790453178661,0.92,0.88,6.0,54.00873037206234,0.6907833526406969,0.6444359983224106,1
6.174660347492532,32.203294928230676,59.42825643607603,56.07060800298509,44.54348950366092,56.488235594560365,41.55054003175867,45.343983864844276,3.0,17.663778267706,1.0,0.0,95.84811205221075,0.659693941188549,0.3155864492241714,0.583429439643766,0.95,0.88,12.0,35.6931134955629,0.30110277693616844,0.09179574109835767,1
8.87315396130884,59.917888835369894,87.78559003872847,76.46344326896654,55.625970726094174,58.63321145951895,58.534638434983876,71.13750817434105,1.0,24.90654896424946,1.0,4.0,23.736751072618326,0.5768570781107187,0.16772937586645292,0.3211741282169888,0.92,0.85,5.0,52.58633113677571,0.40977086428030357,0.2277869246348009,1
7.44040024114176,57.7758173133993,57.168165946571136,61.54791002643486,65.28817207632058,70.77045255039721,42.29698748534009,56.80329161421899,7.0,48.800594564155446,0.0,5.0,36.74733317889953,0.3339499605960548,0.23738293071780345,0.5990179389703488,0.75,0.75,33.0,60.707302385408546,0.8447889269524295,0.39623755346618145,0
7.917199700684475,49.969255700608386,80.43067109193463,45.58235554977372,84.65133610134183,54.434516397820694,58.64781214591785,64.98099995742217,7.0,68.39577371782526,0.0,4.0,80.38819152757682,0.80651527863836,0.34990275905772344,0.47358709641496466,0.9,0.85,11.0,61.475718895844274,0.3474704811830132,0.28416416123373567,1
6.972667344156891,69.59935990587392,83.38898197370341,47.430362350570775,44.70601942535296,61.216663313603895,40.7487267197028,71.32848769582513,0.0,8.374065395583237,0.0,2.0,83.1446693457164,0.6487175559263818,0.1523221072647113,0.4132862007767181,0.5,0.88,20.0,55.43650161418048,0.2479089006843828,0.47438088532489264,1
8.242288402361575,71.73097105304736,94.36649700021233,71.81475676777775,48.908529643201305,72.87198532718324,44.08558707272963,62.65352175367112,6.0,65.66643905831859,1.0,2.0,71.4037785488998,0.771943357746877,0.11482369624768365,0.38461396228809575,0.75,0.8,16.0,41.51263460528993,0.5069518278576878,0.5463932844941864,1
7.094991333893355,74.36516601987469,47.85869076076234,40.134738863670066,51.28639993340253,76.62149778136587,81.71813783320718,56.38733742800731,0.0,21.518502636895626,1.0,2.0,25.137926890864627,0.38362648348154677,0.09704439280703238,0.4637998401918211,0.92,0.85,17.0,77.14406972252573,0.37789250885938996,0.07219721362517831,1
8.975040041852552,81.31864097220483,77.36822638832544,100.0,42.453192888745235,94.16316407456418,69.88440589489146,54.969018585671684,8.0,62.61402974968889,1.0,4.0,83.24417856662114,0.6989115435617103,0.36150772756103294,0.5971366167476324,0.95,0.9,24.0,75.90594173680019,0.8062259745073881,0.7991101732491797,1
6.86225552639336,44.996697202551196,48.439756141581185,65.50766717656865,64.9941501919911,48.659358252284505,55.88910440504728,63.80440397891264,0.0,55.217356908800895,0.0,2.0,38.6350457707131,0.33920208910976196,0.4954460880336981,0.3391031997291149,0.92,0.85,10.0,74.96101557364923,0.37953174007660034,0.3908022146696623,0
6.963925124934948,97.00276026068411,54.57869018947851,47.95929008071105,61.33522807878487,100.0,48.54588999727328,62.89795829245537,4.0,33.951564276498516,0.0,2.0,59.43980215567869,0.9341162964651422,0.0006787400030289956,0.4736644630135655,0.9,0.85,10.0,44.30310071619444,0.5632087895556482,0.6487911122355354,1
9.442428431507558,68.70186008108548,92.40846712495357,79.29813671375103,84.78039646532417,57.210126741391434,61.74967997102764,85.27519493660792,0.0,48.7424904951621,1.0,4.0,87.45994771440307,0.8922540698677499,0.30910565689336617,0.49667237850023865,0.65,0.7,22.0,61.337837138281486,0.7956167746331184,0.8414762513070245,1
7.93174040609838,67.89943645913509,52.947808857438744,67.13363426554105,68.81268162893802,65.99043238053109,73.70054016974876,52.16792645519811,5.0,64.82326170418904,1.0,3.0,52.35226430760882,0.5691526944520868,0.29342496520194333,0.3619296064280979,0.9,0.88,2.0,59.46362881410715,0.5274134074275065,0.6106758896292195,1
6.681219570999408,46.61027394364913,61.70323433724776,48.57087781162387,48.908529643201305,47.14351379622103,45.061727241495916,31.31131176735775,2.0,12.467573712463334,0.0,1.0,52.624412449824135,0.31087430049446896,0.3367233455637925,0.5621134229289606,0.75,0.75,4.0,33.06260365076932,0.3927313665070218,0.22775893570537936,0
8.747832448152469,77.5116528956606,81.2509935339864,59.01915809899239,51.82521432606501,67.68443449583788,77.05054302439206,29.25442771889937,5.0,69.27635318923286,0.0,1.0,56.53634055544126,0.3348651944009431,0.2918793959935373,0.7846537874287853,0.5,0.88,39.0,36.85326108863643,0.7424810773264069,0.23384022964709925,1
6.070063650925737,30.29679071643419,67.76793855744796,42.22028622074041,37.34202563471256,40.760324106868104,30.884349795351056,37.92755326425555,5.0,38.87828151965894,1.0,1.0,56.301003608723974,0.7617962111291352,0.16134268568853086,0.12187927623066212,0.65,0.65,4.0,33.955377439584915,0.4653833374115481,0.45228502479994076,0
9.621963843667599,52.401460711711465,66.50231939192845,93.09900908936223,88.54288815011016,47.36443798891254,82.0428487390642,55.94376140197454,2.0,65.38585711708737,0.0,4.0,76.7281897486222,0.6005720325046484,0.5740820481386043,0.06369795725274584,0.65,0.82,8.0,47.164934459674996,0.4034583053765603,0.45445877548533997,1
8.4730194409274,72.1647800578369,78.43065721790973,67.9698161230557,60.90044078634435,69.29619956002348,76.06774264637536,77.93165859118484,1.0,50.483765968992984,1.0,0.0,71.66560612794953,0.621593204435589,0.3549885837452078,0.6201040722533715,0.9,0.85,24.0,54.57493741786734,0.7487064411355886,0.7229337777560818,1
7.342683241260178,59.82148851596044,49.520791668736976,64.61288178829832,83.25921792215317,55.43170176260644,53.29285809488355,70.67290925332759,4.0,49.781569175595095,1.0,3.0,43.00582309980497,0.3711939787302646,0.47172212093104543,0.58721188059169,0.95,0.8,33.0,55.10111767490193,0.7112689541869802,0.7163046506923023,1
9.115273661304492,86.25181834904406,77.35514489718672,58.863555308451275,74.8650800801074,86.35467739344021,72.71427946604295,57.509879170118275,1.0,53.322816672553465,0.0,0.0,89.89913524091783,0.4276061921296831,0.2541182734012549,0.5724392866728825,0.92,0.8,14.0,62.174159535077564,0.6309766556766981,0.5123850273304407,1
6.496856890830011,50.415899750888336,56.348732695905184,59.44650908615705,48.643390140150174,67.92380874874549,53.416159262663726,78.07683654909218,4.0,55.0604589099794,0.0,0.0,61.08376581989818,0.5577140000891894,0.2249008393758639,0.3245756029247969,0.65,0.8,17.0,85.31241411100365,0.46029397003228684,0.28690593182480106,0
6.075112492302228,66.34613887284372,28.88951706397274,61.80660926137859,30.08106233901568,79.87063173697419,23.288525077339962,55.99003209935164,4.0,50.560754717735946,0.0,4.0,51.41641723936354,0.4184062436956078,0.043456646424319505,0.5460958461029677,0.9,0.8,21.0,49.40455128852889,0.3425299929808944,0.191450177209097,0
7.160826327010446,58.61254657308055,69.65270866672037,74.46881630289613,13.435207433119118,72.78096863567713,56.663479388096945,60.204866279315326,0.0,18.357941242402767,0.0,4.0,55.74752431735742,0.8415900315662537,0.05953775829854381,0.43291549995771256,0.65,0.75,21.0,35.412002131273816,0.6821810542749293,0.3388789430786384,1
7.874501908232533,82.92433408427593,58.089845843422935,59.086713170713125,57.2250019072132,74.38299730187535,74.30604774140055,51.22968565895242,7.0,83.52933324246607,1.0,5.0,44.59617932489605,0.5503285279676575,0.24405907496798704,0.4625246725822751,0.92,0.7,29.0,50.311212824043075,0.7751044929134165,0.8414762513070245,1
7.790165583343904,74.42164547315711,76.3124222762326,52.627256303818534,67.17131694951763,83.96121353217166,49.79416326254776,73.9392393426701,3.0,32.40467045887315,0.0,2.0,38.97820140566104,0.37314354990134435,0.240244566589109,0.7206496813543345,0.92,0.88,37.0,61.155771854929455,0.9076636587930548,0.7430380212725001,1
8.422837061818145,72.89945369403758,59.907087953444076,72.22766952997625,80.94547565691478,74.34817295155446,59.92771585055068,65.07870756455868,8.0,69.27901653140245,0.0,5.0,63.49581010079874,0.6658289454822499,0.25110815571926215,0.7196875535508048,0.9,0.8,38.0,79.47958857589005,0.8809375311603114,0.6266987963052301,1
7.251197346471525,63.70045985275349,64.3625481188295,62.46380175093642,74.29878361933102,67.16100187519616,57.29135434176737,55.91666394646164,2.0,66.4509724691165,0.0,0.0,70.00505626476061,0.8623668637922015,0.07324104186457908,0.20838173621201894,0.95,0.88,13.0,43.78398856437525,0.2663873435406296,0.18736543747361517,1
9.109263939983578,68.99393026302587,100.0,69.01184991858123,59.22498119516775,68.08098062445734,65.83772645856718,73.25452942810314,3.0,37.82668358299959,0.0,1.0,71.99010340968208,0.7653954044900607,0.28811378417688793,0.38210393973415835,0.95,0.8,28.0,69.3913998071528,0.7708228735482835,0.6767792961462646,1
9.024908513979438,57.36461841962375,81.15246344096079,69.01942075673907,58.520698647715804,76.67918628791048,86.45715655801982,84.96243389627318,2.0,89.77953752587973,0.0,3.0,58.6895939672476,0.6580599779768582,0.3285882116710863,0.44127350167931917,0.95,0.9,0.0,87.66929522486726,0.1339819016416655,0.02513043216629475,1
6.400056703445675,63.60083973600714,61.362103016917516,48.46750036261196,55.343772888100034,70.124007538314,38.106421010844784,62.549359346611965,2.0,34.09653410191568,0.0,4.0,61.10148164652714,0.9205765242647779,0.02580905996955672,0.19228975490047526,0.75,0.75,19.0,85.950991010732,0.4687014776033858,0.44820547967125873,1
9.618548920213598,89.02883370736147,94.36649700021233,73.7148383547538,60.02390073423261,70.03015178021717,87.0322599272036,38.823976492508976,3.0,49.989154843458365,1.0,3.0,82.8434328391879,0.6277627434571298,0.25182387062012157,0.795374193423263,0.92,0.8,22.0,61.56989257209165,0.3946437287124008,0.24143054798658128,1
9.557331949986157,84.24797268974109,66.17602114480187,79.29813671375103,75.39188181282572,83.05913401929473,87.13377229255573,58.04931720748365,4.0,58.31382490474402,0.0,3.0,68.4535107627724,0.6773485247023068,0.1789357005595144,0.4301118474673037,0.75,0.85,6.0,72.1409331780627,0.6247488998593761,0.4788609851869142,1
6.060061110672509,51.03614341118023,48.295578364937555,29.956226891714742,33.629024707457624,65.04551116766815,51.06794271176009,64.86732945366818,0.0,44.514482407244216,0.0,0.0,49.36378425433986,0.5221538799756686,0.07803142916060996,0.3476141534864654,0.5,0.65,22.0,71.1491513998079,0.6011201375571219,0.2622898513647491,0
8.011687145299893,56.74807305524458,78.97241464707301,73.22440327938244,57.518012074538426,58.88634168367859,62.63267658482163,28.200720762393185,5.0,35.51158357740573,0.0,2.0,29.638818021064196,0.8652883106124334,0.13000502594240787,0.6982790565763356,0.95,0.85,30.0,28.195095208123625,0.7763975816784169,0.401964061282854,1
9.214028439648143,78.87541259149563,64.13071860138405,80.29333716929413,67.20749452211192,100.0,74.41540417560333,59.496426248864765,4.0,59.53389978326361,1.0,4.0,42.82210281983032,0.8608839440322753,0.11455919457253902,0.6620620176944738,0.95,0.9,38.0,57.799169324122474,0.6395471006076558,0.2954829892228847,1
8.739954107733556,65.07719633937509,86.6320792794137,53.23685698940294,62.78547335209632,63.1761874755413,84.43425568273398,74.57618456042115,6.0,67.46004242603651,0.0,4.0,51.19589622483329,0.5739348752114646,0.5608972510024999,0.7023780284216254,0.92,0.85,39.0,66.98315144841074,0.8952497515193663,0.8195817158478804,1
7.831716886428133,67.25262981367358,59.63041987180711,72.78558396397777,54.89365638905489,49.453682407697684,86.92471470702435,50.11500966964742,1.0,32.106270310319346,0.0,0.0,90.22923795211643,0.8674595409294366,0.21319550950283472,0.26163235257953893,0.92,0.82,3.0,53.5386824294408,0.2669706754666514,0.3420263787258986,1
6.3222840466959,65.07719633937509,61.16412483739234,43.105788148274215,51.12062519089919,73.82613788016407,43.48395595135108,56.093639451163256,8.0,57.58441101368119,1.0,5.0,75.7855722769493,0.6313952094408979,0.2771512224389476,0.7308882960316186,0.95,0.9,28.0,62.770834295336,0.7340701944690732,0.6474445117639744,1
6.642711888054852,66.22272045608187,45.780049088747944,62.198128757255986,60.02390073423261,53.80209717501248,56.06488867275076,50.05938897226304,6.0,62.60446271035015,1.0,5.0,68.75944043724887,0.6192642477272935,0.13520182306938078,0.5755558091474944,0.95,0.65,17.0,63.188577297674264,0.2570256859924031,0.08288579754802754,1
7.269622814443272,61.741987918785604,66.10886695445136,64.04955630923719,42.00813491512187,94.58244410430441,47.907196210741525,47.82938752289753,2.0,33.30342974001057,0.0,1.0,77.47362466368149,0.46604927086027403,0.1353602378558141,0.24510084531571644,0.95,0.9,0.0,67.34904199769173,0.27991728220939444,0.22856896739191665,1
9.71132349722304,56.51237846611867,83.88677990312277,100.0,95.95745042407003,62.8165332786824,75.89628364970793,77.68253632777223,8.0,93.90278493474753,1.0,5.0,75.41069457997678,0.8928576521515288,0.49137739436585653,0.70546179288105,0.95,0.9,28.0,63.60760924851997,0.636142650967027,0.3012386311177193,1
7.262219581273117,34.75229072048044,70.1081149237706,78.82076823059901,69.23371919042665,27.97931049237924,58.9679475925675,92.97965774238952,2.0,58.8164254372985,1.0,1.0,61.81821904880209,0.6382747462407016,0.5486923115910604,0.1745258465866163,0.92,0.65,0.0,73.8701126631876,0.3759904860032453,0.5243166387423068,1
6.438862241928349,39.34148372568194,76.09157780954972,56.44752902298728,49.87673439010891,67.46447929523306,48.342200634806176,58.463645635223536,4.0,51.26666761244653,1.0,2.0,61.40854140193058,0.89884999993824,0.20772012399326606,0.9023180667589743,0.95,0.82,40.0,61.18950067769954,0.9302703322549684,0.3152043086229534,1
6.090274724537309,36.707041507814715,39.91736388694139,48.320655822499404,42.82963634614763,47.29302151487196,51.322118673132145,63.25358547379895,4.0,71.59139223709786,0.0,0.0,62.94051499170922,0.40208627741696856,0.38130219486208716,0.421135769661338,0.5,0.7,32.0,40.654228732550074,0.5179275008455829,0.2375039392308507,0
7.59323507402306,51.10190921830463,78.27573445475771,78.17025550987682,54.83121808679235,38.67638084268675,64.10377712506401,68.46328882841165,1.0,74.20154596742748,0.0,1.0,68.32389485117801,0.7113685293511538,0.36892584385513066,0.23905630995818883,0.9,0.8,14.0,63.79352281567857,0.4694198555474978,0.4396472227116865,0
8.975248494099123,78.74680143721206,85.63528104846525,54.785132683703125,82.4958940385201,100.0,66.7190895040955,54.30758274859177,8.0,97.91085252812738,1.0,2.0,48.916648372757535,0.8978821474455971,0.05406959962000934,0.4228936975422777,0.75,0.82,30.0,74.17653165137564,0.7193764028985252,0.3945017974895646,1
9.491528135416596,98.37151457796497,64.2736518804345,78.05667048408183,75.4523379424085,87.62587389163514,89.5377851020532,85.040162263023,0.0,49.639645001486926,0.0,3.0,79.59709631593196,0.7119876267176033,0.16561654944746113,0.7045611864412769,0.75,0.85,26.0,100.0,0.6573326814247309,0.4898848206380772,1
8.258847922274517,48.221084581239516,77.36289671326034,52.951252172908426,56.7450065204149,66.5521037851957,59.17623060512169,67.952989285783,0.0,34.200112921099475,0.0,4.0,49.29426950858226,0.5453064856646674,0.23640205299151826,0.41537096981944327,0.92,0.75,5.0,54.90877049145269,0.37123232864490746,0.13944059407457118,0
8.87315396130884,95.11103605080615,71.68032422858624,57.003339773504024,82.56502708526158,69.59108479690461,75.16065029631602,63.391877844112955,1.0,57.55198465534511,0.0,4.0,73.9546202358343,0.9400401468183261,0.024206944872627333,0.5491700780739239,0.9,0.82,14.0,65.01744087885989,0.4348089478855428,0.3808066249262272,1
6.75113453256763,25.194891265913228,71.58738026865858,48.85147953200996,65.03154464963015,44.131666700252886,45.26065594460087,63.47643575377838,1.0,42.285865489236976,0.0,4.0,37.75315721380139,0.5716552687403299,0.4680779263260436,0.5460841829176981,0.75,0.85,12.0,75.12112010784014,0.5093818516747921,0.2954829892228847,0
9.503210524696962,76.5641147909408,62.629185811839726,83.66507416166334,78.0723781277835,77.1786000944509,84.96070854555595,71.43432043810454,1.0,49.29069624070317,0.0,4.0,71.9838962597464,0.6587134247956675,0.26024713221022555,0.5387125183285613,0.95,0.75,37.0,53.99647252357698,0.7374861279622207,0.31027969059629107,1
7.801841172033949,71.70748195297173,76.57173838274515,73.66169343337569,32.43626586579745,60.097056333682765,68.15205157661651,46.49242029251987,4.0,65.20338515759455,0.0,0.0,49.00386355925174,0.46791277700220446,0.24170199058703173,0.21311197693619743,0.75,0.88,2.0,60.65439841971034,0.2723901137470714,0.5811846147380358,0
8.679628438780075,62.46731804180309,64.4465366133006,81.78829358217297,57.30732467330101,75.13775451010024,61.575460974003654,45.79721774771972,6.0,51.58963793510597,0.0,0.0,32.03484907104999,0.5018850730763063,0.13063672383282743,0.5162470197135903,0.65,0.7,31.0,45.09866068212311,0.40657042370840824,0.10634354336234939,1
7.463340085181343,47.20696466466403,74.37026679808632,50.36327351719525,86.19190534550252,35.36145777372759,62.60986636329675,53.097797059959206,5.0,45.54663399432957,0.0,2.0,71.23833100431283,0.9141504887735894,0.26293874756857066,0.36537970277315407,0.9,0.7,29.0,48.22723765883211,0.6711345652001366,0.49558277879025275,1
6.1850541947926345,10.492669338187888,71.01060287242402,68.93888451720696,49.88616004610196,13.697562278334715,25.27480007360068,46.87273886913842,5.0,47.82896693231699,0.0,0.0,51.237490856532546,0.6317394862881955,0.43410953875405944,0.17918643455726768,0.75,0.82,2.0,33.60097577510806,0.2820059639296209,0.2840588235871754,0
8.304178792819034,83.91905337412045,84.53699771552087,56.21334626723048,45.495706998344545,76.56431807314652,76.04342491180141,78.07683654909218,5.0,32.26867016584347,1.0,0.0,57.385835556074696,0.7499192135052271,0.04818047131038432,0.3063312251747657,0.75,0.75,15.0,56.744588685214225,0.31147293752840743,0.15800571329987675,1
8.042262778745112,43.09690184574721,86.78158136762887,67.47684943959455,70.4611712163465,65.56827692390708,42.09478613480695,60.18268960266788,0.0,48.0345894307337,1.0,2.0,51.61106283533927,0.8003193494352729,0.16134268568853086,0.4082469972027595,0.9,0.88,20.0,51.6754946992513,0.49070510784791294,0.13089782800483438,1
8.175169969842823,66.44612073471514,61.85801671231449,82.21231189931441,81.62803797426616,84.50886789987112,59.00947349127588,100.0,5.0,55.54394708552626,0.0,2.0,55.26658444912879,0.9264093610798108,0.10618135604065182,0.5572384452538113,0.9,0.82,28.0,100.0,0.7187105535800887,0.46566035868034855,1
6.072329761706449,38.362981072401126,47.00891422576368,37.91902922285426,49.83459657700304,36.2595891477079,47.672572439621256,40.3092766119314,1.0,0.0,0.0,1.0,40.47008666092542,0.7753288174886578,0.08039835158597625,0.20878890886734208,0.92,0.7,8.0,32.68666411065213,0.4388309190979747,0.23866426474201752,0
7.322022947875051,52.766094514458615,68.07435045513606,62.87381112604161,65.72807123166224,35.36145777372759,82.85699080014085,63.46048820646883,4.0,64.0300704025276,0.0,2.0,61.855306880011234,0.8415900315662537,0.32922665393230516,0.6038009779248751,0.9,0.75,39.0,65.38782162918316,0.8214958383136641,0.343755825464764,1
6.850993529257042,71.41391590845191,55.571687698495964,46.3494185615086,45.87232927805442,60.795755404671574,78.54966352933515,47.053742204046166,5.0,45.792571922690364,1.0,1.0,51.798779788832164,0.4754430588675638,0.20638218388305585,0.43706833133212314,0.65,0.9,18.0,51.22956973998567,0.3229622411686467,0.25643086357771705,1
9.037011384517665,90.74650147731768,88.81581904506386,73.4393169463518,53.36630039048435,100.0,51.76901883788332,54.946068995286126,0.0,36.3837161050962,0.0,1.0,59.43980215567869,0.5652643397541548,0.07444120376030118,0.5570001955273955,0.92,0.82,19.0,60.88497955700919,0.8654700601740305,0.8349204070976514,1
8.243216953355967,75.77616565045314,78.14206077165287,40.280322259014326,82.56502708526158,77.07739804273812,75.38776706430073,55.44827589450742,7.0,79.47777587300001,0.0,0.0,37.992783778412644,0.7617809666718751,0.12923853642241298,0.4174211356860695,0.95,0.82,9.0,65.40183679007659,0.5255372252576826,0.49599210096359275,1
6.184563301418441,28.05968772001753,52.78760461789682,63.126773422697035,25.372875392590522,50.385851182331635,55.93644186795547,60.12255527640998,3.0,48.35548366157852,0.0,1.0,62.4816270734994,0.9392129213319822,0.100534870019808,0.23103678699969668,0.5,0.75,4.0,60.53270765583596,0.21396662881753079,0.08643410158698615,0
8.458872832944635,58.86485788001843,72.91400876406693,56.56742028698215,87.63928631271891,48.90226384703294,80.19937894227144,63.8407925531871,4.0,61.03942450551835,0.0,2.0,64.06739814998765,0.5936482346232717,0.509010468268761,0.7645852843777158,0.95,0.85,31.0,35.48640294334929,0.6706427323102065,0.41864077599903843,1
6.246797760997786,61.23170426790542,30.501039138764057,43.87164810608801,36.4697963616086,61.4946166233207,79.79602878842614,38.73427716859833,1.0,56.445151030529594,0.0,2.0,35.183862380306,0.4161736657324485,0.1761602398937187,0.3539141746810745,0.65,0.88,11.0,29.44431431354203,0.6091266674602427,0.3193010144615545,0
8.289158961747502,49.704347571466855,98.6723487271497,61.33624033675121,69.49879441685933,52.577481461242286,50.34832136826863,71.50505193506322,1.0,42.43862581956817,0.0,4.0,45.27366087149211,0.8793255207538957,0.2526896920599786,0.6375265476522328,0.92,0.75,12.0,59.00457063435175,0.8239483336081288,0.7225353171847516,1
6.586300069856682,60.30802206388187,56.02781442820348,54.9589023562266,60.515893469458156,61.45043049081035,44.44390055662247,75.36530107902868,4.0,33.14648364564204,0.0,3.0,35.18111744892333,0.6210668237209938,0.08218341033670638,0.681883833475722,0.9,0.65,10.0,69.87867985549582,0.4836497238770326,0.24718008303897723,0
7.827459627540299,67.17123369865455,78.65412314706765,69.18793751547516,65.03154464963015,71.00723196245967,55.62601147872431,59.531418050938335,1.0,52.43436923717361,0.0,1.0,34.6099772979738,0.6466112758993481,0.1557636334674927,0.989405432788135,0.9,0.88,40.0,76.8087961386461,0.9517254914880925,0.44877069348652227,1
6.223624441863241,41.31513277030456,73.89711354721136,33.227216148624464,58.804002991611746,42.69539008707319,46.26150994423712,43.280072665248156,5.0,64.42589090689177,0.0,0.0,52.497610683054766,0.6593672660475909,0.29788260140218725,0.28479617718609784,0.5,0.85,20.0,62.88214441216452,0.6643675841079039,0.7086843628400752,0
8.42291412487039,67.17285277358391,73.90123707770785,57.54922725947742,80.14248258376213,70.61809335393546,62.67997620245259,76.14531853469269,3.0,67.98749718776735,0.0,1.0,58.556079086446275,0.3249641612183055,0.5067590629946482,0.743821039538345,0.95,0.85,38.0,64.11763060635863,0.5412663857999854,0.301436204038613,1
9.521347854708871,45.183696845336726,73.99446029240107,84.51793318640611,100.0,65.70422517088303,52.183888612419196,41.06956280470985,4.0,46.4062331716257,0.0,3.0,57.06436763205836,0.7083938198047217,0.3359948422453014,0.3519756722063506,0.75,0.88,14.0,53.87196181549119,0.3249127059463885,0.20112193979246115,1
8.179834541423695,36.682988713779814,68.1789429979485,93.12887512501541,78.482951651745,46.567683401019416,40.77218729036639,68.01202057109859,0.0,45.62920210195614,0.0,2.0,76.2768848372173,0.7810688805327839,0.39434968630559897,0.663035799708889,0.65,0.7,25.0,79.83887004075264,0.48625283066464947,0.28967884906484925,0
6.998911062207174,62.79450013998068,47.828828805253806,62.94089218328475,81.91814688103574,49.59713299546082,56.50902300986103,60.31164844081378,6.0,61.85671704774688,1.0,4.0,41.853632102305205,0.6003673338919039,0.20459429574827095,0.6144438087194073,0.95,0.7,19.0,51.387590156243526,0.5654977468103562,0.34767275405851444,1
7.461797196113098,38.96905767354984,66.61936192068457,54.86188664087767,70.35491549898538,52.72165963112812,49.74562375855136,47.705016989873606,5.0,42.67986595926469,1.0,4.0,59.89217926198452,0.5177283337050136,0.2948735837102789,0.5484820802285086,0.9,0.75,2.0,47.70074417950475,0.19444430107089006,0.03506411596701764,1
8.818135604379759,62.8038490573424,77.76109141485841,73.99679751561818,83.12955168519007,71.53623366661199,48.4370709569216,40.48923924590272,8.0,49.989154843458365,0.0,1.0,55.4738923830935,0.4279703363722382,0.34471759884792963,0.3979401573558904,0.95,0.9,32.0,56.12758522180645,0.5900176181382482,0.4721024471996235,1
6.758259573018064,50.9562339327953,71.44184711666993,53.865633805599344,50.12427314745076,63.257385914484374,33.034975422059645,38.39679082198397,3.0,45.870790128151604,0.0,3.0,57.93378144219508,0.4207993277115968,0.26570747242214404,0.2451515804987444,0.9,0.82,15.0,35.51396760312688,0.5380894874029799,0.6215178691561705,0
7.868887809369058,64.37237168619475,63.41314301522404,65.23477067470566,64.122713764328,71.26620362030289,51.39773825849369,53.69071179207308,3.0,61.85702984022811,0.0,5.0,60.70291702884578,0.4172321851107937,0.3357463454292174,0.29759654941916047,0.75,0.88,25.0,56.00546419567853,0.7722441877640756,0.7086843628400752,1
9.399968610515982,100.0,85.58169391215043,60.15110103414899,55.02815177554154,80.72303129662993,93.13698021391913,56.58612515824633,1.0,58.8164254372985,0.0,1.0,50.788480735838554,0.37532465072801285,0.25542239203551176,0.49756130030727846,0.95,0.85,12.0,60.4173017127538,0.5652858963920776,0.6448235664563272,1
7.641393511801832,40.67062625088415,72.3096590386399,69.01942075673907,77.37665807731844,52.616427993596744,40.43237961662477,19.732634341805344,1.0,51.33643927584403,0.0,1.0,47.020464914482545,0.6989115435617103,0.1526041912319558,0.5207214867308759,0.92,0.75,33.0,43.65656412632485,0.48251098182071833,0.05991892298226776,0
6.001971227829681,30.876719358639477,48.789691229884,26.1630680832775,37.8333538253962,39.8709931767293,27.7593595533528,63.8407925531871,3.0,36.1126442128446,0.0,0.0,60.11781960503633,0.47929202301712204,0.30297806275268163,0.5233817598387699,0.95,0.75,5.0,53.57750301062593,0.6455688964336708,0.6358958037958075,0
6.223624441863241,48.661665563979895,58.343665792515395,45.254126695372456,65.3396380880315,52.86646115381075,41.62875456476809,56.76451696094565,6.0,39.13378573701532,0.0,1.0,64.0488836116656,0.8210684262717094,0.13617218969303563,0.7524675411036195,0.9,0.65,16.0,52.22407671939486,0.8691866584010884,0.6380546955573603,1
9.643744934454507,68.53873542645556,74.6920674085968,89.13895852486354,70.80260038607405,70.14018759628375,90.16721407662806,73.48167456981187,7.0,47.14006789915746,1.0,4.0,100.0,0.7721460520645038,0.4676820718890547,0.6284962190065579,0.9,0.82,25.0,57.22365364431894,0.42053310524514803,0.20572150573871417,1
6.998372466376368,58.378584257094495,68.15862808293613,48.63255734044157,63.81635937963327,61.543755015375524,54.02996962741383,69.12113775524455,0.0,22.76580151148704,0.0,0.0,75.97780715494027,0.5323505995900881,0.19420734260756425,0.40209589349185226,0.95,0.7,8.0,69.89613498569257,0.3325131812993746,0.1901090450728362,0
6.831655113419602,31.97537720199626,66.48179662976123,65.57924222815723,71.10539268944144,49.815429911638766,42.601085515297626,65.54504968877228,6.0,43.017962907189684,1.0,0.0,74.12620827375063,0.8129912517041422,0.23598325977325513,0.36537970277315407,0.9,0.82,4.0,44.45211378160983,0.176762112128358,0.06573417967223878,1
7.999030002166879,82.66861564128779,77.0165591603002,65.57007541584906,51.58353784556854,74.29327655644845,83.65211937725562,61.38102414069202,8.0,82.65624006771434,1.0,0.0,70.7774456125386,0.71778173910177,0.2699298803918141,0.6635337375646432,0.95,0.9,18.0,69.54770343361606,0.4404540190612018,0.4812620431096871,1
6.462963517588419,71.82428767729915,45.587670401755,47.3748995128831,50.87882960500556,61.86394565376383,80.45950043490208,41.33031941010872,6.0,73.06801899453708,0.0,0.0,45.71068545237911,0.6168473550693138,0.18005060492873576,0.48280441411876235,0.92,0.85,38.0,49.96511440424055,0.6870373968843542,0.4800881970108345,1
8.902607455695762,61.12728979152819,92.16351404621565,46.48606313356244,69.21989941977611,66.46953335225912,79.87513003688875,81.21741451589807,8.0,71.23932191503762,1.0,5.0,68.51338483412816,0.5129438586139118,0.5676556718126136,0.7660618092582978,0.9,0.82,39.0,66.89409742902485,0.7673830954055341,0.3873933879943812,1
9.127873517810361,83.0554312577393,81.77219337811749,63.11848825837548,61.75072893011463,84.55994120888144,77.21549689452922,93.07664580901621,6.0,61.17470780218357,1.0,2.0,36.01883580658171,0.3527574144385604,0.3065338277975518,0.7178054779915178,0.92,0.75,25.0,89.31908750560487,0.7214212705337532,0.48756854187366594,1
6.032745577108257,22.12495791913753,38.764421466231134,64.14903757252675,59.40898554959842,10.175744115144866,49.51905521287181,76.54797272695754,2.0,22.318226489699732,1.0,0.0,79.58747412787791,0.7204395930005969,0.6003452895858626,0.527273203111215,0.75,0.8,14.0,66.56564995311274,0.653505564284068,0.6488657827968791,0
7.30113397188039,83.73365050960162,78.79741971397063,52.472257674906004,68.20414911463973,94.80244241117929,43.71366411342177,76.39745891315086,6.0,90.79211191586158,0.0,0.0,64.0488836116656,0.6153769319413129,0.07484914369489652,0.5701756368261668,0.9,0.88,27.0,82.07274404404549,0.6919730742020563,0.5860064941607311,1
9.109263939983578,88.52143546595161,93.85840742185792,61.8676126062811,73.54734876274321,78.82733572104654,74.61675093264336,72.68508602726638,8.0,73.49941438808575,1.0,3.0,41.46378448074084,0.8027808738792008,0.0954528079327253,0.5304506359522448,0.95,0.82,35.0,63.188577297674264,0.8946233987948152,0.6206495120445311,1
9.341764587253204,97.0057202777088,63.32378136643172,68.71100013805741,66.36359567819268,100.0,83.20719977233114,62.65352175367112,4.0,65.81002623055583,0.0,5.0,72.30200704439947,0.8608908335722365,0.051548736659071975,0.5172504476132199,0.95,0.7,34.0,61.076839408607526,0.6162214589889824,0.3556237576122988,1
7.62789205419757,60.81554022070068,50.70476927101055,45.96795577058476,78.30407849628422,79.29267123770748,59.83620432611018,29.8831019424277,2.0,39.49473739735579,0.0,0.0,42.20376718837583,0.32905206750636684,0.3204650062600706,0.7626232572447041,0.65,0.82,24.0,42.43529605530854,0.7837307754002527,0.5424300623346461,1
9.202087562529146,64.72730549146361,78.695713478068,43.87164810608801,89.71221859329485,45.57130396256373,79.72068069218327,66.9140480337002,5.0,34.4171609183198,1.0,5.0,59.382922727560505,0.3199329449148482,0.7277325811193295,0.5483567352541199,0.65,0.65,13.0,71.50468213238071,0.7393949620810841,0.8489830789293177,1
6.531192843785499,55.47300289213549,70.19197461435422,33.64076666784175,62.92703324739382,58.698951351776586,49.74562375855136,29.768622575308946,5.0,45.27170661436236,0.0,3.0,62.33318514607877,0.8003193494352729,0.18730443929431032,0.5425825008039676,0.75,0.9,20.0,35.08452855828164,0.6641151113983016,0.673417797359409,1
9.167142504396526,63.42587086047451,80.40878976710754,63.59707324067348,95.42929243181874,51.50140182652382,66.24093433138366,50.65083844028038,0.0,52.155361806677526,0.0,4.0,73.7886461735627,0.46768613714527996,0.5487268938371216,0.7953358591688968,0.9,0.9,30.0,51.619646794921955,0.7214212705337532,0.6073538353240769,1
9.430992212995077,66.06907260383646,100.0,68.09935145816252,86.33607094146339,68.58067136327733,41.481604857592124,49.635476752434144,2.0,36.805767899318056,0.0,1.0,66.1053341781183,0.9235704309995931,0.04917139861262564,0.24557272420078977,0.5,0.9,13.0,43.93632330490966,0.29259192714850596,0.31238561717138214,1
6.454987636304267,44.38806415925418,69.1069547265406,56.50694471356837,46.08046676779449,59.22686535172028,41.481604857592124,74.11344004369802,1.0,36.7642652464495,1.0,3.0,50.153481142842715,0.4743879492271579,0.34740627800377494,0.7745120674487042,0.95,0.7,26.0,62.249340738678654,0.8423972847626788,0.5682606262868499,1
7.438759524251171,62.74170920206915,70.03138977868295,54.565439404208874,63.34116482962053,65.67593630769707,74.96839692292,68.95163962540389,7.0,58.8785091305605,0.0,2.0,57.490941152182934,0.8408754844075506,0.21371291090517355,0.7254310776389015,0.75,0.9,13.0,91.16906683586879,0.5660697363126181,0.3105646955058365,1
7.80930852014356,62.560427353009594,56.471813153128835,75.36872066369654,68.27740830270606,70.10387013914804,72.4292929839675,50.82045018129418,7.0,45.07836005110303,1.0,3.0,70.73742353754758,0.9225508266252411,0.17898783614199568,0.3599793184004838,0.95,0.85,25.0,66.45841824120618,0.5940604612779967,0.4456359657471988,1
9.521723687658175,79.2996827501639,77.0232500351588,58.413305400368095,85.70483185352099,88.6832116294421,90.14623485027575,48.017541086508224,7.0,81.19745245732366,0.0,5.0,64.71721309623068,0.9406427869663851,0.10776381591466191,0.7292761169021691,0.9,0.8,35.0,67.34943989415326,0.7903275572259078,0.3801900389172911,1
7.990261205127021,40.69233625291649,70.01006714251865,73.98951069181716,62.441181901191996,66.9356135085589,52.73016859370429,33.11266368564266,3.0,42.29345734937179,0.0,4.0,80.12954444984464,0.7663663167763719,0.31702305484345067,0.568318263487674,0.9,0.85,35.0,34.36096887809718,0.8783228293055468,0.3731080798806716,1
8.659148589438452,82.81414334418241,57.168165946571136,61.37045237282468,84.81236682648172,75.06157443540921,68.65598861513256,49.722587396777456,8.0,64.66521996165933,1.0,5.0,85.75837452356703,0.9007427952552647,0.05493282912799224,0.6103896010647155,0.75,0.65,31.0,39.989715817494385,0.5490073280941564,0.2357980201004754,1
9.269071167631976,83.91905337412045,61.1921021246872,59.63396077322452,85.62515407351248,75.80425771111794,91.22899096011987,59.5242859975345,2.0,56.60670210479617,0.0,0.0,42.82210281983032,0.3142919547183414,0.4355765908393007,0.48531960818323794,0.95,0.9,35.0,73.03958379908133,0.5918604178987739,0.42590196100611516,1
6.16966653810226,30.876719358639477,73.74306703057206,48.70217826560946,55.02815177554154,27.042989244191546,42.49398495547008,67.26885414478919,1.0,41.59517520922248,1.0,3.0,70.73742353754758,0.758764496665314,0.4417720407808679,0.32799550994273147,0.95,0.7,30.0,46.147327978128295,0.7200041939931141,0.6095062123051793,1
6.863507142782153,32.79018805520255,57.112749579001644,63.04914693332813,67.83519405948896,45.014714858718484,53.78574372752108,61.67392281868045,5.0,48.50913363288017,1.0,1.0,27.835877079521445,0.3443359397892994,0.6279471710072378,0.4195685034793633,0.92,0.85,7.0,67.19881566285659,0.2934917763380863,0.4027420231716371,0
8.172566599029087,67.7304660783452,86.58739997630653,53.88778395088365,65.09162222334224,69.49375396242601,63.492970907987065,72.8181986321705,6.0,60.9135968937466,1.0,4.0,55.79682160025196,0.6738630253622243,0.27092377209067475,0.46942713424572735,0.9,0.88,29.0,58.05849139162402,0.7214212705337532,0.5910407746209779,1
6.5305698858806585,58.913903033219725,61.44806659838255,59.235422131870436,60.92795386136981,82.4344920472009,37.90501682848064,63.25358547379895,5.0,56.70098444393388,0.0,1.0,42.76902751039967,0.8658517816863398,0.04988906131726408,0.7841136601742291,0.75,0.9,36.0,50.40069624807703,0.769331757188534,0.35318098197491693,1
8.799481616232438,79.92689632680064,63.90856928493436,99.28397663917994,42.491599404668946,92.2710960424837,48.209507250211495,47.59403575184609,6.0,87.1280402382306,1.0,4.0,37.992783778412644,0.6681398541138199,0.04818047131038432,0.6191441952033864,0.9,0.75,7.0,34.95631473136058,0.38639676320187993,0.308071781785371,1
9.71132349722304,91.56788528185221,90.17493650660344,97.35512091080915,60.4045043163535,94.53494841530312,69.05394940959611,76.9128610012328,8.0,76.17083816927499,0.0,5.0,94.87917802526073,0.6822642903573317,0.27946094827925955,0.7638522364379101,0.9,0.82,29.0,82.49878648075274,0.832168280953382,0.6963453755191255,1
9.227753603107677,81.48233473625123,92.37177559849692,79.27287830031726,46.2998180878364,75.14983396155434,87.42117427596408,76.14531853469269,5.0,59.03800176513476,1.0,2.0,89.86880773208838,0.7885432360331635,0.3826234222980956,0.7747715606083773,0.9,0.88,16.0,72.07504882372653,0.6958453052804457,0.7063917479963826,1
6.16645430999147,61.65831320574449,49.107931934359115,46.54277389308861,40.103314713095486,76.75706429932379,31.64973113190479,63.46048820646883,7.0,46.23967701685636,0.0,3.0,61.58607243010896,0.3555698348141604,0.1661632760520669,0.6981896602146763,0.95,0.7,22.0,61.58695866805268,0.47312883225217484,0.28029450917406074,0
7.805085287216571,96.47782444831148,65.43958780671696,73.08090153919403,43.74071846752575,91.74415191490763,58.438339157019904,43.15644324003982,1.0,42.329753558164555,0.0,0.0,22.887055093775913,0.7717652843303102,0.003951707159515015,0.5034268891748763,0.75,0.88,3.0,60.69982254156023,0.46121927160478354,0.4486340475928168,1
7.755133474955272,58.14884341050539,83.81062394245507,65.1238133507459,69.33017288729637,65.25980044553005,47.84146940417719,63.00601555877438,1.0,76.36014954460248,0.0,0.0,40.669616378159056,0.3631829669019794,0.31637418042410614,0.6689086604531335,0.65,0.9,22.0,65.1292322029093,0.7533802981120359,0.4694030861645707,0
8.75792461191865,45.525937019240175,94.77691702948835,54.24772914294181,71.8026730707329,46.91378670386112,76.93696934583569,46.410475235074344,8.0,99.92355660479916,0.0,0.0,50.27020631939457,0.4310149198212585,0.5428761615626924,0.36733304692521135,0.9,0.82,1.0,49.52615562865913,0.3740882671728301,0.25076547663758236,0
7.643559254320992,40.17106161723338,78.79741971397063,63.11882787206528,62.758401773493624,61.263049983022256,38.957104768691224,69.06396789074655,3.0,65.03011106408805,0.0,5.0,13.988420778900881,0.3253061848719474,0.42940696993689353,0.46332121176347846,0.95,0.7,35.0,75.68701203325914,0.7676680883450275,0.3238852076386572,0
6.28141919680248,58.82816493868444,67.37994078554135,18.6480843894836,39.9961261884462,75.99431441490017,54.26879804881411,62.02462801846315,2.0,56.93991374894718,0.0,3.0,52.42605932702681,0.4779592681834821,0.10618135604065182,0.22476340499907727,0.9,0.9,9.0,55.230245039857216,0.36861129117047287,0.16107008336604733,0
6.66426806768542,57.29441827088532,46.82694118135723,49.63354028805036,48.629936080284274,51.917905342708096,85.17486311156357,47.961147074438,2.0,59.40426108290857,0.0,1.0,75.45471730623458,0.3980131110850226,0.49771150705896783,0.4507555699135369,0.9,0.85,13.0,52.47190666345128,0.4280705209243373,0.31633844660349586,0
6.628183028795706,64.45884109422862,32.87460438715332,46.30173194296964,84.80230194598357,59.60142160965564,64.72503562004599,63.318207145718475,5.0,46.41445529375504,0.0,5.0,43.882486165494555,0.6194285438164606,0.2044402745626242,0.5959040862200815,0.9,0.9,38.0,63.50128589879808,0.7187105535800887,0.33657253516785435,1
6.746451729715378,55.52608978398847,64.2382619873334,42.22028622074041,54.25948508583063,81.80214847930988,50.79840638816603,64.47348964639484,6.0,63.73766912100403,1.0,4.0,57.12862391226216,0.9244726757352257,0.027554006031383305,0.2537478974652397,0.9,0.75,1.0,47.46965566885741,0.14853918607469682,0.06571732979889809,1
7.799259724016425,53.101880896711506,77.13335774865547,63.304291200179414,71.90281219939405,59.940945686254416,40.7487267197028,62.81120074942407,6.0,62.400519688964266,0.0,3.0,48.9331546405475,0.548374418483712,0.2832841406712936,0.4027007423226762,0.92,0.82,16.0,59.541087587113125,0.4729913611594512,0.45445877548533997,0
7.827459627540299,54.22198831184578,64.68675190173713,76.93005771077473,63.17341775069434,57.14805245867234,54.26879804881411,63.243379615426,5.0,54.7543539338803,1.0,4.0,73.92508770614344,0.46235630061142513,0.4330919036432212,0.4429977663158016,0.9,0.82,17.0,72.13795594071979,0.49384190410744205,0.37799820367201026,1
6.912859849366212,72.7044238046633,59.58606498681443,57.007280605101805,41.69413797541195,64.58458400727253,46.361497045192706,47.1673505790362,0.0,5.391879309974442,0.0,0.0,42.043995252169545,0.400561601217523,0.11889676907874816,0.20704905771916213,0.75,0.7,1.0,48.6350644741407,0.2874035284103381,0.7462594721909255,0
8.873259077023683,56.93534014569738,77.31069258842821,53.19714915544805,59.33041570777149,85.5049189345923,66.52260758766306,63.55940110789451,5.0,52.57703717410675,1.0,4.0,21.977299686392406,0.36185925933226815,0.3122355581804833,0.22681625536102262,0.9,0.88,15.0,54.46239277629938,0.3226873464504109,0.17347587772576878,1
8.219816166896525,74.87010459788432,65.89574318389101,84.22768049663281,58.04944376809578,68.08775184598197,61.18010820627496,50.912889624379616,7.0,62.34706296362476,0.0,1.0,80.90891726003623,0.6653727127180463,0.16774171335381663,0.43853570280917953,0.92,0.82,9.0,70.84241385105197,0.4573365548546175,0.3999543077794855,1
8.141388300484243,60.86024252520272,75.32306959600358,80.16559750694489,69.16344112426992,61.927304262046825,47.66498059092817,65.4909633705894,4.0,63.78335999520267,0.0,1.0,73.19900401714875,0.7002632810036811,0.20399985143429927,0.6833086451753505,0.75,0.82,18.0,66.82878632595407,0.5217604089717643,0.2950826286592329,1
9.559344829087483,70.06655860328071,90.98941838589693,56.580709779293834,89.50855293150418,96.90107586045637,53.47185089416208,47.85203890334703,3.0,48.50090549560601,1.0,5.0,31.341235384144014,0.39805634371725745,0.22579392995002798,0.5202381451803222,0.95,0.88,3.0,56.553332827802485,0.5769916027536836,0.4522332111970389,1
8.866231756763991,65.81804662036204,59.60096308457672,92.77640233376283,58.61999227495197,62.300799605285754,57.31766888247886,58.63949489506142,2.0,50.85001235646327,0.0,5.0,76.22339738815205,0.31420715874956084,0.5776503885574726,0.27074887329036906,0.95,0.88,3.0,56.66079700671403,0.4105518233519448,0.6689347037800708,1
6.3485398221319524,39.94294760955606,49.107931934359115,54.99993526080844,78.5572526082438,50.31410162576873,32.13034045797347,60.18268960266788,2.0,69.45940617138807,0.0,1.0,71.66560612794953,0.435195272781664,0.34372027183542986,0.50040870918055,0.9,0.7,4.0,71.85828249861504,0.5181523931948916,0.3731080798806716,0
9.224529857339775,73.51885098441424,74.91719587039753,83.03178003649793,69.83426062982882,56.20389473916872,83.26787986459779,72.13419763920997,2.0,78.75929150962332,0.0,5.0,53.27512556524029,0.8475724010621914,0.33066680983318975,0.41766466758107085,0.95,0.85,9.0,76.98639371318187,0.5900065614865918,0.7607902124990381,1
6.463302377673428,62.44007699455616,50.70476927101055,48.81476432703686,40.94719745151145,76.94535914406634,43.97767274274365,30.328498786336723,2.0,35.50850057169477,0.0,4.0,76.48314453629003,0.7887034424647648,0.03912201925474802,0.5514481157519869,0.65,0.7,27.0,34.33559096316745,0.6041867280304525,0.234569296891932,1
8.978813194604372,65.75569247372064,77.61341237813186,83.4757136407226,57.02048146481516,50.36002305079398,75.5646632438701,54.197035137717634,3.0,87.7030318803437,0.0,3.0,43.712080910612286,0.5441764844814825,0.3803163444169017,0.58021310503633,0.9,0.8,1.0,67.38662321378949,0.42195075840128843,0.5257273030996608,1
6.715623504283137,37.50169529766555,71.1296285973051,43.40061033592355,60.87067602729561,31.510194753740542,66.95542684191955,50.68040868980549,4.0,38.327740573240476,0.0,1.0,40.82629867240961,0.37607981518570843,0.4959148692636568,0.5747670664592148,0.9,0.8,31.0,67.98166648523876,0.48268175617276043,0.10509546354126771,0
8.204912823623184,54.689594381522255,56.823037741539665,100.0,63.67018664310297,60.648849921732726,59.33314701766929,94.80360960428874,4.0,59.46772334781605,1.0,5.0,74.84035502382969,0.5251276893770674,0.5308844137520751,0.8300073676703357,0.95,0.88,32.0,100.0,0.6786454632309125,0.2770320549835224,1
9.024908513979438,76.36146560502685,68.29475142704854,69.86022520827505,80.89404078595676,87.09138009424832,74.96839692292,59.444459863987596,7.0,56.63082308822454,1.0,2.0,71.23485566745742,0.8913319498509189,0.10106353782706108,0.8568988408088561,0.95,0.65,37.0,51.06073298298574,0.8434812695315117,0.3107094870877024,1
9.325408930625546,91.56788528185221,68.30462009840609,74.94481216735801,55.66111744742456,79.68201602149827,87.56849837750349,38.53303319371622,8.0,68.39577371782526,1.0,4.0,46.72481990453893,0.5024820898914192,0.21320613726550441,0.34152783060502223,0.9,0.8,1.0,47.39561591690976,0.49450934930857465,0.7167154930242245,1
7.437161987436788,59.965273324315085,57.59880003248971,70.27992566398335,54.975488672886875,72.49999895437918,44.88791003606009,54.33841891700839,4.0,67.97891141731088,0.0,5.0,63.31021850460194,0.8198651258702447,0.055652290140437315,0.38078412556462116,0.75,0.75,19.0,63.60518920785748,0.24263153797851797,0.07024213222036783,1
7.265757811840424,100.0,43.306494665450295,56.98654149554348,61.44460335975134,100.0,61.0802429553871,79.63781805625499,7.0,70.39898298742825,0.0,2.0,45.775708621705114,0.5197396418831375,0.05027736641071955,0.52345176992686,0.92,0.82,34.0,56.53029052624319,0.7193764028985252,0.773062288630442,1
7.77353981416273,59.92397009346795,59.30570048485662,50.05461220131847,71.2859648170969,59.32623535895202,73.04892548387562,65.03435035997163,6.0,69.74923062698612,0.0,4.0,38.42222088428181,0.35756410534578986,0.5310203805920714,0.6747066771050134,0.65,0.82,40.0,58.209665919783895,0.8791107224809042,0.651161581417377,1
7.1098254551952085,72.3732054509278,69.65270866672037,46.09191804472605,53.86360181057981,73.71326676970229,68.51163962760086,59.444459863987596,6.0,84.95912727157149,0.0,2.0,74.51007188239572,0.6367119640118486,0.20188107868270458,0.6313809703813505,0.95,0.85,19.0,59.08516060616725,0.6403462301936115,0.4122050198050378,1
9.24379465795759,96.07487993760579,54.57869018947851,82.31515728958888,81.47140617750082,99.09286259161848,58.124461104121174,55.653239649299124,2.0,46.02148144864671,0.0,5.0,73.92508770614344,0.6723083514572085,0.08306686458229036,0.8246804270373843,0.92,0.9,37.0,47.00087700364498,0.8132085790819209,0.5964083855712182,1
8.576757431343347,95.19409544109685,68.07984509940661,60.771566493863205,67.56268570789297,85.69480178392226,71.82243185373305,66.29421834486631,7.0,56.71124528593966,0.0,4.0,32.109808906605565,0.5078909758843726,0.1470886972013079,0.8023733292277767,0.95,0.85,39.0,65.1292322029093,0.9190401421924058,0.7562495680447374,1
6.448422428057958,60.37425781540766,74.58458960627277,39.94216298067204,58.04944376809578,37.37657561612434,51.407401055712064,42.58412372917776,2.0,54.2742175239906,0.0,0.0,62.295985307694224,0.4388546093165522,0.3364751661442352,0.2865945235455108,0.92,0.82,6.0,48.57183833654423,0.34354102389379715,0.6958583075424967,0
6.067779779112554,33.85330786622332,52.34974724574028,59.821996146424155,31.415732680887302,16.872649811207673,31.706786785335428,43.70406013937986,0.0,15.349593806113333,0.0,0.0,69.54216760172734,0.618300417769052,0.17072781951028415,0.15267006447328202,0.5,0.7,0.0,56.37139001228919,0.10221804128873431,0.226389439732349,0
6.1800155255720615,35.638417370355405,77.31877416342584,23.053537249533136,47.69062960288788,42.72964365315779,50.891347152481984,60.5340791517715,1.0,56.82091406659946,0.0,2.0,32.13771691563184,0.4172321851107937,0.31833174669265885,0.5766935240533771,0.92,0.82,28.0,54.16382474285173,0.7244813598066892,0.218390181048976,0
6.5837290164304125,33.42512917283658,57.215794521956546,63.94965528224677,60.17654815857366,33.10713519235698,52.39705564875901,57.78941375224795,1.0,43.34940513918271,0.0,1.0,64.0826172395086,0.4355871849602268,0.501121562971334,0.17639943664800534,0.9,0.88,0.0,42.07469357199123,0.15873141848309208,0.24143054798658128,0
6.912859849366212,79.53193407967075,51.72558044815135,55.84038721384677,57.74870411291481,83.96121353217166,63.26981598861938,89.50245059694824,8.0,93.1569040192895,0.0,4.0,90.2909764493623,0.6325767419032644,0.21264880725929416,0.6722743239892948,0.92,0.82,29.0,63.97422145768271,0.7155585286517079,0.5550168882527784,1
9.60063527873077,75.6970194658601,84.2351458165287,92.67540465198778,91.78282534242217,78.94971716625332,57.851818241760014,60.590219806071474,7.0,72.36207143129229,0.0,0.0,35.23032520257529,0.3895175968978975,0.3029334934793058,0.5386625810923112,0.75,0.88,39.0,69.66986306149298,0.7834976747783379,0.546630415938938,1
7.830701495176252,66.11229227118179,89.66375594603569,75.13120695534896,55.48164901667195,70.58011812011972,42.19012009158806,48.27464306338172,4.0,83.14387283029625,1.0,0.0,81.00497873325997,0.9000226737842247,0.1003672426125176,0.2802642461285768,0.9,0.65,1.0,72.11895195325319,0.245871409963904,0.5283626580641361,1
7.374076312376118,85.90681917612434,73.33540073170566,42.22785881034375,52.59757459770413,85.5049189345923,71.3235317091476,71.9403197132827,2.0,50.684462976929176,0.0,3.0,69.03157011317371,0.8816698245691075,0.049712445785446424,0.7108025616953638,0.95,0.75,38.0,64.50368099551383,0.8662150527005223,0.5410348541876805,1
6.9796719568689465,57.556054595108904,61.80335070804928,40.95294260404415,82.76840605828853,78.47101797760169,51.34523523876816,61.262487237848084,6.0,82.95087237228772,0.0,1.0,60.811090188836296,0.3611109901810614,0.4333049696744266,0.6848039005857915,0.95,0.85,16.0,72.1065231324694,0.7410838868047459,0.6016899426435159,1
8.89344374009923,100.0,84.97136555754093,61.7510853269014,52.847163763193194,100.0,73.55949102272326,63.33264728596211,1.0,88.27063973767417,1.0,4.0,74.13829351219869,0.9437902774362237,0.018521542412282654,0.3054096456340589,0.92,0.9,28.0,55.46452923328863,0.5326035812290015,0.6269682923477948,1
7.558185390276979,56.98940407458023,78.78912855380483,75.27603440141277,66.29695675243148,44.45139101906883,60.008436743671425,48.05791974135872,6.0,92.66775570834375,1.0,3.0,74.30134449800208,0.8143242779472932,0.4110188353858701,0.8145674597930598,0.9,0.85,36.0,45.33872988418193,0.8739438556107912,0.7087579015467625,1
8.855665080171306,58.82816493868444,67.13645356391893,60.232385875049665,80.58650073633748,55.32078473721763,80.13562234912331,49.02675249445271,0.0,10.18350421927856,0.0,0.0,63.12966240399465,0.41395354943579016,0.4319573018059876,0.44151931590751425,0.9,0.88,7.0,62.19907894911022,0.2777430397814157,0.20086604261033536,1
7.551627486005358,61.14041686720627,61.16412483739234,42.310164262719674,60.03715839036694,53.88714804569733,77.26206035559693,36.25488656554664,5.0,53.024339591185324,0.0,1.0,48.91888137541519,0.491517338402675,0.14909526062794434,0.124775702436593,0.5,0.7,0.0,52.33804814499351,0.26112446239267134,0.16648187026438213,0
8.172566599029087,62.681839900812776,61.41725990080075,64.2827378507167,73.18789112847706,52.0782755016528,78.58056779900235,16.561348847262977,4.0,61.79745137662264,0.0,3.0,84.81504610524796,0.8439996360718933,0.33662266699128246,0.39000630253205676,0.95,0.9,3.0,35.70495148267408,0.3997999695647607,0.6056197259845486,1
9.622180994639718,70.91491302923477,84.4722237828162,74.92562184324527,100.0,61.82030685420293,64.72503562004599,72.15665944262324,5.0,98.55695705345221,1.0,5.0,82.50621535366642,0.8221807471829183,0.455005178656678,0.5943465374886976,0.75,0.82,36.0,61.14132589587716,0.774361609120844,0.7888584729841729,1
6.450973994899611,33.108992377929376,46.274632430444285,72.8720987806136,71.29916264268573,39.8709931767293,46.126224781379705,64.37260026496828,7.0,55.10109862421324,1.0,2.0,34.33415429004667,0.7575566305358462,0.27717975567148684,0.3805294110485038,0.75,0.8,4.0,57.44755640084685,0.6035875171171153,0.478925529095851,1
9.45924225870396,84.26690975316444,66.75001059505078,58.716198748326924,74.777199864562,100.0,84.41086666973426,59.5373462985829,4.0,74.69378384991555,0.0,5.0,73.95551468378184,0.6094041126869036,0.20611538680158245,0.7501248999313682,0.92,0.85,39.0,70.60321202577138,0.7951908187704959,0.20190577172610846,1
7.68283578068123,73.98499576052089,65.20434404064827,55.81889274731272,76.16693979120382,59.08970841034784,57.38456125489638,49.20913216883113,0.0,11.22501809776086,0.0,1.0,53.517438462706124,0.7787544703656049,0.06507620862988807,0.18123164944077869,0.95,0.82,13.0,59.02938493385942,0.34385227440356,0.4468331319498433,1
6.450218593424757,48.52250676834348,56.74437037510282,70.4123555812354,53.33936912694013,55.35624340869953,35.99559411393077,47.82246896762818,0.0,24.632198939236936,0.0,1.0,69.01486906066768,0.8359444242247578,0.11751456470270595,0.32608696411331023,0.75,0.88,6.0,47.08394509206656,0.4277203979584662,0.46190393701358506,0
7.618351928219338,37.58120268309595,79.37234392661897,59.864751988538494,59.34145153196279,28.437048215226362,72.67916195578186,87.32892218065953,1.0,42.67986595926469,1.0,5.0,45.59915679443134,0.7971757657076831,0.40755003579566773,0.07620467067449792,0.75,0.88,0.0,100.0,0.2514899788219523,0.17623675071557096,1
7.392291309339741,49.67799156476359,66.10644489090103,87.84767630573523,54.536997357040974,57.78451545508956,40.76699190567527,46.312703170195306,2.0,58.76457409006453,0.0,0.0,59.19164902143177,0.6113616406612581,0.2018056102427501,0.43403117082853243,0.9,0.75,1.0,54.31320611522359,0.2541199105126077,0.29122855142909126,0
8.287588461404614,63.61266981263182,63.65503175261854,46.23441831545472,91.11693559955567,49.815429911638766,75.38776706430073,51.412775432841585,7.0,69.84245365207022,0.0,3.0,52.4190578185915,0.584316198852534,0.27866842221166277,0.44960020615647833,0.75,0.9,3.0,59.27015307087465,0.14020153164743115,0.12197626839363851,1
9.48786798717779,84.0849357758469,77.09345308826518,71.46489356992153,94.09964935362868,76.73425228779,72.86096746002167,57.06110607190742,8.0,56.67765722312631,1.0,4.0,48.509912317190796,0.6623632196325853,0.22739725904515137,0.5135756916309416,0.95,0.88,22.0,80.68609407409092,0.46962589761808443,0.45463661795445703,1
8.04986348292468,72.00641656338996,69.52100050107884,52.722764904937975,73.85139949490413,71.48419638971482,75.52361067006672,76.7026651922054,7.0,81.88791642062318,0.0,3.0,85.26810724065288,0.784931950925264,0.25182387062012157,0.36555562299585703,0.95,0.82,18.0,89.03151434819839,0.38093029912869025,0.29943751949465974,1
6.5836869636434825,69.11311657067876,58.13470836811297,30.050453082753236,44.53716366422462,58.72609924873077,77.34381797878214,67.35257399738512,3.0,33.17337105646911,1.0,3.0,36.74733317889953,0.3866714691244578,0.22415198184759919,0.2604628676556616,0.92,0.75,3.0,66.61217416594812,0.28190832344402117,0.34171911296534196,1
8.96891733463976,60.308262209876816,75.67098494261558,45.688027525552,86.66297691172866,69.10763591712885,69.50510590563222,44.987523996734595,7.0,40.832909241927894,1.0,1.0,48.07270587539519,0.3022445195990934,0.5576949602445916,0.5617793223669934,0.92,0.82,17.0,69.70517467172249,0.36476253403671716,0.1456928557848393,1
9.560795436547927,67.8733809817681,77.91009369503377,100.0,55.81856163202333,89.90330627427899,65.18694616870881,31.472385271761848,2.0,48.50090549560601,0.0,1.0,40.53709328674991,0.610550184020445,0.1945373393192878,0.7804236961246059,0.95,0.8,38.0,23.756846880841287,0.8372084581390746,0.4306808051686125,1
8.948006128460944,46.137707946151096,68.6204924552131,72.30687775651616,68.93740376662025,54.01491686452537,71.6896835579765,51.25390599141106,1.0,58.03544620496057,0.0,1.0,43.25932492901591,0.32445529169439236,0.45757780351177,0.3391031997291149,0.92,0.75,8.0,57.20076883154787,0.2368993772087088,0.037192650627328905,0
8.903489003000905,68.75463460700125,53.8266557359661,83.33903004263782,78.5572526082438,50.66491448201164,61.184936906072096,41.06956280470985,8.0,97.17408723412916,1.0,4.0,30.242499805231425,0.30218836346605193,0.502821904306225,0.46977926813176824,0.92,0.7,6.0,30.62841958433095,0.34268773146643094,0.3899508514072743,1
6.326732930421592,49.96990936961535,46.22820013440092,47.430362350570775,56.478731228746426,31.76026837180158,55.84011680388616,48.45145462790696,0.0,27.843303783887976,0.0,2.0,21.661109761864623,0.3393485487107545,0.36616498174588996,0.4567690474003938,0.9,0.75,3.0,47.81099500257731,0.5334209338909793,0.698852421785081,0
9.452606624688908,71.96977376501897,63.903540740660375,74.40668713461795,91.01807780714319,56.25437541558301,96.21653494341747,82.93031841028292,2.0,60.90936718543698,1.0,2.0,55.24254182987891,0.46742957291618714,0.5413599059532385,0.748709426920486,0.9,0.7,14.0,74.51176054396652,0.7858772060783662,0.6456350180048379,1
6.164065855216161,41.495190640382944,70.71439936131698,47.21574952040655,25.372875392590522,50.99160743773479,46.26150994423712,71.20812408028353,5.0,56.47587624961482,1.0,2.0,40.47008666092542,0.5550873448502058,0.20629345548662079,0.4376577044899596,0.9,0.65,12.0,80.70527697386345,0.361243752939823,0.1488496168171188,1
7.544270073472268,54.61386683387097,58.71024013065204,64.73282219061923,81.55067915568173,51.917905342708096,49.51905521287181,67.70334278872487,2.0,27.41835157530729,0.0,2.0,53.27281805008873,0.5795674812437238,0.2532029838153593,0.44631524564465636,0.75,0.65,19.0,55.65027286679242,0.7086454814410728,0.6109530725743635,0
8.607166187400706,39.85531734322562,75.04304550523739,73.9431565955972,84.35130218296163,52.46156253124623,60.89769431077653,64.10200767163512,8.0,63.38393837994178,1.0,3.0,72.53209117547799,0.7658767493574646,0.4549510373538186,0.3697283443096512,0.5,0.9,4.0,59.398061549549666,0.10221804128873431,0.06033326151102306,1
6.914861670614224,56.923477139781,63.08386374999854,48.419819390899704,54.49260006221427,61.955453665254744,53.94924228479906,46.69259664991729,0.0,49.211901563172596,0.0,1.0,60.46839833163896,0.6113616406612581,0.1030363007876516,0.49024375000866993,0.75,0.8,10.0,52.025409417199945,0.2777430397814157,0.09625163266056334,0
6.171436033695258,50.03743989934526,61.12583497524075,47.67615497766465,54.467826040457076,64.56824414473157,40.250221157201814,63.54139867582148,0.0,78.55195660317833,0.0,1.0,74.35336386598803,0.6990677157127234,0.3057936350116849,0.7841889347181457,0.95,0.8,40.0,87.38349681393925,0.8848287701755063,0.7041509533048854,1
8.304821981550191,71.70748195297173,68.79276964803424,75.45602114461622,67.1622910813908,64.88827178448686,57.01736107433263,58.34376394977291,6.0,58.05635187917153,0.0,3.0,40.744200344272684,0.5026924215604934,0.16774171335381663,0.5663234180396214,0.95,0.82,27.0,62.0592302691409,0.5333017547792945,0.28239790214418514,1
8.838888042393569,85.5714614572592,51.13789222753459,83.14747248265357,65.13499006503905,75.30332529803044,62.515990584354,33.02612503082978,1.0,29.097438817354483,0.0,4.0,80.35705472243373,0.6224303837688205,0.14096963487113437,0.20105752645637748,0.95,0.88,0.0,46.99264740320011,0.06563557992430681,0.4073206651626913,1
7.8870438196158705,49.32512112365871,78.52348207910703,78.75622503673728,40.62021370833247,58.82874492574172,50.9057015457242,58.49406309487998,4.0,39.40241382807692,0.0,3.0,43.882486165494555,0.32244395714929025,0.5310203805920714,0.6488861276472522,0.92,0.75,25.0,48.91329198864616,0.8176696218302898,0.6215418179501285,0
9.407670412044654,63.34868741419208,85.42799541295321,73.89850984318545,72.48641120535568,73.28929730203103,64.46255637058373,38.823976492508976,4.0,71.93374597152986,0.0,2.0,100.0,0.595934494492865,0.32811991004642094,0.756815742665721,0.5,0.7,38.0,36.39847624662135,0.7673830954055341,0.26357469080145224,1
9.741360711352867,98.98181170317399,77.31877416342584,72.54773742160216,71.65416528963833,79.90188690645674,100.0,38.78635288914706,5.0,28.941742527043495,0.0,2.0,72.34776159794833,0.32446141179376703,0.5323985750083273,0.6452592539185007,0.92,0.9,34.0,37.981454624946714,0.8447889269524295,0.7903079568164305,1
6.210502554824188,48.661665563979895,67.97641993296206,46.21586678363771,36.9445401893664,37.518953040229434,48.73577311476353,46.58010924691171,4.0,59.07805270512338,0.0,0.0,37.0341455210973,0.572251807273866,0.11696327395908146,0.29150780472224336,0.5,0.8,4.0,34.8451183398207,0.3092562475048191,0.20572150573871417,0
8.038654110258554,42.60074555514926,68.78549484785205,62.030581148735195,72.90740177465877,31.188700861981843,75.12748343495218,65.76804507433073,1.0,47.006161064359176,0.0,5.0,45.32158263543983,0.5630940065834482,0.5414960913707193,0.3791531409507334,0.95,0.88,7.0,95.83502051036686,0.12188710428878968,0.08288579754802754,0
7.857813545588549,78.87541259149563,65.62968156879738,47.11065628277257,64.15087111408835,70.1644957500324,63.29040844712744,66.9932809134681,3.0,45.31948200171943,1.0,4.0,72.09786203375266,0.3684132986783969,0.2765364854202511,0.4376577044899596,0.9,0.82,26.0,88.81814219992751,0.1922927284743641,0.19322417461152863,1
8.479831894128388,95.19409544109685,63.16966057042798,62.43006175806769,56.99872835978171,94.06793504207305,74.7131757988162,72.56802944259236,7.0,60.204019631457165,1.0,2.0,62.110677469561615,0.43819316438121725,0.12085651157581667,0.6563871406256012,0.75,0.8,26.0,88.14163028898747,0.5310338402784066,0.27525070941699287,1
6.414747187709793,76.50980390240245,77.88365876721309,43.810351475805106,36.561669639952996,69.75088989839581,53.585706033484705,47.157865801237726,7.0,51.296731555101225,1.0,1.0,80.26179390916691,0.7094948484659094,0.0916357756873988,0.3797482834244908,0.92,0.85,7.0,53.313284188342315,0.5876558524212314,0.6216271384967981,1
7.833028817590636,71.93518813350077,66.38749768353912,62.360131997837165,66.37102970945067,56.67859500863065,89.23300104368988,70.9537981876446,6.0,70.51363282030894,1.0,3.0,82.96544575488969,0.8573275680461734,0.31011187158512027,0.22192075813897497,0.95,0.9,3.0,59.13714220311776,0.43825595799681794,0.5239151193516554,1
6.628853478810745,53.386487094360206,61.398664841193025,55.784097564259625,47.343592576036215,47.168735592936606,50.483729247621284,41.33031941010872,3.0,17.48461473184168,0.0,0.0,22.234918716775653,0.44428093286248893,0.15208860453719147,0.3307932466693938,0.5,0.82,12.0,57.024539950850844,0.24456454106369013,0.24890676705774417,0
6.620888460567927,24.020888356160505,43.7039795928239,70.08029085604637,58.8572005651581,46.567683401019416,55.23108613820238,54.474362627208166,0.0,18.357941242402767,0.0,2.0,62.632778200609984,0.6791861420790972,0.34269163537724545,0.43391705606048026,0.9,0.82,10.0,49.62886785397147,0.31122132174910044,0.051969421121119824,0
7.404372104155679,48.40605045049363,46.54620075136449,76.77574567784946,71.9183437032064,58.662642909375826,59.65638724267178,58.365978053300715,8.0,82.67623497711219,1.0,3.0,55.69562288822019,0.4367688457338753,0.5247786803765173,0.14641189149809594,0.92,0.85,15.0,47.75291015070406,0.3752753248319066,0.4753032528875241,1
7.860107624727391,75.7540592990322,61.767610036412066,76.45163649719636,64.79422716133146,88.54313851024426,50.88918639365736,82.6275243030586,7.0,35.561243397143,1.0,4.0,62.71786237718002,0.7374054471128502,0.11452710763792331,0.615545372972572,0.95,0.85,29.0,67.87302717518772,0.6641824327178397,0.423209228006665,1
8.273037944154945,58.872276991481115,77.4847301070132,76.64139051909893,72.02247007635063,56.725408156680885,44.64705541004065,64.37260026496828,3.0,50.22352331702065,0.0,5.0,57.83818140635841,0.9240943662605898,0.13375732726299672,0.6151782478476411,0.75,0.7,31.0,65.57519280694956,0.6598821955195329,0.5565352212214723,1
8.785873003326273,43.26918461285292,86.58274827010189,84.77830356366294,48.28180438711808,78.26099171421609,61.38230506391592,45.11846490656965,5.0,49.05091613966634,0.0,2.0,75.68195606693469,0.6630758687802111,0.3862640785914873,0.6889537163552191,0.95,0.85,35.0,66.18264473197561,0.7606022008422366,0.14163925553816853,1
8.1135231278316,60.30802206388187,65.43958780671696,70.9890916379216,67.09722491502019,69.06529265964464,54.14240026801017,66.58360928308362,0.0,50.50753005310372,0.0,1.0,36.77748336860865,0.5287981010362383,0.15949208714486623,0.4346382570807784,0.75,0.75,16.0,63.188577297674264,0.49559435401075924,0.3018299374852043,1
6.899316979390808,57.06814823185395,71.10035108744036,29.91936254072931,57.87702730433428,63.45704696097992,63.18924350615961,56.91589939974677,1.0,32.80549188406802,0.0,2.0,56.298893615272455,0.8499877078354494,0.10536027485636738,0.4161634466241871,0.9,0.75,5.0,39.117885089992555,0.36220577795787445,0.2950826286592329,1
9.124411475156467,83.22118241464968,55.770703568081984,84.38120311616223,93.84645681394937,77.3544283145166,74.04529608007384,81.97714876876034,2.0,22.218500016752813,1.0,0.0,86.6476457408769,0.8717242419492204,0.1588403743822978,0.4661782256492508,0.95,0.82,20.0,90.59785723047783,0.32173293753583465,0.44657684855367874,1
6.136415766827964,43.09244101972615,59.10265238992877,38.79809115289284,50.49852551280537,53.651026085615,48.80219245031667,58.427704430823496,2.0,53.03180112533105,0.0,1.0,56.090376073837106,0.7097523658832916,0.17371754878591122,0.4162987210039898,0.75,0.88,10.0,67.60188371291788,0.5381470416440933,0.2839539499348858,0
7.71953013979266,100.0,65.91632280942349,54.09124493803434,73.77015036097187,77.71336831337412,71.94653567473327,65.40374371722427,2.0,71.69319952152635,0.0,2.0,82.11184664777994,0.7290038114712827,0.1951676616974931,0.5930812022904662,0.95,0.85,36.0,66.98315144841074,0.9080149323813449,0.9574295807512097,1
8.312907059981779,61.48379082185361,65.7509659929865,85.46319471416743,77.36174457726666,88.27970644692623,44.50518329243617,68.08991712659397,6.0,57.067664116012814,0.0,1.0,58.13705623023687,0.8434053396542087,0.1293912369609809,0.2588740721865813,0.9,0.9,18.0,72.1409331780627,0.5754161876903434,0.5221932636719929,1
8.54677237033515,48.22360072783452,55.37809770358029,79.27287830031726,88.29967488172244,53.010656470777825,84.71513702803166,80.55798869151795,5.0,36.5005181352374,1.0,1.0,61.20481612633783,0.5610868038465209,0.5576496802732928,0.5664688852003877,0.92,0.85,26.0,99.03546352060323,0.6003639138035048,0.18142922191693292,1
6.184563301418441,52.332254187809966,73.81438657272122,61.51985269391543,28.579528371697307,58.79510732578192,29.82457254920913,62.28529586204303,6.0,65.03011106408805,1.0,3.0,32.57022659226591,0.5453064856646674,0.2036054789967696,0.2589242319621869,0.92,0.85,4.0,75.90594173680019,0.4978116238885796,0.7228960287506793,1
7.573874582052149,75.54290718882821,83.5456136383847,56.580709779293834,50.54541360162115,82.04268227476072,71.14767261305954,76.82010471393588,5.0,42.87475901704294,1.0,0.0,85.44836191945745,0.9294829062147365,0.08332756101358804,0.5223169783583534,0.92,0.82,17.0,65.93537351157107,0.5840140887855385,0.4788627722495822,1
9.403412549258048,83.21211530572995,61.70624236023498,85.72749387221043,76.96872541315044,84.80845369383529,74.09935923940253,63.399085355331714,8.0,64.98829066502984,0.0,3.0,43.41211802988609,0.6150788109220275,0.19155418799185886,0.35879741957080186,0.92,0.88,12.0,59.747255276589215,0.3668333570536771,0.46686001221998746,1
7.5502534353701485,68.34432494939685,58.421357144344675,66.61620223459013,72.84715273810669,73.55392191765513,50.96064633355231,47.82246896762818,5.0,79.8177295730072,0.0,5.0,100.0,0.8729475435385363,0.24605959045755027,0.5649341247082359,0.9,0.88,28.0,52.18868133033997,0.660064897301797,0.6715982360120129,1
7.34982776966056,56.222362873093,52.497567028093904,56.64213825213929,62.889785553186826,63.70995484690272,65.84027351051344,48.260556128106856,2.0,48.95844115035258,0.0,1.0,64.0488836116656,0.33810751554750484,0.35227113010035926,0.6541440911214541,0.65,0.88,9.0,44.511622031017666,0.5269623240434999,0.1984102552249791,0
9.510821522072634,94.6974859305219,60.13725640617496,98.3375719055947,54.827826062603606,100.0,63.1301922257251,57.58992351059493,7.0,52.27997128945711,0.0,2.0,67.39834622560966,0.37170674469684784,0.13561264164641368,0.9203494169813714,0.92,0.7,40.0,77.11757277037589,0.9296888901505946,0.42768084166442866,1
7.478567503783904,73.61202837790019,62.80756897047952,60.328123817173164,61.08719393925504,80.25609231383244,62.26980946125723,55.40610261024113,8.0,61.131019358776506,0.0,0.0,53.45741718544417,0.46405792965621173,0.16745610551129264,0.3437445565571736,0.95,0.75,8.0,59.92407320438221,0.44319897828457794,0.4326987815576565,1
8.682028613792056,74.89152331482816,72.61116149741035,57.26258704922949,62.93683367216925,48.76696160777272,87.65343501126108,63.8242727675634,2.0,52.75757959201145,1.0,4.0,64.0826172395086,0.4990433327165147,0.36009046194292993,0.36733304692521135,0.65,0.88,23.0,53.05968993730187,0.39847987636833404,0.34824383695905997,1
9.086067252510826,67.4406479327383,82.16483528177396,54.516302096986514,71.53169996235044,71.2827773866682,82.56437579971703,63.4791322090995,8.0,62.92471472002792,0.0,5.0,47.26345149185767,0.5921780866978228,0.41257974794414254,0.6303003318932601,0.95,0.88,40.0,64.37139697327171,0.8022266420968451,0.38160440051041444,1
6.035187170920269,19.984813240214507,23.212661988351144,42.05999465861143,57.91510067864003,45.868788339925665,50.97381123478225,87.1538590042818,3.0,46.74803256414602,0.0,0.0,63.12966240399465,0.6828240485962292,0.3122355581804833,0.1775556015734077,0.5,0.65,6.0,100.0,0.26021377902767684,0.12254045760080137,0
7.473798441621869,54.26949237389898,67.13668006301121,31.941683119661626,62.925942921170666,56.20389473916872,76.12213852018044,44.93807915869637,3.0,35.50850057169477,0.0,3.0,56.79634921033128,0.572251807273866,0.28291819880706875,0.2705010875197673,0.65,0.88,27.0,49.666799130006744,0.24865703047991652,0.11150604903358233,0
7.638090159024165,55.72543461281023,63.964542736090095,55.84038721384677,72.50921279945723,64.95018276097058,51.67053519454022,45.93612997238028,4.0,50.149664613280336,0.0,2.0,34.21637460767913,0.5772131244862959,0.134859232663494,0.3370498635544249,0.9,0.85,8.0,42.40945443603124,0.33462555229429297,0.20068603989247993,0
8.341974085724626,76.82697668678826,66.28317484522537,77.75783982719169,52.03360166476593,66.50824703320026,82.92007926077378,71.09787184434612,5.0,59.81699082869078,0.0,2.0,45.63519448453778,0.5422418794146686,0.2951511034466953,0.3495554309457641,0.75,0.88,38.0,100.0,0.7663397831752208,0.5892580372512465,1
9.325319956405513,57.61649524895249,85.55745640140132,80.75426381333219,70.97399235516754,42.95735679665577,90.16721407662806,58.4305348558475,3.0,33.13349682977332,1.0,3.0,78.91036973011742,0.7224079157409526,0.5776503885574726,0.5050423998892287,0.95,0.88,22.0,52.387617622597034,0.7151080878859054,0.5315318560346174,1
6.9789279414917385,43.647478852986026,62.85116357244701,65.44301793721716,57.809205704315076,45.868788339925665,56.19024410356119,58.661392111699634,4.0,73.91387218119979,1.0,5.0,61.04595839783256,0.4375938537724702,0.5618910294727479,0.5811060579651838,0.9,0.85,33.0,54.57493741786734,0.6929728209335272,0.42813432824387715,1
6.100823261383082,12.57895043040719,62.03306891261641,49.74484015903346,52.4480948929194,34.09265047877497,35.370364899560286,56.32834405372717,7.0,62.95704946013494,0.0,1.0,35.605110465981774,0.7678854126769905,0.2927593512157522,0.3376301337609959,0.65,0.8,3.0,56.84256782868182,0.23810520571896485,0.10657031411735263,0
9.574258756842971,73.65705158995212,61.44806659838255,97.28976890809251,80.44648782234441,86.71736847350721,61.88731195947071,52.263049377444304,7.0,68.0604017237234,1.0,4.0,95.18432902079581,0.8494977042077358,0.1557636334674927,0.29575503660491076,0.75,0.8,4.0,35.70495148267408,0.15255606811383798,0.23121243990183502,1
7.463637401952683,29.373409401764448,70.01929154483895,88.64850870923142,58.455446293139545,33.11167002668836,48.99653874783666,47.157865801237726,8.0,54.77692432681336,0.0,5.0,64.99014931103763,0.6434597241948228,0.6360434019123872,0.5976542776767924,0.95,0.88,6.0,65.52241307012571,0.6881666990203635,0.577275838092225,0
8.93494135316336,83.24949072341545,86.05673229538169,49.75981491050389,56.504143036770756,80.87917116682033,61.99429401017162,38.45105135479677,3.0,12.613651717145125,0.0,3.0,29.514911698938143,0.8950222194580006,0.003951707159515015,0.1775556015734077,0.5,0.82,4.0,54.292891130688055,0.27991728220939444,0.215763238034993,1
7.521714731932057,53.604502891866176,69.18649730818733,38.03765400657609,58.26851395591743,81.27441237351472,41.184728658993336,58.37927337681195,0.0,0.0,0.0,3.0,46.42895838846512,0.4625538007198266,0.0702515230994587,0.3150401441525453,0.75,0.82,24.0,42.048904101718975,0.37123232864490746,0.08111493503062146,0
8.292942638452914,85.09027140984884,67.0952862032937,55.746518002215275,76.91900406147441,76.52439453511666,69.9626987410408,71.01696659790136,1.0,25.886897635335746,0.0,1.0,80.35705472243373,0.6810044845015298,0.14396412480443263,0.5899595869040934,0.9,0.85,29.0,81.65141976333078,0.7095794199552357,0.5685471200992135,1
7.4611166363617265,55.7293514617867,68.42224865336304,79.79216429302535,79.32170457251448,81.40656420614054,42.71232861617124,63.31153309489824,8.0,72.80658990997651,1.0,4.0,100.0,0.9482841333988374,0.22192509392770218,0.8197001272091053,0.95,0.88,36.0,81.64137008468569,0.6958504569665976,0.6439484886557545,1
6.621592135298418,45.713464942140405,72.10825907389523,68.93888451720696,36.24717628595875,46.15165571703108,50.69322441720038,58.080000297459584,3.0,56.19623572382357,0.0,0.0,38.678371807938376,0.4622856632222946,0.23720278935634975,0.27117048545501,0.9,0.88,9.0,44.92723043006541,0.30054025274430146,0.16972060285814775,0
9.514272031385705,82.56660601022207,68.47361183422075,80.678865755155,60.405560880272326,84.39531901294643,82.09957598363363,84.8548602363067,4.0,53.07676117040669,0.0,5.0,80.38819152757682,0.7789404240462454,0.16957701429757835,0.308923639632205,0.92,0.75,8.0,77.11971258445105,0.29134072960872354,0.2794886912249883,1
8.016924444276404,71.7652779836399,66.78670319457302,70.51730735163274,39.30730081088237,60.63733189727832,98.7467948932168,75.7320360657845,8.0,68.6080270023974,1.0,5.0,100.0,0.8550214336958244,0.3906878106260568,0.42523404342270893,0.92,0.7,33.0,83.34896131995244,0.6671367360700609,0.39623755346618145,1
6.50092442758878,52.21190952165098,58.05721666794942,55.214467065934116,64.91563644436917,60.44464926816512,61.33299914557687,83.73961812704819,4.0,64.0300704025276,1.0,5.0,80.52390949799664,0.9262209419688556,0.23096989738844942,0.7381416489264252,0.9,0.88,40.0,88.74571866027321,0.8304961298736196,0.3795421110025037,1
9.171889124442357,75.50266873818201,68.63571843044188,68.009946307128,76.76625718481613,74.8563527155552,84.03678607001001,54.10452458026508,4.0,63.73766912100403,0.0,5.0,87.90401504936534,0.8859821336930014,0.1993365808420528,0.6069440696098294,0.95,0.82,11.0,73.8378642982138,0.6093383521624071,0.3795421110025037,1
9.771027143412182,73.92547033606304,100.0,90.48002613875674,82.52430180802793,100.0,68.30281886186724,68.64202251494495,6.0,61.818742871985364,1.0,2.0,45.59915679443134,0.7495861585680186,0.2769871040848215,0.9078782521890895,0.95,0.88,40.0,85.09994337302618,0.8182435138408888,0.3096120675093433,1
9.665171767328967,71.00836144973212,94.86084108021755,40.926316341377074,91.01807780714319,49.55136351433421,100.0,49.18739253527111,6.0,51.36035371731882,0.0,3.0,68.36877978430667,0.5638092241067316,0.46966935926832837,0.4228936975422777,0.75,0.8,12.0,52.429640683472016,0.4955857189345147,0.2954520184143188,1
6.23984524867471,43.56327798154046,87.57097549732279,56.910196758194786,58.804002991611746,36.867667044865335,33.38814484094825,57.275056909213504,6.0,69.51742133491875,1.0,0.0,54.96786976406082,0.6924821269009027,0.3474141502269723,0.7252341269528684,0.95,0.9,31.0,61.09617509281806,0.6053549346092125,0.5011460518230745,1
9.352265267250003,100.0,97.97433475012002,46.03881530714791,77.41800442504862,87.83087509132068,75.48645755981411,62.693230746317994,4.0,58.31005346048735,0.0,3.0,81.81449343097898,0.9301855670880832,0.051318365697011356,0.5205040749591859,0.95,0.88,25.0,62.66799893246839,0.4510406237672094,0.5860064941607311,1
9.199574201949961,75.30786846214826,57.194779439609775,59.013494489772654,64.98746891206011,78.87127170892722,74.21858749055087,45.343983864844276,1.0,30.60578044181899,0.0,5.0,37.17011110390676,0.3684132986783969,0.12346586127981188,0.41801028678743946,0.92,0.8,6.0,40.974301044466024,0.20364390788937806,0.0443258879993913,1
8.059900332812733,73.44518008878678,61.40306225765889,64.2827378507167,56.694550305892975,84.91216174597903,57.85860231764691,50.08281507692433,4.0,11.652675091712474,0.0,1.0,56.580359352924376,0.5268371072617464,0.13375732726299672,0.2447321179734505,0.5,0.88,3.0,56.51910962324324,0.3731036070411563,0.5715476747160612,1
8.400188460251009,60.22848664415996,72.70947728748821,62.46380175093642,70.66967379104409,59.32623535895202,82.44940160830728,63.14227159465816,4.0,31.291137838135448,0.0,2.0,69.20453466254324,0.7798427570941957,0.39434968630559897,0.8237353221879288,0.9,0.88,16.0,84.3046651963374,0.7908194809519303,0.5517660040723502,1
7.322022947875051,56.923739325166224,67.83704379952707,63.84445404244412,60.92795386136981,45.026018481795845,66.484504205119,68.21217762366183,1.0,22.76580151148704,0.0,2.0,71.17380563210028,0.8303968342085901,0.20467838797973253,0.1861136211781547,0.95,0.88,2.0,69.3913998071528,0.14751848218022845,0.21298867238928224,0
9.682870233921351,70.74240126542927,68.59747652334701,90.43747574244773,80.14248258376213,77.18900739016519,77.93028848641835,50.396772608937795,3.0,28.784382589169006,0.0,3.0,68.11290923025916,0.3732373511258869,0.4889849814587287,0.5092432171601383,0.95,0.88,33.0,57.69431923845751,0.6392967311663857,0.41220405334706534,1
8.018912468310699,65.3744180991055,66.9898602078627,83.0950047400804,42.14657544372852,51.487176153628205,69.46895938662657,60.80800182231267,1.0,30.357412131246292,0.0,4.0,64.8848406478769,0.7817812941107887,0.18143756225334073,0.4173312673526357,0.92,0.7,28.0,64.56057852350472,0.48146809257359685,0.3122783992669371,1
6.196300084654716,37.231220031683335,26.466901678034567,37.68847992344877,58.53347036726938,63.81855176862962,51.70100486199108,54.021626698103574,0.0,29.151074726172325,0.0,2.0,43.7360257762184,0.3961532292156509,0.16847189702001655,0.3350584744593797,0.75,0.65,3.0,51.55806162819691,0.4105269707199981,0.07820296142661913,0
6.657378891728056,38.71691253190924,70.33196366553716,68.26668587924037,61.98163571469376,35.11225601003987,41.93501087932672,36.456116752785675,0.0,11.993383487821418,0.0,0.0,73.8443481985498,0.7973411238200883,0.3122355581804833,0.34290482988072163,0.95,0.75,21.0,49.72355403271068,0.6068467329015105,0.6436596189818099,0
6.572557300490313,18.1099265519668,64.33815842371072,68.37777189793808,59.96276787809777,70.0353490345612,26.530692403857806,69.38585133880707,1.0,38.7763081650773,1.0,2.0,67.0361240652903,0.8485318825268751,0.19758160334998823,0.556179025087784,0.75,0.9,7.0,77.58397439217308,0.16104998632175435,0.012055306281659368,1
7.823234310469583,45.33059527369114,60.93689180426359,91.77494370033443,66.74840570897292,64.60265658606983,42.29698748534009,70.84772856709392,5.0,46.69842591126667,1.0,1.0,57.917064457417354,0.5479831128954352,0.3414697669122047,0.3240535892998036,0.75,0.85,5.0,68.62576441043336,0.2763789513356542,0.2508864417364621,1
8.059900332812733,71.00836144973212,84.09513928942485,63.36422835260574,57.734419644454064,81.80214847930988,42.85442389170569,52.6144280989076,4.0,39.40241382807692,1.0,2.0,41.609247364554506,0.4276176642300248,0.17591884544264477,0.684500471424652,0.92,0.9,18.0,43.898017036662154,0.5508886414698208,0.43811631028816644,1
9.479830459939096,97.11698268836045,70.71439936131698,66.18121413450216,84.75268951959069,79.75497758642949,83.15341779891818,38.12523701026538,4.0,81.79295658283343,0.0,0.0,90.29993726464045,0.5220692177991318,0.22567777265834874,0.5158788451800514,0.92,0.82,13.0,41.90324398183412,0.4151711212059117,0.524721140076432,1
7.441963502962331,81.46610845331358,47.96814724460191,44.40174699015047,69.1487307465261,90.75199578653682,60.252815498580524,43.96896458297366,4.0,55.6258460722553,1.0,5.0,40.22303488554479,0.43073301218434845,0.06282811276096069,0.6151666386820478,0.9,0.9,17.0,43.972531551433356,0.4922783833799165,0.14558953576359102,1
9.484023948990945,45.33059527369114,99.06623898824922,54.88207381734684,84.78039646532417,45.73661498255465,67.78892345925307,35.54278210752386,4.0,42.51216196016056,0.0,5.0,52.71941447745583,0.5739348752114646,0.4826375463164094,0.32799016814268367,0.92,0.88,18.0,18.003233366476728,0.35308945076250386,0.20105961113236173,0
6.420752182682107,48.20263195438034,49.083144029792976,60.47140510606426,90.20204304003849,52.616427993596744,39.90873111862322,92.59827617134076,6.0,51.27943436875444,0.0,3.0,49.74259669394871,0.7798427570941957,0.28708928016701735,0.7284595521993862,0.75,0.85,37.0,83.65772510222578,0.9536096408945398,0.8148106083940644,1
7.461797196113098,51.051536950415894,76.84025752457512,54.0840992618712,70.20039533397598,70.88893815677302,47.22436383217299,66.15014996833084,2.0,34.771825509565154,0.0,1.0,55.754582982859645,0.78012122303755,0.14589835020062417,0.4484218060762936,0.9,0.7,36.0,71.85815670791628,0.7957593790659896,0.39674811821927586,1
7.418857464382964,67.38052674651472,40.293656211195454,60.31118074556988,84.35130218296163,78.66963866681263,64.54487594079733,53.5846120137072,6.0,56.01872973114162,1.0,4.0,71.74092076781308,0.8957773031448883,0.1293739547867383,0.3255484554300393,0.65,0.9,17.0,71.47137743417213,0.4626749030442923,0.44890704321517316,1
8.970676780780991,75.55781716690157,68.46767672996943,65.045801214833,52.237924552769385,84.45218638847557,69.75886046828793,49.287107274240014,2.0,36.10650980136901,0.0,0.0,44.37885207140154,0.3692597729409703,0.07629080544622747,0.1847202608305514,0.9,0.7,0.0,52.89717393431745,0.061182110688417134,0.03506411596701764,1
6.615377966948598,72.30036356337094,43.23233361416703,55.44419737077857,68.82631008320865,57.04139606500295,50.41658069160296,80.2004836952047,2.0,33.06816686670877,0.0,4.0,27.989562624152036,0.4238838916193429,0.18549212981995136,0.7035349375165408,0.92,0.75,36.0,49.952296494448184,0.7424875744841953,0.6846324687029973,0
9.53273315949431,83.54270076373024,100.0,61.133798125402066,54.54095949455527,92.23756594322154,74.89374860893044,76.05993174210339,7.0,57.13304084538368,1.0,4.0,62.04064214070078,0.4500165009991359,0.30386341037202874,0.24307291552813773,0.65,0.88,11.0,77.71551051448091,0.6394321143378083,0.6912503659074085,1
8.974718149464852,77.35818793164337,92.13747453241375,55.97538544993082,72.85998778083554,72.79334687275404,60.311929311217156,44.901023280501924,4.0,70.34769538057361,0.0,2.0,47.76677634036621,0.4177858916287959,0.23224415617117738,0.7405446110589617,0.92,0.8,28.0,58.1169452647944,0.7176362874676383,0.518578422971195,1
9.399813970097698,57.729325056246765,79.15410500149525,85.5029615593065,94.06938339787717,33.800209443586084,75.393601845306,29.46381859377137,7.0,63.800526232787675,1.0,2.0,57.720955238250404,0.6987771898084627,0.4925505901041292,0.3891248460598522,0.95,0.88,14.0,44.43586149585916,0.2743564651706632,0.35409746697904015,1
7.892393505013996,67.62571845168642,47.96814724460191,71.76301266094163,66.460699801846,60.13607590826884,76.90709338502207,46.764671262696424,0.0,5.088929966973062,0.0,0.0,57.367696409574535,0.6736617267186253,0.11833932931102405,0.5442352545715741,0.9,0.7,10.0,68.63441715770932,0.46962589761808443,0.2219073235388095,1
6.384203430555223,45.00038818874435,39.92447770400845,35.592616271120406,61.08719393925504,61.5009009738268,52.033563866283245,54.88320720399494,0.0,51.22829892910006,0.0,5.0,52.89295442524251,0.34554703856380753,0.30467819669847024,0.5203062805028467,0.65,0.85,12.0,52.85342898003297,0.6093502479000272,0.23255787807183134,0
7.9845533971330145,65.22509194281574,59.017604818148236,57.91170549216172,52.98261826492875,60.129346058570746,83.83462836873402,44.999084731322924,3.0,57.58441101368119,0.0,5.0,77.80898754087647,0.6325767419032644,0.2871635729146297,0.3657790404739209,0.95,0.85,8.0,50.48446378651458,0.3616379060385884,0.17719490151833245,1
7.216611681792903,32.67804382891461,66.61462689743182,73.7025152414626,67.59605317006384,33.51176213935163,55.38706295143604,65.4909633705894,7.0,56.46048451230026,1.0,4.0,49.76029144810229,0.38362648348154677,0.6262866600201498,0.37541292891546096,0.95,0.82,3.0,58.2977196404692,0.4593093698098375,0.24893271711929685,0
8.38122902725043,60.06439260321085,64.75741665017051,70.09557460439028,56.61684452185484,66.64035520348315,60.67887329725973,49.09669862909356,3.0,39.96227406804023,0.0,4.0,42.24182291757565,0.7181398180421976,0.08918110801502492,0.5492031255604262,0.75,0.75,24.0,43.93632330490966,0.3307448495911634,0.05804832096196308,1
9.026972573250228,85.1092122829274,71.37675090557603,64.0415049971654,56.9481650367775,84.39531901294643,75.46576296730672,34.501825742227034,3.0,52.29876593731328,0.0,3.0,41.51171387439966,0.7073465284650985,0.03545178368325933,0.21149472780843626,0.9,0.82,8.0,37.17157033986109,0.4133567324236126,0.21844284611953602,1
6.2968118937053825,51.116592742235966,45.10121214968474,41.17715961703419,56.504143036770756,74.31504856765207,25.349972788878524,23.780092767458214,0.0,54.050055802764874,0.0,3.0,61.21555545455667,0.6737186027262758,0.02563642260885073,0.30163346025556087,0.75,0.75,33.0,43.397684286335576,0.1879781280414348,0.030723913172366977,0
8.89344374009923,83.77137264397194,92.06614994053032,49.176459257912725,77.8465649646755,82.16924446587814,76.47252722198732,72.05056507081468,5.0,58.734092596276945,1.0,3.0,68.44249971535572,0.6861384778622142,0.32059288001724645,0.7362453543220584,0.9,0.88,40.0,93.18432614199892,0.9628726343855111,0.8611251447832168,1
6.93738543345936,62.78210043832624,50.5956928106022,49.63354028805036,65.72807123166224,67.68443449583788,66.80182177498321,61.40127501960006,1.0,40.50325819135041,0.0,4.0,76.7470876532309,0.7942114621362977,0.2047122195978355,0.7437908711328922,0.65,0.85,13.0,67.35943801152852,0.7403288133687026,0.555989018397061,1
9.323385531451173,100.0,68.03223620641529,72.59087103749471,66.29152527046752,100.0,74.11374615032926,54.26366408758132,1.0,70.00315492523347,0.0,3.0,94.63754734408889,0.8587912354856555,0.031410747643853335,0.3607477515486883,0.95,0.88,37.0,52.35606657422343,0.4741269017214484,0.25158836884300656,1
6.906500718384076,39.868866847527244,68.44626116988293,75.8196071424415,51.164497861737814,39.10867134803865,60.623923280622655,62.37451145301948,7.0,63.2960174729199,1.0,5.0,55.754582982859645,0.8616698913421001,0.44612431185951,0.7764742395481321,0.9,0.88,30.0,65.8917259777559,0.7952175515820228,0.5495697889718505,1
9.60063527873077,94.8717682443224,63.08163406053181,78.08844405958035,80.99880101241769,100.0,67.15934406640585,50.773008941238956,2.0,17.592938551617593,0.0,3.0,51.5407541375169,0.7137373836499854,0.0233355541758771,0.3391031997291149,0.9,0.8,19.0,66.04544821413016,0.6590108073408394,0.35826567296337947,1
9.347936997287906,56.222362873093,80.14677140417328,77.0497968140444,80.3733965439759,48.22300665942946,81.2799725268176,52.01984522146897,6.0,74.8743963623393,0.0,3.0,86.28448601593217,0.6550079577846776,0.5138468242294121,0.25672761682914536,0.9,0.8,3.0,59.02879210042532,0.29419770633444875,0.29535031794116934,1
8.273037944154945,51.92539511930336,77.23924905722112,58.80024428546623,70.43452252985121,40.97434906240343,74.7945209337154,71.43082898081748,0.0,50.75479501993166,0.0,4.0,89.86880773208838,0.7149318522008559,0.5334375100399613,0.5414008886152936,0.92,0.8,27.0,60.11316005545692,0.5813152252388222,0.46190393701358506,1
7.196048550544648,47.88543871753264,70.27822224933936,70.27992566398335,61.792924325614706,48.76696160777272,67.66445676354823,83.07881643876581,7.0,57.07227944268434,0.0,3.0,67.39587721866138,0.908757087494146,0.36242924191107473,0.5108332669481711,0.92,0.88,37.0,76.88072111231753,0.7295370354416768,0.5108635496492697,1
9.567460345986746,68.05246843434267,70.79124340535448,61.81771940983894,96.26420195067439,75.72361586821619,77.8435939199862,69.90085871977558,7.0,51.38877693267405,1.0,2.0,53.39530371852378,0.3225544097291591,0.462448933991208,0.3805294110485038,0.9,0.75,34.0,59.99779141545304,0.4107235392771096,0.14876706427053857,1
8.767824869836355,76.86207715946587,70.22268316807123,67.33753257171837,68.51071481103763,83.43400736935345,66.43160115675245,46.26367360016796,3.0,43.942437923766235,0.0,0.0,64.91275043484711,0.6421352316298792,0.13520182306938078,0.759153977309492,0.9,0.82,8.0,57.024539950850844,0.519445417111659,0.3915451822362845,1
6.365161885293149,60.37425781540766,46.674068878269516,39.18256300864921,81.73085443456159,60.89780339438438,50.469950479083636,52.9250859244405,3.0,45.43326020558004,0.0,0.0,54.668313537078376,0.49471346504856806,0.21040166173725391,0.5971366167476324,0.95,0.88,16.0,58.01552786071098,0.5466490083318443,0.43576942450182604,0
8.101794449162846,67.45583392910595,46.66057026875376,72.24897769430883,72.75404965022243,60.34123977729597,83.14941561939179,83.02034869712783,5.0,38.56940405919589,1.0,1.0,90.04591209083621,0.47618227157299775,0.4748451885181603,0.6315117113882778,0.65,0.75,37.0,85.93777590014662,0.600663547772117,0.33202648992087896,1
8.700024532622177,75.250596720699,64.20214181908392,73.42986537119845,54.32848583488525,81.27441237351472,74.68438135601772,38.73427716859833,3.0,47.933502251017465,0.0,1.0,75.49784588755216,0.584316198852534,0.2047122195978355,0.2283861280380601,0.9,0.85,10.0,47.29718918580185,0.3532713629738454,0.4121617042336333,1
9.614539708014597,68.99393026302587,77.3338812240531,84.7338808012887,88.29967488172244,56.97452208096998,69.47626420238808,75.30527728599124,2.0,50.566951888758894,0.0,5.0,76.25588021234495,0.5688433241447424,0.572054296481244,0.6318632918269662,0.92,0.88,16.0,86.97353560377965,0.4075491205567737,0.6056197259845486,1
6.052957893291166,38.96905767354984,52.65575107728931,38.07543271296991,42.84209014441531,46.607318372989795,55.81937734144937,77.42590732165827,5.0,64.93743154784849,1.0,5.0,74.7236593096147,0.9339947307357503,0.21119955084740327,0.5828707259178243,0.5,0.9,4.0,72.39912292552388,0.542683223000075,0.4643867518143061,1
7.2900154659938305,67.6369809319823,38.181862555979805,78.664512979763,71.4481333714961,55.43328686761131,63.35172368915174,75.74013383163947,4.0,66.09887204031862,0.0,2.0,72.9812377314878,0.4720658464720471,0.330191632356913,0.47416455270223185,0.75,0.9,24.0,70.71366891076048,0.44917427117679787,0.3899508514072743,1
8.674355239252854,54.0024298604777,75.37895302034464,80.9204924541441,75.41549198450421,50.65971685692838,53.78574372752108,59.373916429030366,5.0,23.78239286572996,1.0,4.0,27.83421343997616,0.5879581524705848,0.24215297474539296,0.31942030339308136,0.92,0.75,8.0,68.50620033129583,0.4280705209243373,0.2947044736768892,1
7.657318406066601,85.52599196127228,71.21470228882262,37.10720515668222,79.17925455871816,73.51170027521472,68.32355373171151,51.6663937832769,4.0,60.30713011597016,0.0,4.0,53.327577803720764,0.8518677056022645,0.05284436660469779,0.5794035008286921,0.95,0.9,37.0,48.583274925658976,0.6028889070369264,0.29585479504058315,1
7.600864485196368,77.190903276048,72.87022479843276,48.612395662431325,53.65951163375473,70.5579530141367,65.24424395652012,61.165664135657195,6.0,93.50945728885557,0.0,5.0,42.78667273826349,0.5680444887499007,0.16490942584556428,0.5975569721397301,0.9,0.85,17.0,54.99967937944054,0.5128121155008196,0.44820547967125873,1
7.734879827377399,81.01897728274892,61.44459038584998,53.55774514427391,68.2959335037166,60.1617441127527,81.27538479266637,54.25430279218477,1.0,50.4514269940541,0.0,2.0,66.98498852322362,0.7376218695151658,0.21017061598887082,0.6772732221598119,0.75,0.9,34.0,61.542665230506834,0.8291335211050439,0.753078361514802,1
8.493080740561242,48.28415257111418,77.2867697752063,53.00966750536374,85.22561827287589,51.495605622484646,62.57945667932622,44.999084731322924,2.0,52.43436923717361,0.0,1.0,56.558300930198236,0.4400763081623155,0.42203471843288115,0.32608696411331023,0.75,0.85,24.0,52.387617622597034,0.5101613073383435,0.2756895404478179,0
7.194912628627965,49.32512112365871,66.78670319457302,62.12532018750967,88.54288815011016,51.13333306722271,56.74173106147384,79.86089436889534,7.0,70.97660901208562,1.0,1.0,73.19900401714875,0.8065166397919443,0.32031214332292957,0.2802642461285768,0.95,0.85,3.0,79.84751085355522,0.2012920995554029,0.19235582854092748,1
9.64235811710672,76.27124813331824,60.7303371557644,78.75033744784672,66.77035606252475,68.5030117581637,100.0,49.75707003219191,1.0,69.84245365207022,0.0,4.0,45.70680462361781,0.7142575117138659,0.26024713221022555,0.5940760646272593,0.5,0.88,24.0,44.58150688680111,0.5412217995639016,0.1946077395306182,1
8.250104734633934,66.32758437430563,89.66515553140147,35.015747601114576,77.20393797306623,49.185862454879356,98.7467948932168,88.78684395685715,6.0,73.48463036646427,1.0,2.0,57.748261740653724,0.6942270729625344,0.3826234222980956,0.8023733292277767,0.95,0.8,39.0,70.71798157326967,0.6756179171673198,0.10021620201079716,1
8.663347838458503,54.6608461111202,79.47206407589886,73.98622195425656,40.621813909159414,59.280419660328036,71.3235317091476,46.102722798804635,1.0,50.26962696331349,0.0,4.0,58.2407086334102,0.7784134684267888,0.18972926960837455,0.5820489228546271,0.9,0.65,22.0,80.63121093038822,0.4015612631483294,0.09700937589488531,1
7.200530396957014,69.11257074257105,65.56798240034124,37.73007139627804,42.21313134843811,78.84021961236519,66.7190895040955,66.38454105658231,3.0,33.18714051481311,0.0,3.0,54.79275834597302,0.3313878288233652,0.18984152075836877,0.38078412556462116,0.65,0.88,10.0,64.52906038065967,0.308830207658314,0.11420554789870836,0
8.80634070820919,71.73097105304736,53.21932993895179,70.88325166687542,100.0,76.52272609456209,59.74249579929238,57.275056909213504,8.0,78.73745842521524,0.0,5.0,76.7281897486222,0.8659788810663265,0.26431120421779974,0.6271791762079388,0.95,0.75,31.0,58.93487906646195,0.8846929890738345,0.8489830789293177,1
6.063003247210716,44.00027394541286,58.13470836811297,16.73790005567662,40.61641239196818,32.9414449737793,66.52260758766306,46.06159926871232,6.0,32.908359888376594,0.0,0.0,48.06588592051243,0.38644551306513103,0.37672440155466663,0.3997722234254257,0.9,0.7,3.0,52.52669665554192,0.30560193919388645,0.3075266974847364,0
8.395073853851777,54.19831427393284,94.77691702948835,75.29736607093004,60.06315225805304,62.619479018785924,53.34393735208926,60.42135733653843,7.0,61.05162055676431,1.0,5.0,76.96008709942583,0.9203245407440774,0.21014944681531034,0.6221083888146376,0.75,0.88,24.0,72.73803780326237,0.6394321143378083,0.3139524560255238,1
7.371080133386559,27.501245584672205,83.12075394290889,81.81460321260795,65.28665979622147,35.6793776201352,36.77624341259988,38.45105135479677,3.0,14.898447275763303,0.0,2.0,91.44416374967713,0.7876555891257938,0.509010468268761,0.49653994192695167,0.95,0.85,28.0,35.07762816395476,0.7351072337172243,0.5287127515493308,0
9.498530261439559,67.99656557735199,79.04084200607562,56.87832657479026,91.0660340158095,73.28929730203103,74.84438891986481,74.84262596904915,4.0,42.07521217223304,0.0,5.0,37.45530026739768,0.4262460623591061,0.3826234222980956,0.5088455434963062,0.92,0.9,17.0,64.47614831389654,0.5867964570416435,0.39034517094100035,1
8.514312800037493,87.84789231981885,58.989550583459945,88.83555603536595,77.51241948356098,71.53027673935588,63.027564807709666,76.99622751307683,8.0,88.72851351870518,1.0,4.0,79.72753309124307,0.8518677056022645,0.16847189702001655,0.6942229914386305,0.9,0.7,20.0,94.95791872199786,0.7200041939931141,0.7695582206791488,1
9.430081946924945,77.59459222973072,100.0,64.47506704352004,55.50364919885873,59.939380745816244,67.5365616752421,74.17561949141862,0.0,10.365319935548236,0.0,2.0,41.48292268876713,0.6661132023513535,0.13669448262468967,0.4783303206833749,0.95,0.65,12.0,49.88578375323504,0.45015646787083885,0.4643969905621846,1
6.00405636708644,12.510163051306002,63.903540740660375,12.787732759615572,42.31201276924206,34.353888910441945,33.38814484094825,86.72834196640582,2.0,27.956997325977003,0.0,3.0,19.804632421090673,0.5224540079019874,0.40755003579566773,0.4885809981520412,0.95,0.65,35.0,84.07389980134847,0.734124588065105,0.34264531295565637,0
9.655211125288156,67.72397649945286,76.74119660987148,100.0,80.42451652697756,77.7351520182126,58.35279348936166,49.171478900529934,8.0,78.01288402721451,1.0,4.0,59.964181348584354,0.4447315648181862,0.44395220445538264,0.43706833133212314,0.9,0.88,34.0,63.71739603325801,0.5032969410567961,0.4031048041330511,1
6.179551287654643,53.416087585400994,60.52711364848445,43.7569875609829,58.15789430080829,48.57489637395148,49.53781147238757,46.607959107889755,4.0,48.7424904951621,1.0,0.0,79.08280722588248,0.47313256483255184,0.3906878106260568,0.16557382954199662,0.95,0.9,8.0,64.91132819119649,0.3590970352567711,0.6215418179501285,1
6.733495720249609,74.67466654951613,46.24730944684606,43.34769771663157,75.3858196441026,55.77085538253225,63.33117104419881,62.70657295665346,3.0,37.78345898427629,0.0,5.0,43.96886135131636,0.6910952565000597,0.13520182306938078,0.6881873032645234,0.75,0.82,28.0,62.497814740631625,0.8372084581390746,0.7111153767140977,1
8.470475059123428,39.94294760955606,73.0481633641397,72.1234033639523,61.151227758348355,42.57913793654468,86.51566942709921,71.88865014840945,1.0,56.91282933194685,1.0,2.0,68.7588241126916,0.441860192876114,0.6262866600201498,0.4346382570807784,0.75,0.82,29.0,76.62837551190412,0.5318819498509533,0.08533942778125474,1
6.525650466440987,39.156386932523375,75.29232965114575,74.49023248870353,41.896152132732894,51.569875960570094,59.468722255496516,67.05730909218508,7.0,61.85671704774688,0.0,0.0,78.91036973011742,0.6456709384152715,0.5507280211480939,0.5066469792687218,0.95,0.9,22.0,84.2543882719306,0.8068721585686647,0.6242032473544011,0
9.535461546838773,65.19664010462466,89.78132198058972,68.83453914494334,81.98104796569845,82.06692230151327,76.18409141986697,62.09022823311897,8.0,76.86819270250066,1.0,4.0,71.31174113522839,0.5706244987483415,0.4823743072691856,0.8608265312096479,0.9,0.9,23.0,65.04472287970641,0.4817927516622077,0.1817894485462222,1
6.191974846213619,57.90558270306793,51.721470632867856,59.086713170713125,26.41708982630501,61.609689773566146,59.15761774115467,67.34232442824616,1.0,48.53404598802234,0.0,1.0,33.298149029759486,0.8325268724643182,0.046077829202698234,0.5224695835854493,0.65,0.7,33.0,76.74610574211763,0.6908904510982925,0.25885981652152734,1
9.357931869975436,79.25851980819729,66.38749768353912,100.0,54.00461137531634,88.80303510850433,72.77271641418926,80.89492249619887,5.0,68.12680527657916,0.0,4.0,51.212999766032716,0.888295517304541,0.17719776012790725,0.7362992055952173,0.5,0.85,39.0,70.1092975288935,0.9180363495776122,0.794461771670053,1
7.194522181993639,49.32512112365871,49.2307904971597,88.98354659905395,45.61072625998558,51.78481945630675,65.49054882913505,56.50674729258841,2.0,64.5625693138496,0.0,3.0,54.42061834111282,0.40230619594865785,0.5564303313715615,0.4469587395032226,0.75,0.88,26.0,53.429133140304806,0.8339447400135526,0.7254401221906642,0
6.379477413210772,65.16260821096729,38.32001499665965,62.7578379451519,52.08913924660889,96.21011295801371,40.7487267197028,44.23136795730391,1.0,43.461870746585355,0.0,0.0,68.8479487836152,0.9245520869666255,0.0006787400030289956,0.20878890886734208,0.92,0.85,1.0,53.5386824294408,0.1339819016416655,0.08533942778125474,1
6.912859849366212,47.36646755647675,49.36312268813886,55.970574094932324,75.70298791610935,52.577481461242286,45.061727241495916,55.13746576372607,5.0,47.53033969608655,0.0,5.0,73.16473157423708,0.633577936872652,0.34925070313977297,0.5644905524061019,0.75,0.8,15.0,68.52780796011133,0.3157235779571949,0.3405096423236896,0
9.702785067813618,83.748730858649,80.00627536872821,55.95699154830582,87.74917654575819,86.67578400949904,95.42628096285054,63.78233877033163,2.0,59.30440457080773,0.0,5.0,95.84811205221075,0.5285454355713399,0.4529965049735336,0.7510266606773457,0.95,0.85,36.0,72.05979974080878,0.6755493929126506,0.2839539499348858,1
6.821823377230696,57.61649524895249,52.92340416731933,60.42340060420618,57.809205704315076,61.297949304565506,68.88257589243639,68.18307743107994,4.0,64.05682901784634,0.0,0.0,76.91120662258152,0.4987453549837178,0.32349924093305843,0.7467470476535714,0.92,0.75,35.0,57.882697090060816,0.635380866444081,0.18251540797365212,1
7.359193999798702,62.07439188778759,51.16065217117527,58.35939025946327,42.290932874618655,61.88581932438536,79.30281937867673,33.93363687807291,4.0,12.520120360090637,0.0,2.0,53.18684721316119,0.5108878138805367,0.13581794116943194,0.4286715672212311,0.9,0.7,11.0,30.390154456096944,0.4840867724317014,0.11719705717556654,1
9.269071167631976,100.0,64.76654938006128,59.864751988538494,69.87412262492767,100.0,72.61151230870492,32.45710158250002,7.0,64.63607124807103,0.0,3.0,47.220960437023095,0.5732957369489606,0.043411747148395144,0.5976542776767924,0.9,0.65,28.0,52.26448559853281,0.8068721585686647,0.6955749074425399,1
9.717176836905335,75.250596720699,92.32886191932846,75.45850792937024,89.26126142608943,59.26375711137255,99.63259591754479,74.37781589190736,5.0,57.58441101368119,0.0,2.0,71.73863688082278,0.6960659870867374,0.5722278871086849,0.9243434293856639,0.9,0.7,39.0,81.65141976333078,0.9512349834994305,0.7238578837037841,1
6.893974275979451,44.34021138557213,49.04374520890217,43.47367578627696,75.36974462781065,36.809431028252035,68.60048522018808,59.01962588340958,0.0,52.168849268801175,0.0,0.0,37.67304653076462,0.35694208119492965,0.4195024123958754,0.3342624903779085,0.9,0.7,2.0,51.52672142386591,0.19444430107089006,0.20021001953355563,0
6.3379292235910745,32.6952401488782,58.055509295453696,43.76707132221587,64.28052987604516,48.29433843584843,52.19486562776561,66.8816196273292,4.0,53.49538974049363,1.0,2.0,81.91578352715464,0.7494754390627449,0.347456496319964,0.5991927196013769,0.92,0.85,22.0,36.32755161595617,0.2881921748596443,0.06571732979889809,1
9.223846865432108,100.0,73.39738499430335,64.32235298948616,68.53546137850937,100.0,88.77839342123187,66.20784806300118,8.0,90.2640616998549,1.0,0.0,39.06874995716243,0.4696748464477356,0.15851757112119086,0.8898943063901152,0.9,0.9,19.0,66.17618116402697,0.8884024123488145,0.8524866312679766,1
6.925936325411712,53.52341460839252,62.14692058750204,42.43023838862517,77.94723569865604,60.795755404671574,48.254662021275294,55.860142733059405,6.0,45.500203265587444,0.0,0.0,89.89913524091783,0.6785824649126649,0.16561654944746113,0.3204552029722054,0.75,0.7,3.0,43.402856228809604,0.308703203967699,0.2169244510747622,1
9.03704710230441,72.59724121186063,81.7911918761015,55.784097564259625,70.9324131012844,87.57234297926291,56.17276973275497,78.07596538815409,3.0,59.005488001439716,0.0,5.0,44.739609734533865,0.5149246703514475,0.13492707398085807,0.6456175487166685,0.65,0.85,29.0,78.80213553261216,0.551621068232261,0.1974178245415052,1
7.795712736680057,57.556054595108904,77.38616814634382,87.35724899951191,49.58566930182834,46.17815083830869,60.81011377013329,70.84772856709392,3.0,32.106270310319346,1.0,1.0,52.0163871703179,0.7293111922592262,0.3339242741228071,0.43417184509029266,0.95,0.82,7.0,51.68908915177254,0.6594890457831577,0.7492896690011687,1
6.884838682786084,46.38336312926107,50.141414958300345,68.20080846502296,49.678452766178026,51.71300600217167,58.30220181123919,33.06370321357565,4.0,47.72036149354754,1.0,1.0,77.23558015900585,0.4184062436956078,0.36001676963338547,0.1897152668806414,0.5,0.75,3.0,35.48640294334929,0.3397307736330412,0.28235278947532705,1
6.52361543652566,40.17737072492494,58.310523021593376,47.3076432765551,72.65734118458202,38.32586535474745,52.95575483340143,50.74454796348792,2.0,79.66846636740546,0.0,3.0,61.325895129466694,0.838342501490394,0.23123859384998294,0.2974926205958444,0.75,0.75,11.0,48.300241670961796,0.32413038210811407,0.24331838180255808,0
8.526433255049723,72.30036356337094,62.692549436488804,52.630504077518715,90.52977959319813,68.08098062445734,68.675019591569,50.862078683439414,5.0,71.37833199789179,0.0,4.0,54.42045134786866,0.5070439324694683,0.268922877877494,0.5875029761337451,0.9,0.88,30.0,58.83705931155434,0.5524503872522765,0.36660708562644545,1
7.8771651131291724,54.80811905140829,62.597929046344795,64.96253778900866,76.23255113716489,50.99160743773479,82.15703574859558,73.25452942810314,4.0,70.6532175436042,0.0,2.0,76.43678256937417,0.8510373179919957,0.38009879133915137,0.3672907284562722,0.92,0.9,8.0,66.18264473197561,0.45765951729951326,0.36809809946076655,1
6.511298391969959,42.21935781937024,48.295578364937555,77.27399731228093,40.96290220501547,52.274091205041785,46.26948071523722,58.661392111699634,5.0,50.148532368862426,1.0,4.0,58.31853753272437,0.6283088489447017,0.34890342767218263,0.5618919038832175,0.5,0.7,22.0,42.63443288325155,0.8314816064937751,0.7392890723118543,1
8.107422190660174,68.99393026302587,66.49236744778702,61.256960677145756,57.47784896810462,71.08736075614831,59.30785682598776,41.72135399325607,4.0,43.93535031251796,0.0,4.0,56.311948846535905,0.4797649408404234,0.22566039309950722,0.32491955882535845,0.5,0.9,5.0,71.56660508298893,0.4196507467534899,0.5204890112113078,1
6.642711888054852,57.68412176791535,77.4847301070132,59.474166220724214,54.85430723835131,44.695305526776295,62.60986636329675,65.3391245293523,8.0,86.62397590716824,1.0,0.0,71.60140130534738,0.5840951027810378,0.47564596338834714,0.49922322887681325,0.9,0.88,23.0,52.29743129255754,0.6999115591425583,0.7347191558438797,1
9.068240102709872,68.91801126764135,65.44821213304762,73.98227910498669,83.14567594023194,100.0,62.922148508459316,62.997689501353754,2.0,56.672892044452546,0.0,4.0,99.52366224600038,0.9264093610798108,0.15235175586083857,0.59751765209422,0.95,0.88,39.0,61.155771854929455,0.6684769615016954,0.2984769567154507,1
9.559889972028362,89.82613663601566,84.51788800068798,73.42986537119845,62.348524884945405,100.0,86.16552352288448,42.326273124953815,4.0,73.55069309258825,0.0,3.0,59.901471153455894,0.7305448247610556,0.13163545109065614,0.7203319761537031,0.95,0.85,30.0,60.79607299398175,0.8810906398386804,0.4898848206380772,1
8.791560149353614,61.783461441818964,76.73528911050684,75.38008476614183,56.328972219740756,72.39509142265783,66.74767506313871,62.63382934063628,2.0,63.817642778973266,0.0,2.0,49.26693075860878,0.5241908973045125,0.23283637989092157,0.43589063896874386,0.9,0.82,33.0,68.95025570965181,0.7817310866558776,0.3153495678271719,1
8.277821872603754,62.19769206648322,63.00312851174539,65.0105313315681,73.2426856475613,78.79999559607174,39.52859798794539,55.93875054757896,0.0,23.98893357328938,0.0,3.0,39.766334194647506,0.5967898686678648,0.06820760408915752,0.24972914772044444,0.92,0.65,1.0,55.684259455007236,0.26140331159024477,0.3088904231930443,0
7.419899369720099,63.16261382497799,53.46421285715304,86.724440804864,47.69062960288788,82.36189198693683,39.65235564953585,79.28223718246319,2.0,42.87475901704294,0.0,0.0,35.18111744892333,0.3265287579440515,0.2044402745626242,0.3665036609717423,0.9,0.82,0.0,84.2278251845248,0.44597454342913295,0.5963261371022994,0
8.514312800037493,67.66543350061258,88.7470270979318,68.81368149245715,55.987995556483206,72.18279811706472,68.675019591569,83.06526908696473,1.0,54.112552808963656,1.0,1.0,63.023627464966374,0.8964285407792938,0.13646138917861894,0.3403094005825192,0.65,0.85,11.0,90.37912744749228,0.4481414813050807,0.39126043134014843,1
7.785243375064346,53.95269334637844,65.2817026054178,82.21231189931441,67.83599773709021,61.280973107580415,47.84146940417719,70.65108048285269,4.0,49.540669992542036,0.0,1.0,41.609247364554506,0.4392184605857856,0.455005178656678,0.23870329193165812,0.95,0.88,1.0,82.83388641358493,0.4133567324236126,0.7874404005495624,0
9.141696967600799,68.92501966253421,81.7911918761015,47.44695937810309,81.37952491868018,71.76052540577716,71.10347447335835,76.39745891315086,3.0,47.566955479046904,0.0,3.0,53.99342815761016,0.4161736657324485,0.3600141599377132,0.5442060355726207,0.95,0.7,7.0,72.50436696079282,0.43034163477945464,0.3779993882939932,1
6.3410622939545425,46.99527410474187,69.98779078742086,58.554805262226914,55.98465263447014,47.82755957885628,23.380614404457894,58.0014547756016,4.0,39.50721132500359,0.0,2.0,29.264639011240114,0.6939209726200679,0.06927116714232577,0.49991089785011106,0.5,0.82,16.0,56.008159388221095,0.4767168529408316,0.25748567831701397,0
6.804616190549275,54.74307181525912,68.22052737919155,61.80660926137859,57.30732467330101,59.13453889062406,59.05898042268429,76.58977586687288,6.0,61.58463872635875,1.0,2.0,50.991781412643576,0.6127036123538923,0.34471759884792963,0.526159243872806,0.9,0.88,36.0,57.799169324122474,0.8080160937996533,0.5756691006461413,1
6.508388417256651,27.519827039558102,64.15211663986099,38.04857416732254,69.23371919042665,39.957290265193905,55.38069282281039,29.46381859377137,0.0,30.977998063118157,0.0,2.0,59.480577739786014,0.5528154533511999,0.5061479459103426,0.4524138970403514,0.75,0.9,24.0,53.71064578016872,0.6595710690832797,0.36952706505016747,0
6.918227853208526,58.80540523231542,53.211875375111816,60.98417887058622,73.02130373396699,61.66514116241065,52.033563866283245,78.88281981693818,3.0,56.451846484861925,1.0,2.0,56.80863705096891,0.5542140141187568,0.2833903071850497,0.8415086872443657,0.92,0.82,14.0,59.666576449365245,0.5487954864399645,0.3845720654381114,1
6.776709994909431,71.34385396322278,69.81860817015566,52.952867225068154,55.3194329880306,96.35317094448153,39.43479842448504,91.69376376977512,6.0,60.355164751680796,1.0,2.0,62.01643607101552,0.5719676031508042,0.15858817506306147,0.43391705606048026,0.9,0.85,3.0,96.70032224247095,0.4597744150530038,0.6753560381174445,1
9.037011384517665,67.32981061321887,80.65017337887468,60.31118074556988,66.63751817984932,73.51170027521472,67.14611350129272,36.924125515818986,7.0,40.732659516398826,1.0,3.0,75.19525841379165,0.5464927125765697,0.2693964659894962,0.5090450025080377,0.9,0.82,15.0,48.22723765883211,0.3615657306981101,0.22518978058325417,1
8.440559190558375,81.80667225255002,60.18902312902574,91.77494370033443,62.78547335209632,100.0,48.89926318336698,54.98338542071755,6.0,77.95986071627932,1.0,1.0,84.75602551565501,0.8351916097175918,0.08438144655694546,0.3376301337609959,0.9,0.82,22.0,70.54107991814172,0.6319465614262114,0.6839008420114174,1
8.552128673652263,72.59552273127325,50.241982060400396,77.98264610687549,49.61758153594236,72.77791723577522,74.79747096948707,59.88384525332301,4.0,70.27404349347408,0.0,5.0,39.167337819330015,0.33586470975942095,0.30205621636966784,0.41123888173174933,0.95,0.75,26.0,57.09266959424053,0.2863820826917123,0.14730347269669455,1
7.711466564003155,63.26243933059029,57.60379172017688,59.11060625141494,67.68778765208876,67.29132762304378,48.091015502430366,37.27424536155428,4.0,58.23394783197556,0.0,3.0,100.0,0.7389205256917596,0.10536027485636738,0.2862178783480368,0.65,0.7,13.0,50.43943207863811,0.16053708657587668,0.10048223711534024,1
6.884838682786084,53.0589553497133,81.8846693209114,40.19597727543541,65.59223440996251,42.607342626855186,56.06488867275076,49.22994586007988,1.0,23.12847100203562,0.0,0.0,38.470787443539244,0.3904401031184471,0.29502925567100985,0.6805037567360438,0.9,0.8,13.0,58.01552786071098,0.5389001520509012,0.36524674670382057,0
9.250867858804227,67.62882642694643,74.50653683321677,80.75426381333219,57.66459023263151,64.318744132699,79.32621970051166,49.26457226651805,5.0,43.19126725519775,0.0,5.0,62.18891643672854,0.7423342048798411,0.2771512224389476,0.7531983306265871,0.75,0.7,13.0,56.05597393387177,0.7702957903939286,0.5608137063137488,1
7.584267639531229,91.5589104547473,44.517091587973425,73.50213453552885,48.4543913679945,100.0,58.72674178027524,74.2248334389217,3.0,92.66775570834375,0.0,4.0,65.06097490843666,0.7044604587511477,0.058254174948108924,0.6710378717341838,0.5,0.82,20.0,79.40580906962084,0.660064897301797,0.666238078730304,1
6.733495720249609,31.77601230277309,67.48960995975388,70.4123555812354,43.47203400051575,59.885862437426695,36.64181099070436,50.39526587421666,3.0,40.13225961924795,1.0,0.0,27.505102186292675,0.32046103905455925,0.3359948422453014,0.20105752645637748,0.9,0.75,9.0,49.67836015832595,0.44658375666751177,0.15296452309879685,0
8.524391453244073,65.68472034836954,64.20214181908392,70.30782376088864,75.8174212678054,50.48791523850703,79.79718098451966,61.19892790718645,7.0,68.21716955468638,1.0,5.0,61.347110219110284,0.8551994041677164,0.3025331428096228,0.6362333562090424,0.9,0.82,4.0,59.6410633565092,0.4687014776033858,0.47734436118684226,1
6.179551287654643,38.98322058001631,45.74649970922595,53.41803752276378,27.6877696595311,40.20191986277117,62.61684258321021,42.91700854391674,7.0,47.52380275748032,0.0,0.0,25.37326578331161,0.35075399869344936,0.23996112447281936,0.22681625536102262,0.5,0.75,0.0,38.68587423556737,0.1748456721169018,0.08851726048004502,0
6.118064480265391,40.94583198156046,29.601251505462542,54.084532496722254,63.66613763758427,40.677466620790774,59.38359975873238,68.5222810315218,6.0,33.36442899495397,1.0,2.0,52.84202264839858,0.3980899577298644,0.5686432079568927,0.7541028168977855,0.95,0.7,33.0,70.1156773479,0.8895337690791013,0.6744591899784531,1
8.278455077785928,60.19464198601865,91.19917116145362,35.926607534077554,76.14421038515842,48.90226384703294,74.89374860893044,64.78745612885464,7.0,58.09255688217323,1.0,0.0,67.86345710224818,0.46321949005680696,0.4138790754146387,0.3271710513890358,0.5,0.7,4.0,53.5905230088358,0.4057477122143092,0.43119240679743076,1
7.1864142371038975,58.906541618234044,61.70624236023498,58.34834057052754,56.98155428056173,81.59323559352637,50.38565238110102,70.99846775218154,4.0,79.52044356097736,1.0,5.0,73.26998391603567,0.715666728910364,0.17283758094756774,0.5040895421448087,0.95,0.8,7.0,45.74493447689907,0.3785150578350291,0.22406863903053273,1
8.426176605506015,45.98352819172862,58.0497583750331,80.76406254815184,57.65654735991389,59.36191146784334,82.44940160830728,66.72382687543988,6.0,70.76759387008072,0.0,0.0,62.04835344516656,0.46824619962047465,0.4680779263260436,0.40418555984400073,0.65,0.82,22.0,58.79276247376939,0.39897476495308737,0.10490052197379725,0
6.3662856561832974,42.67335657107958,60.67382515901695,70.90281857481946,37.62296995754114,36.02446702132475,58.64781214591785,51.42310421649042,7.0,73.60920139576464,1.0,0.0,41.8330523095275,0.5878920243475496,0.2907785875241536,0.07202174361782308,0.95,0.7,3.0,52.85342898003297,0.149683948236872,0.21354880446685195,0
7.641393511801832,55.440288474843655,96.91054632845342,34.02472371819732,63.647422457084765,64.65736066452685,61.6203586062365,88.32290198189214,5.0,41.72663665132703,1.0,3.0,82.87442125297429,0.7879672426916224,0.28939509588477114,0.3848897386528643,0.92,0.82,2.0,67.80665060273013,0.46121927160478354,0.4117735049518229,1
6.340978855416755,52.25634160215832,40.87643667493974,53.0198721980854,65.22561161427583,43.2369314022428,65.74863384319393,69.34124997665917,1.0,67.73044093416473,0.0,2.0,42.33820448467572,0.4692730505448341,0.4322980263615244,0.7975283147507666,0.92,0.75,19.0,54.44632625570854,0.8632921161691773,0.753078361514802,0
7.3211598123764325,65.23364025404096,52.23236079099364,62.21268724757903,57.02048146481516,71.87290385850154,63.03849416096464,48.570230921045024,0.0,71.47136766799711,0.0,0.0,73.50432034008321,0.5220796583446695,0.22249109548381688,0.4054006610529244,0.9,0.82,11.0,42.52765705638606,0.48707714650429856,0.43701208874819664,1
8.851010754203287,57.43092389974041,61.52060936519125,85.77283945503648,72.91188085741764,77.30229165061257,39.996971632529764,48.05791974135872,1.0,52.80126047163418,0.0,5.0,86.575359790918,0.7546178403877885,0.19788692543985983,0.20994443521734188,0.92,0.9,13.0,36.716452563462155,0.21059782644292566,0.23963872764547198,1
6.4903142172917585,54.0495477048861,49.93449577198935,50.277530378055594,62.441181901191996,64.84781022387224,47.690448422032226,67.83582730425137,5.0,66.10614942443905,0.0,5.0,44.643489624914665,0.6194285438164606,0.1872869542654065,0.5649341247082359,0.95,0.7,25.0,62.60741067906502,0.6711545593494769,0.4060064826680895,0
6.477522640900437,59.05224612580037,96.43075438215001,40.632659776088474,36.1407458383907,64.27264524837041,53.9715606094377,86.02021262982718,8.0,60.63341740059116,1.0,2.0,63.99301173927791,0.7012594898531936,0.31444996647416296,0.4988199188709096,0.95,0.85,30.0,79.82176727130283,0.5701692087199892,0.524094527707918,1
8.87315396130884,48.79562581698127,80.17638647719038,68.37777189793808,70.35491549898538,62.951008018678664,74.77199247616991,71.9953175144361,1.0,51.80275229830925,1.0,2.0,65.28680287331592,0.5464626129197806,0.5743521310441212,0.41225849090880384,0.92,0.82,34.0,63.75590868279838,0.7952175515820228,0.536075959223097,1
8.04797871180391,57.557171680791456,70.19197461435422,42.87624168914756,84.38906568978916,66.5521037851957,63.33117104419881,29.06528760627315,4.0,45.944043319004635,0.0,1.0,81.48861002306785,0.9137153961690583,0.12891067690128083,0.35643737349366095,0.95,0.85,5.0,17.512471479271596,0.32697443205070503,0.2947044736768892,1
7.202173537879518,58.19216114455048,43.95499877707343,78.05966530678329,63.34373037009282,40.20191986277117,74.62180561525605,36.15146364359622,8.0,50.483765968992984,0.0,1.0,59.14809709581005,0.5217548490900235,0.32942654022876594,0.49988412077652494,0.75,0.82,37.0,43.805725913285364,0.66402944618726,0.2741144963889579,0
8.607166187400706,70.72358320361064,43.54013566625899,74.16425005470333,73.3666988610764,58.19671540114672,73.44087523861656,64.4838946697863,2.0,32.447232936529204,0.0,5.0,62.03422060710029,0.6978652125239287,0.2035621996275205,0.4337825403105831,0.65,0.82,26.0,51.58241846685571,0.28326872843663203,0.22641503068594385,1
7.750924499910352,70.7627338486871,61.41725990080075,64.26582249383266,68.21803250603104,61.968339393564335,71.09489804235685,66.6802697695627,0.0,39.20720495425254,0.0,3.0,61.11039176580734,0.8068105124168752,0.21703484612868865,0.2638210488740499,0.92,0.9,17.0,63.3606005739362,0.7441121280829124,0.7986525355430348,1
6.925667632362709,49.368194967197915,84.94955591161334,38.3856414025081,40.609102438768105,53.102742733047236,62.63267658482163,50.30604228012044,3.0,72.80658990997651,0.0,2.0,76.87620410040162,0.7944381777314007,0.1991577074763883,0.08471943093116613,0.9,0.82,2.0,45.20604655008919,0.12427490309939797,0.18303192626094994,0
8.507983731444375,82.52377062086124,65.2817026054178,72.1201049782562,49.88567991329634,98.29154663779578,81.95308065426005,69.65262990170872,1.0,73.05696872838843,1.0,2.0,65.59530427119002,0.6977517553356392,0.15268054539134113,0.7939991883420103,0.95,0.8,34.0,69.3761703481099,0.7880308389810868,0.3638264948480852,1
8.05020425399438,79.57997665960633,74.9202516797856,53.7700719431845,60.660708325895094,66.77931121435982,92.5827653958629,79.30512962902378,2.0,53.59869700412797,0.0,0.0,72.45949596242689,0.9113063450240926,0.17171817114016977,0.3387387286383814,0.95,0.88,18.0,66.21860316222211,0.6730640690535815,0.6803089861516144,1
8.975040041852552,56.26388436961753,70.7638283360683,73.67287440877915,57.15498131138991,59.55935817279091,81.19493430249545,44.55855300387711,2.0,38.25728814931762,0.0,0.0,43.28412449239495,0.5987150423886742,0.2638157542003032,0.481093383223669,0.9,0.65,25.0,20.662988498565824,0.5527141354762956,0.23913522575203358,1
8.161568460460412,67.32981061321887,57.84514478581754,35.016835085707854,88.3532357088951,82.39079924831469,68.88257589243639,60.53173418297068,4.0,40.15566544160417,0.0,1.0,69.91499350641587,0.30619524953056115,0.45620443069450145,0.7801848132516915,0.9,0.7,35.0,68.17823342534044,0.6820024390264258,0.2378037618955639,1
6.414747187709793,39.10660667898407,63.96461253160022,49.7396153701586,49.678452766178026,36.96459832866787,70.34372640713704,62.40145908673788,7.0,28.25996697025092,1.0,0.0,52.46957069084792,0.5387232609392332,0.5276569379372575,0.7284595521993862,0.75,0.8,15.0,55.55440097311333,0.5871882515836371,0.4319766554243505,1
7.078852063883348,63.3459822044392,66.21312449425504,42.88765520606205,59.77266283417487,58.916072108848454,85.41262808498085,82.60191011361466,8.0,61.72079061960053,1.0,2.0,53.763435507260404,0.8985371661777488,0.1861882303253576,0.2955706151210681,0.75,0.88,7.0,67.06216193077144,0.3310795997545715,0.3287563032606585,1
7.207015410581535,98.39796111536256,61.44459038584998,56.12331717133347,64.45716504932817,93.09552967571335,71.76657730393256,57.19729179072215,8.0,76.451234859893,1.0,0.0,44.22444534001697,0.77580460296175,0.04280230068547895,0.3805294110485038,0.92,0.9,21.0,71.53861171484142,0.6071237951198137,0.7059538629737357,1
7.765782623857852,53.59779461521664,84.89915522943788,71.69090178538823,42.992405873037,75.83503059137372,37.56834734501355,50.646575365932414,1.0,34.611514031649364,0.0,1.0,31.341235384144014,0.4806530042335372,0.16561654944746113,0.5487871853692651,0.95,0.85,26.0,46.83995565318516,0.5175027008287908,0.3084568703408769,0
7.1569728006089255,57.127872403813505,77.36822638832544,57.27620089082651,36.11384531048374,69.42230192922297,53.81345446261803,49.23487911768947,8.0,70.8084667761315,1.0,3.0,40.82629867240961,0.3442301069329166,0.32303026853733563,0.36053380155969644,0.65,0.88,12.0,53.46972142991021,0.3154199395049858,0.2280540753569403,1
8.107422190660174,77.69555899494213,82.41735820576775,42.78585118416228,50.20760539724195,63.64150035018947,78.58056779900235,51.808096132308194,4.0,76.09199211667746,0.0,0.0,40.26047192665997,0.3274257530546795,0.22443984666893857,0.3700528183418175,0.9,0.8,8.0,59.848546791989364,0.37239409320790245,0.2617917193331953,1
7.883299297164344,67.49590917227646,67.83063729558755,43.129748650394426,65.28665979622147,86.71736847350721,67.36779063144458,58.80895402268686,7.0,78.66051369540227,1.0,5.0,88.73671322217223,0.6734717061073372,0.2967511187857383,0.33113158440414814,0.95,0.85,20.0,65.1297938145584,0.32413038210811407,0.3037341842384772,1
8.896555123553345,73.28797280268498,59.44125947219524,67.4185157068646,88.3532357088951,73.70750224017314,82.38545406070682,78.73879984689404,3.0,58.31005346048735,1.0,4.0,74.90479618224936,0.8186093729610122,0.3135251398457503,0.6014105688368957,0.95,0.88,37.0,80.70527697386345,0.6357800455129006,0.4210128598561346,1
7.093848528982985,59.34881035637797,64.9215174209395,63.67545440483732,48.84593705122878,63.92366590825598,54.14240026801017,39.42360730786199,3.0,55.40300128382837,0.0,1.0,65.54229998169924,0.7249084984739416,0.1436655734075697,0.2455087348147243,0.95,0.65,7.0,28.85978494315753,0.5559050715503505,0.5820157227083594,1
9.421056778538556,100.0,76.86580213463712,63.59707324067348,40.28892597472997,83.53227807608732,83.43461339767657,39.65884746297468,1.0,40.138371166681736,0.0,3.0,38.42222088428181,0.3521288073767985,0.12406047513652062,0.4395879641511763,0.5,0.7,34.0,34.95631473136058,0.5793153414590709,0.5482601985710555,1
7.909545787473555,52.61083392755313,48.017813664625315,82.44265653905059,72.77190204063774,51.50140182652382,71.65771473825554,63.243379615426,2.0,27.016288366879586,0.0,4.0,79.71259853841505,0.8502762722240569,0.3584309398348585,0.41167255531325325,0.9,0.88,21.0,59.02671742813492,0.6821810542749293,0.5444463457631451,1
7.168988244611695,52.80497793704572,62.92316380637128,78.97718723978183,47.9780341923334,63.52232707053856,42.86825833625126,73.9392393426701,8.0,55.82669903604606,0.0,0.0,51.17759562425134,0.3534517374683147,0.37092263855959356,0.3860893362890126,0.65,0.85,0.0,71.56660508298893,0.3146151213997343,0.5183586573413678,0
7.099832888530647,54.0495477048861,58.08264907079538,68.46692525855065,67.06085801384036,49.243475800035476,66.9686112304212,48.75450348537257,4.0,73.05696872838843,0.0,0.0,66.58811136212906,0.3294898617127531,0.6258341280250633,0.6316358597720407,0.95,0.9,32.0,73.27121138248084,0.7193764028985252,0.46876705878086666,0
6.943944334689476,73.2353169044516,55.770703568081984,47.1422721170506,67.43327358766409,70.63434576862134,69.88117112816062,56.32098900333533,4.0,72.83617967906532,0.0,0.0,80.90891726003623,0.7514410171639362,0.1872869542654065,0.41185019386144167,0.92,0.85,4.0,67.22091301993635,0.6094167092618769,0.7163046506923023,1
6.704426036649446,73.2353169044516,48.017813664625315,59.235422131870436,50.644927818189366,80.87917116682033,73.28506520267231,87.81244300367733,4.0,68.0604017237234,1.0,2.0,83.18776062364702,0.7546178403877885,0.15217102673024818,0.844086974523692,0.5,0.8,35.0,92.1546475486725,0.8022710120335487,0.31027969059629107,1
9.225410029917137,74.9122722369562,91.35341900146149,64.32235298948616,69.60972956700957,68.58067136327733,83.989955478861,64.50169105436423,2.0,34.92771614300311,0.0,2.0,71.43367674628158,0.8714797987233875,0.24540938129454257,0.7372637344529136,0.92,0.88,30.0,76.45220238672508,0.7903275572259078,0.5784705782793973,1
7.995335551275593,72.30036356337094,88.58581151215364,40.926316341377074,45.61779024126395,55.18812676500673,76.87840711005603,50.82045018129418,1.0,19.526667495150264,1.0,0.0,74.12620827375063,0.4738428970516452,0.2662942836502822,0.14130975971850812,0.65,0.7,1.0,49.7763278359485,0.23110088490874836,0.5410004045254002,1
9.707796892680712,65.28300586502976,94.36649700021233,86.06303916566713,84.21851902540777,40.677466620790774,87.37224207205375,60.31164844081378,6.0,39.687046414677084,1.0,5.0,78.0340676510892,0.7484788625354026,0.6335390134623864,0.6975928388475657,0.9,0.88,37.0,73.73752417919823,0.6267169648148027,0.5820157227083594,1
6.5704923156471775,32.894730797030974,64.028423436429,51.689808805378945,68.2479638475555,38.052706565321,41.34413485643168,65.19660302864396,2.0,56.6102691583641,0.0,5.0,63.81663543899698,0.4252333475848057,0.5075887792492055,0.5794982328318614,0.92,0.88,4.0,52.47190666345128,0.5558364532082714,0.3215838715986842,0
8.818135604379759,68.50156191297194,53.23021122511435,58.482977323131514,88.32926125549722,85.80988516263253,72.26712377500465,80.9302274613232,5.0,82.287700293352,1.0,5.0,71.96777050278763,0.31117085150497364,0.6411805539532673,0.3950749145498544,0.95,0.85,27.0,61.88106142975224,0.666875550659615,0.593942526122789,1
8.42291412487039,37.70238657867711,75.93403320436849,66.73148162608852,64.66832120914678,43.55043546068926,75.52361067006672,78.41078780039277,5.0,45.81801601521822,1.0,4.0,73.58350154688188,0.477433742594341,0.6898955021026021,0.4486352268797687,0.9,0.85,4.0,67.71806654913335,0.31250375783506684,0.2321815632904433,1
7.847529887364647,50.68865998345642,65.26881605977225,70.51730735163274,73.54734876274321,50.22551488888397,57.75893452770803,50.43405070272665,2.0,41.92406680192512,0.0,4.0,53.45741718544417,0.4116120321856262,0.5336830941363893,0.35643737349366095,0.95,0.88,22.0,66.98315144841074,0.5259988281545679,0.5045097299571016,0
8.462204232364599,91.05405061444077,91.20689419314152,53.5444172043908,71.33993713345485,57.04926274825938,77.14634455704703,74.87243550501579,1.0,85.85498003028927,1.0,2.0,100.0,0.8964753071957985,0.1958502755779685,0.544531946489321,0.75,0.85,11.0,67.32260872110665,0.5562913903263451,0.8088440960440808,1
7.859207725157032,97.00276026068411,41.57274558595704,41.05588435529761,61.59038439881012,88.75614258676367,83.55169989471518,35.05134155723757,8.0,69.23858534758222,0.0,2.0,43.942626138799525,0.3423885969635705,0.11271441353658673,0.1960006438096392,0.75,0.88,2.0,50.21039100324127,0.2509158047200009,0.4314769923406981,1
6.893369044146506,55.72209173837656,59.75859470336902,29.35308166693278,84.37707504326403,63.69464861692103,45.10910247408564,49.18254712197547,1.0,25.706367731587214,0.0,5.0,49.5331984774881,0.49839312996025564,0.17034361657573666,0.17033854825330746,0.95,0.9,4.0,48.6350644741407,0.2342742642138968,0.23756153662514895,0
6.4789000986371805,87.75654233883834,56.144170194766644,51.79535718020266,66.93243368354965,79.63527273704409,44.50518329243617,51.447814744899276,8.0,90.91302396670307,1.0,1.0,56.580359352924376,0.8043777102582563,0.052840691291584266,0.47801324515664906,0.75,0.8,31.0,68.92299227279466,0.7471495114600673,0.8889098503734316,1
6.256022359505423,47.20594811222528,50.7780005779331,49.75079415632035,42.36915141539329,57.38681074438576,41.169281217834325,55.623522563481124,5.0,40.372522010560004,1.0,3.0,62.2575653591519,0.4357363404921579,0.198457240499788,0.302034892725043,0.65,0.82,4.0,57.61008366614228,0.16532722160148136,0.10380394159685923,1
8.2551338358419,78.87278540455367,75.34439215808604,72.67389317835102,42.290932874618655,69.34527794587538,74.18823209533637,58.4305348558475,2.0,68.60729843384905,0.0,4.0,95.19469949460965,0.7540296800901689,0.1715819363072369,0.49731082776805036,0.9,0.82,33.0,75.28765355008929,0.6953826427716302,0.3808066249262272,1
9.27016569331863,63.34868741419208,67.04021516557152,67.18519227986262,76.512262533436,70.44757800134225,68.12134622041208,42.01524832539213,7.0,47.710196771691585,1.0,5.0,68.30221926720925,0.4364203093134328,0.352463888433691,0.31053760383665,0.65,0.82,5.0,28.850242514285043,0.4604158330533366,0.3899508514072743,1
8.443394008695165,66.11229227118179,81.13611445641423,70.30782376088864,59.59021257145765,72.25020087191487,73.41705796379632,58.75742564395437,1.0,67.03672684267329,0.0,5.0,85.26810724065288,0.9270746036822524,0.2871700465051996,0.8796334115236046,0.95,0.88,40.0,54.185846656571016,0.9449587747667781,0.6260917839221095,1
8.902908882025034,62.92973086005167,77.31796339179354,97.45833339879347,56.700034377660884,58.001371849623965,67.6535360226174,76.66570210431954,6.0,79.96290102899289,0.0,1.0,78.99287362430127,0.4332682517440949,0.5139509618722335,0.41539053730088793,0.9,0.85,6.0,97.65288502992979,0.46176070724606877,0.44170297919576657,1
9.042217758560632,100.0,58.60052660731201,61.580636256843135,84.38906568978916,85.5049189345923,94.31888003068788,69.2719956906419,8.0,97.17408723412916,0.0,2.0,46.847702541231456,0.4728149861675204,0.1889461178658039,0.6805037567360438,0.92,0.9,38.0,67.35943801152852,0.8313377805521629,0.753078361514802,1
8.490745692336006,64.04066968445402,64.78633184943635,82.84644260955113,62.25951483917073,45.49357243222074,60.91732063685225,41.28526118549949,0.0,35.87379434642504,0.0,2.0,36.43268334487493,0.6625629736065928,0.12165288059827932,0.5025281871201489,0.75,0.7,4.0,45.48183825272386,0.5029799022317104,0.4203905620396986,1
6.716414888721809,57.606043066602176,53.96400201223473,48.43996431774613,55.38988904695242,72.33168022440618,55.44533669524733,65.88588825186916,2.0,35.65647427736383,1.0,1.0,47.05807632105372,0.5906148161035483,0.09424909685901574,0.639628210873213,0.5,0.8,34.0,50.56616733040046,0.44597454342913295,0.07665171408328016,1
6.020797813571584,56.54237089921104,46.1804281620509,36.325200680029496,36.207827106331365,32.9414449737793,68.32355373171151,64.55234557478013,1.0,52.17463026073015,0.0,0.0,76.19700487946385,0.6624227029187209,0.24691649586653716,0.5484622904669868,0.65,0.8,9.0,63.4525975872812,0.6145055635958745,0.584841993306213,0
9.231042335568143,82.20607766268827,76.58592662044029,87.07860481115317,55.46760656967561,86.22260579196721,79.8111475743871,91.69723985839522,6.0,59.853770170252325,1.0,4.0,59.649188783779636,0.7269386438259544,0.3054918327400263,0.32330726709792523,0.75,0.88,19.0,90.79485687742883,0.8895337690791013,0.9185214609048327,1
8.554604838649091,52.7007542844547,61.637671126535864,52.512734007861354,98.61230960690959,77.07739804273812,59.84290320462705,63.00601555877438,6.0,73.78735537597493,0.0,3.0,77.49695527427315,0.4696748464477356,0.431222616807012,0.7099694750273762,0.95,0.82,6.0,53.136453855215905,0.39917462642482937,0.1901090450728362,1
9.085555165740072,96.65023043124533,83.68745887641046,84.7406465250171,38.462133918152986,63.923725701644194,83.14941561939179,60.54952903530047,1.0,34.89283219602617,0.0,1.0,71.76201925410896,0.6978652125239287,0.134154484526879,0.6217299998893363,0.95,0.75,9.0,38.68587423556737,0.4820431742292461,0.5697882748209432,1
8.635453784429535,91.86014901700362,57.21219656055589,60.182342477831355,78.12609354923245,75.56724041781929,65.952315851105,69.90541031195418,0.0,33.439845720728556,0.0,2.0,61.55214988155323,0.3456027455480062,0.22616559213329934,0.32425720027704885,0.9,0.8,17.0,79.05959870082863,0.5206368312054899,0.7106986860985208,1
6.759220736500904,54.63981637624179,72.4425437694311,51.876888854706024,68.59475264300167,54.64414040379072,67.99908707324907,46.87020025831575,6.0,54.75566242044305,0.0,1.0,100.0,0.939418296418524,0.31931556822581286,0.521368000762146,0.95,0.9,10.0,50.40069624807703,0.7471495114600673,0.7414560331750367,1
8.213290017849634,39.868866847527244,70.95468956888901,70.20071585898079,75.8174212678054,61.618718194375845,52.706532774002056,46.195214953132385,5.0,31.01783749520579,0.0,3.0,63.77978770698429,0.7725610787591011,0.25147460093328383,0.8454760690945988,0.65,0.65,28.0,87.86669502222006,0.6786454632309125,0.09700937589488531,1
9.352265267250003,93.16571751858218,57.2374936665766,91.95812836132062,64.40898095207406,96.67485614216812,85.22635354495006,80.293265640069,5.0,50.95792221640847,1.0,5.0,81.46271617317727,0.820835260994893,0.1961015680890949,0.36053380155969644,0.95,0.88,33.0,78.2750605486343,0.6309766556766981,0.6140200613540358,1
7.337333783487272,47.29384428664257,78.74946599709733,63.55983585722209,60.011493345144736,65.23153011135487,51.770882668658075,82.96667176172392,4.0,65.90694403258011,1.0,2.0,48.20339964080529,0.5661425655893118,0.3581205036627522,0.5819562971178375,0.95,0.85,40.0,75.90518706021929,0.4902548644520429,0.13470169297537746,1
7.817938719129376,70.91491302923477,69.18649730818733,38.64972028722138,60.49166871840647,73.13694229925034,79.82058984279146,45.79721774771972,8.0,80.02049994630579,0.0,3.0,75.05010523951191,0.7889593944766067,0.11455919457253902,0.3061770103000899,0.92,0.7,19.0,52.29460389362786,0.3641950112824375,0.13417021453324668,1
9.260876157574328,62.09581148813061,72.72450930727683,85.21573350691702,75.36978530811446,67.16674358226423,67.82612372740284,55.0108829129113,3.0,62.06392836802471,0.0,2.0,62.295985307694224,0.7064657913067296,0.22928580212048857,0.3293996903723597,0.9,0.8,15.0,44.27131578175127,0.6765279043873283,0.42813432824387715,1
6.155598449085735,35.10597795706199,55.3627693614691,47.742515786612266,33.9134593279409,60.1617441127527,49.79416326254776,40.805921512063584,4.0,39.84557734944871,0.0,0.0,66.59752348671714,0.4010828951017316,0.336385330691569,0.2447321179734505,0.95,0.82,14.0,41.6520229046367,0.5479126306116859,0.2575471781302657,0
6.020633369689062,53.690440347422985,43.96587908973508,42.418120734778505,38.462133918152986,64.65736066452685,31.052927283609623,37.800328951416134,1.0,33.30342974001057,0.0,0.0,47.69395617202598,0.5680444887499007,0.07378396471237209,0.3240535892998036,0.95,0.85,8.0,40.40712743327202,0.6235531841034395,0.6248865308065938,0
8.52112237747053,64.45981711256898,68.73407589062167,54.40243538112166,66.23407196932715,97.54424370997049,67.74487778076904,76.7026651922054,7.0,68.21716955468638,1.0,5.0,100.0,0.8329026986074541,0.21816962562473033,0.5420477763724979,0.75,0.88,7.0,65.81977369640961,0.22655874055167466,0.1026839761321831,1
8.539656815021585,27.624267696566946,92.21369141562346,92.67540465198778,57.47259455907334,39.73247541139794,50.784420676629125,74.00009852971779,8.0,89.15588881684027,1.0,5.0,30.575874779371766,0.4238838916193429,0.731058571937214,0.684500471424652,0.9,0.7,38.0,63.55654694678424,0.8655592559361496,0.528562739864794,1
8.144692185364878,77.0410687019524,50.795559076003556,68.009946307128,48.629869788484356,89.63237586479579,80.30853867462598,47.80460420184181,3.0,63.000134734621696,0.0,0.0,54.668313537078376,0.5772131244862959,0.0627986991229655,0.60680212761067,0.75,0.82,4.0,38.31436634322628,0.3310795997545715,0.08473576621173229,1
7.981484198600379,60.113840234339406,86.32034193970013,44.37354151474378,68.43719572096771,62.293423413529595,78.30588762805529,79.95326770217463,4.0,88.5565378277584,1.0,4.0,78.32596786102998,0.9270746036822524,0.15851757112119086,0.6141195875059402,0.95,0.65,13.0,77.22247943743298,0.43319290226193,0.09625163266056334,1
7.573874582052149,59.907200384413414,62.36907399619653,58.55382468518984,49.42042008126927,90.86818594979817,56.23827008179748,45.168048571345174,7.0,24.528337583079846,0.0,3.0,60.60371280487837,0.7023907251486382,0.07074207868169796,0.3921405920873656,0.9,0.8,8.0,73.92421702127051,0.3774098310261938,0.10122622310233165,1
6.615377966948598,43.43836276808747,44.93835576310038,47.21574952040655,65.0630680181741,49.176798734476996,64.60505507453934,79.96140762953226,3.0,36.951575374521326,0.0,0.0,76.2228164077226,0.4735460105137588,0.3648321273637277,0.34882807711638225,0.5,0.75,6.0,84.08113200241024,0.21616865472224878,0.11842532557090124,0
8.32643983265702,58.61601617269761,79.4172582470948,66.45481613565563,77.01761191642208,51.93695177468644,79.79602878842614,75.5494616455123,6.0,84.01044800261876,1.0,4.0,81.86922210864883,0.9032094426325521,0.4111043609810253,0.7038600253653711,0.9,0.82,29.0,60.88497955700919,0.8648488704781199,0.6405766233637331,1
6.202851343983267,39.96253861923929,65.43451817573403,43.46727043991988,43.642965840283544,46.88400551423972,24.81752509811669,45.997079272374805,2.0,53.839445084892986,0.0,5.0,51.13309290165681,0.5885118143774428,0.14843126930591444,0.5245715057837311,0.5,0.75,11.0,34.20919615122546,0.46176070724606877,0.28967884906484925,0
6.4335954704978215,37.58120268309595,69.4176724005136,73.2325204059913,32.91331702426412,52.48916196036184,39.006908703807085,28.67219506941465,6.0,42.059404239660886,0.0,2.0,52.911645027630136,0.7230448366246063,0.22997848282213046,0.219096028690553,0.92,0.88,7.0,52.415678408098024,0.2890828710160047,0.30969044895117886,0
9.536601056469559,100.0,84.76751600824583,83.33903004263782,58.477665678678356,100.0,57.274458092943476,88.58154298043722,5.0,38.34836340008466,1.0,4.0,76.5919088053207,0.9240943662605898,0.006133790051985396,0.6988117560295776,0.9,0.82,3.0,78.40766148811171,0.2972701632598478,0.23716788003873107,1
6.249015648889853,42.644809156015256,90.09836518459205,13.875413047027195,64.51915117789125,53.02089373621629,36.2686376377232,53.96854584338332,8.0,88.16490581163082,0.0,1.0,68.49230250934912,0.45784582202345886,0.32349924093305843,0.37422756077618435,0.9,0.75,32.0,57.49823542653923,0.3459515753581938,0.16545370647891505,0
7.510797136534775,57.36827806521789,66.95860449771673,57.29192564216661,77.84868473147739,74.22101660024391,40.77218729036639,81.72348165336885,5.0,23.69567065071553,1.0,4.0,51.00763921214114,0.9168495050221215,0.04328052888467128,0.4836528958585755,0.65,0.75,19.0,65.7824000337991,0.5535279552590352,0.24331838180255808,1
6.210502554824188,41.476674911323784,80.68513052679984,35.592616271120406,43.7637756839608,50.13793057994373,60.00658912399514,71.97897929743495,3.0,28.25996697025092,0.0,0.0,49.93208568071867,0.9173680312845147,0.13030079639761313,0.7545074277375924,0.9,0.8,23.0,81.00142596469163,0.738432082996621,0.24792019877062532,1
6.439675835775832,50.54307110273143,55.63551187673595,26.652227688844157,65.08925526164636,67.12595524890214,68.07143042375529,72.35239313041573,0.0,30.418071489445087,1.0,0.0,69.01486906066768,0.48713525815082936,0.2910197909729286,0.3057670624185055,0.92,0.82,33.0,60.53270765583596,0.5557154215412674,0.19825911217247777,1
7.593343754125679,49.77837234166432,66.49236744778702,60.54783938611873,66.64902618388354,54.634761303107155,76.0932114414243,74.45587037057497,7.0,88.28323165792786,0.0,1.0,67.43915234401425,0.5318344302086145,0.5054875501253525,0.8355098741270947,0.9,0.7,34.0,72.51745690432502,0.6578162499078216,0.19720258734927307,1
6.486831804167075,38.56517773705691,57.61870765057446,53.274089868342585,60.39744738151444,39.8709931767293,59.574223641964075,62.2200137373689,0.0,47.495017051736546,0.0,1.0,44.643489624914665,0.6960659870867374,0.2365335441182327,0.3672907284562722,0.9,0.82,12.0,48.13486358742381,0.6201873086017949,0.3027022239795937,0
7.664360491097416,53.26286834754579,67.97641993296206,62.45286024658591,59.55476157496382,61.19984989357388,68.9690413409957,66.61527022053606,7.0,85.2509445313387,0.0,5.0,62.833029895405566,0.4915804915274981,0.5567489352205245,0.7494004492567914,0.95,0.88,38.0,72.94394969512572,0.5557789556353895,0.23881616509379622,1
6.998372466376368,57.25537729715162,63.66253402384082,62.43006175806769,75.30870164944379,75.81455271738332,41.227454474357,62.30930820508246,8.0,76.36014954460248,1.0,0.0,58.004038889544404,0.7389205256917596,0.08177172951813673,0.18123164944077869,0.5,0.85,3.0,63.75808622606179,0.2743564651706632,0.20996070821325433,1
8.69639748338236,68.5940654408131,48.36613284719772,65.18226900000764,87.91725870675998,78.68073861289963,57.02225528172814,51.52999228757713,0.0,28.360239476165766,0.0,0.0,32.49327338406131,0.31087430049446896,0.24150790443505973,0.5675155101438362,0.95,0.65,20.0,61.54048009154753,0.50764852919888,0.28516783573878024,1
7.615310716553699,74.93026196409494,63.96461253160022,67.98550631212845,66.00666017217026,55.111132966916855,62.875591542810454,51.043598791724875,4.0,53.27102689171956,1.0,1.0,80.47447385094497,0.8628788303155579,0.13375732726299672,0.6241954628620819,0.65,0.65,8.0,54.9158246789045,0.5870728968069168,0.7053081190733363,1
9.020052121986772,68.32357416778252,60.08286280460158,62.98008992904351,95.55568164571984,54.01491686452537,69.85913317809599,68.77336000244597,5.0,74.11829265524783,1.0,5.0,58.69478054416001,0.47137099954113393,0.4620465268641783,0.25407195488591494,0.75,0.7,13.0,72.36684082949937,0.4269827859542391,0.6547809370911493,1
9.311354529616613,64.32937166412565,76.86879413072408,89.83787210659958,71.8860160949407,65.35881796104644,91.43121348541109,79.29589082170311,7.0,70.63755187074582,1.0,3.0,66.58811136212906,0.7413118745115924,0.5308844137520751,0.8382658435747042,0.95,0.8,40.0,83.25734030576528,0.9192462372860951,0.4895673209958906,1
6.4865999200815905,61.479048818334235,64.9215174209395,45.58565320945278,54.53356203900668,75.45932684566024,58.35279348936166,74.9194796963181,4.0,39.13378573701532,0.0,2.0,82.30564397690765,0.6488355612723642,0.22363494816818646,0.32245911647285325,0.95,0.9,23.0,85.35476625347574,0.6871571823896315,0.39811484397897534,1
9.52451846657519,88.52143546595161,89.86680042067104,89.95563412002065,75.04522013389611,70.59131987784043,81.6958228932555,50.12538710209506,5.0,83.50011120599541,0.0,2.0,100.0,0.9301349094718339,0.22430932362160733,0.6403823152188298,0.95,0.88,33.0,67.47618251497747,0.8002492694292063,0.7568717380796618,1
7.983524433648593,46.50770522303854,69.6903680062331,77.48717088976112,50.737542069552205,61.59713772590853,64.56446400201355,84.12263603359223,5.0,45.54663399432957,1.0,3.0,57.05972645143373,0.34856188141622835,0.5884141094867886,0.7492157172288452,0.95,0.85,16.0,79.31032035895531,0.47572592481966497,0.17813219781376882,1
9.372770136254566,69.51267445457293,75.48533901076617,83.92359777147854,57.69802175091382,70.61809335393546,89.85326160739123,84.09992884752461,2.0,37.947096652906644,0.0,0.0,82.5694443486923,0.5535310685125416,0.28918765438754085,0.17220928044756245,0.9,0.82,25.0,63.79352281567857,0.23810520571896485,0.07194052824836254,1
7.651339721851223,87.93462676407674,94.02610943771413,54.8408578326153,25.39485482069589,92.58642412080604,62.14115031620769,68.47561446293385,5.0,50.85496219170812,1.0,1.0,58.6545461030247,0.7026650540189641,0.06237418790286085,0.2847930453862241,0.95,0.82,22.0,87.2324451236428,0.3808188160182019,0.44692834205190474,1
7.370497870910967,50.31578381051136,53.09472620236003,69.53331806971073,54.83262281244606,78.33873062751772,55.23108613820238,42.90196917165498,5.0,58.8164254372985,0.0,2.0,64.1578196782739,0.8859821336930014,0.050943534063750136,0.42934729945653266,0.5,0.8,6.0,65.89561491049777,0.29963111449465657,0.04884259598752704,1
6.997349960506886,43.74675452806497,65.76150372230018,84.83645293771255,62.33729364877939,80.87885499990686,23.88058679936055,66.81924478672532,7.0,67.68849663382589,1.0,0.0,49.53626434191946,0.9130762070970095,0.04623003822795723,0.5964865180688346,0.5,0.82,11.0,63.60225564906944,0.5530787047213904,0.1929509493301937,1
9.71132349722304,86.90696650147399,86.58758093132045,75.26085943611724,69.87412262492767,76.29442418009047,94.44446311441254,54.06808312309055,4.0,53.07676117040669,1.0,4.0,71.16306637414678,0.5268683736241196,0.37380076417419805,0.42932588208941236,0.92,0.8,35.0,65.01979222639828,0.702910251534979,0.480489328101968,1
9.331501029605555,72.89945369403758,63.70529889819779,95.15215513623914,85.07529039403798,89.21446277476251,51.61725731280288,100.0,5.0,58.42283032098254,1.0,5.0,91.47904198985358,0.566283091443232,0.39030508247031537,0.44506440620242255,0.75,0.9,34.0,86.65411641481597,0.7125833249008823,0.6141190153439993,1
9.205584816071461,64.46371977240892,52.23236079099364,85.46319471416743,77.47081925063685,56.725408156680885,83.6038685262407,59.64090936515209,2.0,45.70506540663866,0.0,1.0,59.67922722305175,0.5742369307463121,0.2807479545174323,0.683642766008727,0.65,0.7,25.0,63.46738862664582,0.5101613073383435,0.14843209563467122,1
8.711629117648187,87.38291591543485,57.25671327333103,59.1111901787314,73.37767705553577,93.53635715459966,56.74183598768546,55.264559027044555,7.0,62.03086549801416,1.0,5.0,56.686598191662135,0.528526983431225,0.06045920047732955,0.17353224451539756,0.9,0.8,22.0,35.51396760312688,0.3333178250957409,0.30987558669389476,1
8.200114594050921,73.53312398365256,67.67980371394161,65.17797284609858,60.9000354220811,73.05870834658853,57.691442310400326,44.73392883460731,3.0,51.21611160315486,0.0,1.0,67.74869658388882,0.5577140000891894,0.13828961726913747,0.3605675254676938,0.5,0.7,17.0,48.356497970862264,0.6394321143378083,0.5921547228103808,1
7.609889458092299,69.31047058469792,57.043006116365724,59.46477391733529,62.44141288420893,48.86720675071346,73.27595875574065,70.99846775218154,1.0,41.952383800172285,0.0,1.0,53.111789268678926,0.3339499605960548,0.4457506262378259,0.5449254326552546,0.9,0.65,24.0,90.03580699759497,0.5530787047213904,0.5862878815046899,0
6.0277949339134596,44.74773609748526,24.955699627175647,48.85147953200996,58.153689956752835,34.40058707265433,70.02369912747241,50.46492014248708,6.0,48.35246716335675,1.0,3.0,65.69798091745086,0.942291592623522,0.16772937586645292,0.5135756916309416,0.9,0.85,36.0,50.05909844270325,0.8339447400135526,0.5582043366266333,1
9.587745858889845,68.26765428700674,64.42982415680181,72.24897769430883,100.0,71.94316866605571,80.52612321984095,68.88999770758338,1.0,34.4171609183198,0.0,4.0,49.6120009625423,0.4844592076769402,0.35126510812875433,0.30358324145464133,0.9,0.9,6.0,61.91960414102728,0.5740688278396164,0.4445602724184316,1
6.129881761527389,13.507952881535218,68.6204924552131,39.85814003502251,62.758401773493624,38.45727791046137,44.425591065145795,68.25243298072317,3.0,65.27014606975239,0.0,2.0,100.0,0.7001540275744809,0.6296854566305039,0.662958945680446,0.92,0.88,25.0,74.52127362532651,0.7973024678732683,0.3515463583636647,0
6.01845788355366,27.83933900180402,42.727057467363124,64.88640380945372,52.82112297831472,38.281713499857496,18.915647385571994,59.56187266198338,1.0,47.18155716901625,0.0,0.0,55.24254182987891,0.7001093440358643,0.19155418799185886,0.13889985546674355,0.9,0.65,13.0,72.15054555596504,0.5273277695256128,0.5392064352208489,0
8.318864288846335,73.16670309076444,58.421357144344675,61.37863307148585,72.84190795118754,88.97710546647775,68.32355373171151,72.37565805884722,4.0,57.724290797356296,0.0,1.0,64.71283701544677,0.51450170880956,0.22249109548381688,0.24044778451973534,0.9,0.75,22.0,84.18779255690968,0.573171487592707,0.5068990294756792,1
8.727488896813846,54.74307181525912,90.80159183625307,92.57457211101277,63.158258400549144,51.71300600217167,52.134521144140884,69.83914104537584,4.0,74.66081041215685,0.0,4.0,80.3699300433338,0.6067701684868889,0.5692891318243508,0.8011028526664695,0.92,0.88,36.0,63.205726758571664,0.850999936769997,0.6880803550580207,1
6.653449337360687,67.8733809817681,50.681215783605126,56.465328673335975,58.66272675278368,79.17028400710785,33.291762571972015,50.30612110348292,1.0,41.05768308289607,0.0,5.0,59.72133400033077,0.49471346504856806,0.1186966893966542,0.5889501862853671,0.9,0.88,11.0,45.158338387732215,0.5511183567296577,0.5482601985710555,1
9.647143184851037,87.73157554223192,85.71840146622488,64.94889147374296,90.45377205255403,70.5579530141367,96.59727215619893,71.41611101790367,7.0,89.765907036169,1.0,3.0,73.95551468378184,0.5900407522490255,0.4858459627594861,0.606287688041658,0.9,0.9,22.0,61.54048009154753,0.5673200077382827,0.5959590269993992,1
8.965145676855691,47.39119907854207,65.89886838162559,93.09900908936223,69.69459353389087,52.35609743596551,67.86881719426594,75.44559162828803,1.0,76.87313615792462,0.0,4.0,71.09572749079656,0.3216775834863309,0.7679558642215729,0.6208827356112423,0.95,0.9,19.0,63.4958784240211,0.361243752939823,0.2554356189777101,0
7.30451135703985,72.30036356337094,78.43065721790973,67.11131682126782,60.03772229497656,74.81881441310021,56.73095387946649,81.72188993925549,2.0,54.85596231530397,0.0,0.0,71.4037785488998,0.9283197688770755,0.07175789751987771,0.2589242319621869,0.95,0.88,25.0,72.64124620526111,0.7027063782163137,0.6550940884243838,1
6.187944721154859,40.118185367504694,33.81966494831965,49.16390742814685,61.22327776256832,33.143419213803575,64.09847271139692,35.987675960399315,0.0,22.218500016752813,0.0,1.0,46.42895838846512,0.324107289789349,0.5365072935414068,0.34991560021233925,0.9,0.9,10.0,51.85157464713245,0.606717638163378,0.47395287019599547,0
8.659148589438452,81.57418316267237,84.13453101918293,42.35347346683231,93.31821881038607,48.50903714593562,78.92251765384745,56.392584934213254,0.0,34.89283219602617,1.0,2.0,37.3874648432396,0.6661132023513535,0.25140258278431,0.43481853254569364,0.92,0.88,30.0,63.155868071714124,0.65578333008427,0.7823273394437894,1
8.258847922274517,42.96221366978843,73.64143051330987,61.86554280011238,73.00813934319854,68.36666572409246,56.13043479563313,73.48167456981187,2.0,52.670900425688004,0.0,3.0,68.96152308337268,0.33284949513800705,0.6057827472347771,0.6656075815971129,0.9,0.9,27.0,61.479465807322086,0.7355985709120975,0.2958331407477482,0
7.6270454813337185,59.20760363874932,75.63871976619627,59.85904143139388,66.03365926983784,80.16924429140226,54.134919441143396,67.76846816802318,6.0,59.57952310298493,1.0,2.0,58.6525110536547,0.6865265697135634,0.20399985143429927,0.7541028168977855,0.95,0.88,28.0,76.15801789366385,0.6932602796607561,0.26719654516976893,1
8.926733831443851,63.22581734187894,79.0841885618517,64.39103802492785,69.64151335525847,66.7996226039094,80.10463346606312,69.78124693913355,7.0,72.36207143129229,1.0,5.0,81.48861002306785,0.640496399142169,0.5571554706300419,0.8454760690945988,0.9,0.9,38.0,66.75499893256404,0.7552432660179326,0.4099464429624975,1
9.229198951659138,53.436515852372885,100.0,79.79216429302535,68.78590128657976,64.65736066452685,47.99694817172997,68.40908719879945,1.0,33.71187937483374,0.0,2.0,61.55214988155323,0.7701278437125293,0.3030002907245942,0.7880216265766118,0.75,0.9,33.0,65.95377657680622,0.7880308389810868,0.46405264360998727,1
9.34046136270405,71.18249688104194,63.80613269723709,63.945631395057845,96.09257016424212,80.15265362647173,89.20395934727637,50.862078683439414,7.0,86.13508373336181,1.0,3.0,67.096517355008,0.6826623291412786,0.3790743439744885,0.8036004573740055,0.75,0.88,40.0,45.7525964457147,0.9156816301746711,0.4504725271599739,1
7.192794805247559,43.950715781325435,80.66856289574719,43.6861211294422,50.36860116932018,43.52228392446128,61.309201859628644,46.089673017761854,1.0,43.777362841502175,0.0,3.0,41.5016065959973,0.31300861799881896,0.5740820481386043,0.6153892075017224,0.75,0.88,22.0,54.49322117598179,0.7471173190498266,0.44165826719698154,0
6.4707051444840396,35.67576707262525,69.19244094637175,40.70579248211834,48.22187225351722,44.131666700252886,50.46724399176165,44.034217728772745,1.0,35.87379434642504,0.0,2.0,78.72463246938544,0.5884901088092582,0.316252318612353,0.5880690626446604,0.5,0.85,36.0,40.379157921911236,0.28190832344402117,0.04500533756093206,0
9.39145322081184,60.829177891061434,92.09298740024735,72.41057393803646,65.29280099843004,70.58011812011972,70.27193892651708,44.642941011934,8.0,72.00208193794273,1.0,5.0,56.01377015231868,0.9041386139345129,0.2481415355330485,0.284689152559172,0.9,0.85,5.0,45.62951634431347,0.4313749189502599,0.5424942415283265,1
9.721053608087663,100.0,87.56888128517487,92.80067892779351,79.8451357525939,100.0,83.31194389129745,71.59507159559877,7.0,55.82669903604606,1.0,1.0,55.640190003407824,0.9185603726785228,0.07055287399963336,0.8983125687892717,0.95,0.9,35.0,65.57519280694956,0.7058792610138142,0.42586839625124356,1
6.246797760997786,46.333273862760535,35.63664238547068,47.65152638663427,67.7675221134383,57.29557201761322,56.919347559948484,45.88470310519529,7.0,49.66040637731388,1.0,3.0,98.50053935550457,0.9216928767534729,0.16863122220673132,0.33061062297062943,0.9,0.82,4.0,52.44663209754542,0.26745856672695273,0.2444733733936585,1
6.533290468842868,50.82178841346726,70.56670847796906,60.91974955744222,43.84698222798937,55.522691742259724,47.1655576571456,67.71491491674819,0.0,25.708169831305113,0.0,2.0,85.58396259531642,0.837074039340167,0.14494966574645313,0.44400398518993994,0.75,0.85,10.0,68.17823342534044,0.572114841760336,0.3707052120165136,1
8.499880483154007,53.64058725383875,74.23128245440235,92.84426283777373,70.8051579104777,57.64143760558268,50.624826358051465,68.6713989892015,3.0,74.11203620618129,1.0,4.0,66.84284788133532,0.47840201878551847,0.6081103360961371,0.6911146125520296,0.75,0.9,32.0,65.96015258743111,0.8017520546105884,0.7874404005495624,1
6.54613091353103,53.128358939160776,68.44626116988293,48.55636864025978,42.8163906120093,74.65556580001362,56.84135700406582,51.043598791724875,4.0,59.056913967589736,0.0,2.0,64.27106859626507,0.6295738314595036,0.25925777592245436,0.5274353314058731,0.95,0.9,38.0,64.71165529714314,0.5840140887855385,0.22024697826826622,1
6.774670383852267,69.85303015819156,63.4982736052248,42.45066807255495,57.20773308041075,66.79413847248554,60.35315223352664,60.88921247471003,2.0,28.768842776305767,1.0,2.0,67.39587721866138,0.3971950496404528,0.23720278935634975,0.38273010877455665,0.9,0.82,13.0,73.92421702127051,0.5847685619303282,0.471324534539558,1
8.079674796578525,56.363229099650944,89.78132198058972,60.16938856932935,75.51337971600462,57.72538893553967,50.449031845203805,71.11490210609026,1.0,65.90453437042456,0.0,0.0,66.07918557455166,0.559391376274589,0.27707713506410114,0.5418445999589069,0.75,0.88,17.0,70.27731449861433,0.43385522219754147,0.24246780049769892,1
9.074084489525646,60.113840234339406,53.96400201223473,77.65809547516093,75.71406214325982,77.7351520182126,63.31815535780304,52.912640527213874,4.0,52.75757959201145,1.0,5.0,44.22444534001697,0.5121581958259791,0.33866137822489784,0.31228045604306726,0.75,0.88,6.0,73.94825721407813,0.30054025274430146,0.3532493776642593,1
7.1200697341704995,77.37631749038299,44.22118066088352,56.64213825213929,58.102193317410595,44.45139101906883,83.83188295585795,50.30612110348292,0.0,49.66040637731388,0.0,3.0,33.750871476084036,0.37314354990134435,0.3367233455637925,0.8123815736067437,0.9,0.8,14.0,49.00470200764503,0.6091266674602427,0.6512636220050357,1
7.323448357153534,41.085796011203385,63.587713477316534,72.0144832541179,65.68268078424643,52.054318803099676,56.2100821704375,47.08658490381466,1.0,34.611514031649364,0.0,1.0,39.61376995182449,0.7086927117441071,0.19756565682917882,0.6720028014056633,0.92,0.7,35.0,58.95247368308217,0.7722441877640756,0.1488496168171188,0
6.187165655724857,38.25745669396677,52.916720886576186,44.4792859247362,59.6015977763916,59.22686535172028,43.38186830330558,46.99238632663746,5.0,56.83081315960634,0.0,3.0,67.77782041854806,0.6608689570799082,0.30130456373836123,0.6456175487166685,0.95,0.88,17.0,60.75378263058893,0.5326035812290015,0.23810460257991786,0
6.357873921973068,36.98857966007374,47.321537845968365,45.254126695372456,68.82631008320865,58.584029465405436,32.13034045797347,48.38956348180393,5.0,64.65201805864187,0.0,2.0,71.26588362656697,0.5921780866978228,0.2365335441182327,0.21200664087181456,0.5,0.65,6.0,45.6780160565137,0.330676162421181,0.34515617582480645,0
7.277886155623975,76.86284554565557,62.78853244270709,21.429530993999073,78.09560602144504,90.28411143643024,48.61813720859314,55.944964491816954,1.0,49.74269571035954,0.0,3.0,52.056796080446894,0.7356591950317328,0.059873881780753826,0.3820013257146517,0.65,0.65,7.0,49.952296494448184,0.4355232932837559,0.7414560331750367,1
7.066323457307893,53.139552402223046,60.562621192819584,66.45743946856044,80.90527548552143,64.43151808121775,49.84443134035607,78.56707667160748,8.0,100.0,1.0,4.0,74.61202518151651,0.7906331250173302,0.31833174669265885,0.5764609927268776,0.9,0.9,40.0,66.82878632595407,0.5773021886835485,0.21432487387261717,1
6.591879149703402,64.37237168619475,63.17527477037053,33.529723985951236,56.204637089759586,35.171519966337684,64.59433226979186,31.31131176735775,0.0,49.279106624886325,0.0,2.0,44.73149000738183,0.45191243072591414,0.17807855362600744,0.24557272420078977,0.9,0.65,24.0,43.118450082616526,0.5867964570416435,0.5589345064818859,0
9.448898587283834,64.61887484663558,76.85466641832949,61.24645584462353,93.46989165351589,95.510132754048,56.781345804041905,57.401303186861334,6.0,57.59136081670069,1.0,4.0,77.71682440218099,0.4725166072462768,0.3290829935152028,0.33979288488499293,0.9,0.88,16.0,67.99780043329889,0.40731350348649886,0.2555371488863602,1
7.200530396957014,59.51812059903975,74.99739225124262,46.85490176922676,93.17926718511039,45.640894801738014,50.7380380676527,57.291582918537856,7.0,89.89373778900867,0.0,1.0,43.5274409609264,0.7612809353137903,0.16133803559445734,0.4885828258767966,0.9,0.82,7.0,46.43541508044915,0.49384190410744205,0.4514863237752965,0
7.337792562109105,67.56943111567864,61.56062944178692,67.13363426554105,42.84209014441531,65.07070535927966,83.07235964202607,58.489903281819245,6.0,64.80828070360265,0.0,3.0,59.791150761899615,0.8978821474455971,0.16957701429757835,0.3271518533993812,0.95,0.88,6.0,60.7035760791227,0.5201473330246945,0.5219392107723826,1
9.71333237367456,81.42422802783577,78.66725235401786,84.23243654352758,82.27378185796805,88.76358563581812,74.48093460204265,24.897589843737045,5.0,56.551234496317754,0.0,2.0,84.86311419715044,0.5932425967355739,0.2554531956672986,0.5054672139001555,0.75,0.9,26.0,65.98325828965493,0.5053618830649075,0.34709937166303595,1
6.746451729715378,64.24455099772425,65.26881605977225,21.532214585674915,78.09560602144504,63.250646087628496,53.65759882417595,53.79085480351517,1.0,48.35548366157852,0.0,5.0,88.75441255890016,0.7988204225499111,0.17340757179357316,0.7387658657751228,0.75,0.8,33.0,54.224649905331034,0.6992270826263998,0.5135851847742966,1
6.591879149703402,37.50169529766555,77.20378274017064,58.863555308451275,61.54704104723142,36.510689865974065,52.99440933502866,71.66283926654059,3.0,46.69842591126667,1.0,1.0,74.700099118676,0.5799112847255079,0.6262866600201498,0.49229853698034864,0.92,0.88,40.0,55.43650161418048,0.734124588065105,0.583514888275681,1
8.106782897751748,65.36855576186389,95.05895724879302,73.24544246516415,75.54294093762135,58.584029465405436,59.673684131014284,78.86675701839255,7.0,77.1410182467755,1.0,2.0,66.17839482825221,0.8523212613023616,0.3325000016128761,0.7680374406594669,0.95,0.9,38.0,75.8571766882365,0.7563596668472817,0.517077937339268,1
8.791955496966203,75.55169900867985,58.89876736028653,50.313219118522696,82.0593105496262,85.09808289130888,61.88731195947071,45.163415239963335,2.0,62.13636436927924,0.0,5.0,50.95519378928366,0.7033507379947156,0.07024056504193729,0.254763806597695,0.65,0.75,5.0,32.90718494668141,0.4359288238800377,0.4326513648760428,1
6.815248095728546,56.0709523265715,48.05163466339128,35.75345250052459,68.14113186475943,63.36073199149123,60.6164644166764,38.33784718662407,4.0,47.921005134156076,0.0,5.0,65.46086220667988,0.6563571550172245,0.174239272695559,0.42262547937454265,0.65,0.75,24.0,46.42660071370432,0.6157132704155712,0.28267123727118926,1
7.086979746993502,52.396648537708174,67.48015472880532,53.78731822529693,49.436745065652985,73.44783576655767,70.35638080711234,66.17038245127867,5.0,61.730979303202325,0.0,4.0,88.28797046164544,0.7734762567338571,0.3357463454292174,0.7129888096042389,0.95,0.88,34.0,69.10824929161112,0.6188494094346189,0.16822464597779055,1
9.009502815537221,75.08371154653562,71.29159937929897,99.98733057490998,39.07661004192607,86.22260579196721,61.605682215984196,40.805921512063584,0.0,39.31227028329752,1.0,5.0,62.223235006739216,0.7537220202511387,0.1443377526905613,0.7010911045186273,0.95,0.88,33.0,42.936619093402385,0.5952482672504634,0.3012386311177193,1
6.820514203638811,36.9707761946493,46.1804281620509,80.3611354227456,59.11580850021813,38.32586535474745,47.22964260122735,60.31164844081378,1.0,15.913542007412758,0.0,5.0,73.3248263354252,0.6325767419032644,0.4361065754820128,0.3539141746810745,0.9,0.75,10.0,71.79709559570334,0.5243480087002792,0.4784441965011457,0
9.199574201949961,42.45137804538534,89.66375594603569,82.21231189931441,65.32652233384144,54.280269343255256,76.07884523577067,71.21194802865007,4.0,89.77105466866126,0.0,5.0,68.07751616270058,0.7575566305358462,0.6766096432119961,0.4783303206833749,0.95,0.82,31.0,75.47545550718154,0.5813152252388222,0.4152310744478014,1
6.3914101996946036,46.230929646009585,65.96708273309527,46.667602625607756,44.70601942535296,45.868788339925665,55.50830221230215,50.47938640555154,2.0,27.905194298154367,0.0,2.0,47.26345149185767,0.765586379560532,0.1698350010374711,0.7488609330407844,0.75,0.82,11.0,41.47282424730025,0.6582834923558459,0.3592326584963275,0
6.384203430555223,58.20705837661828,64.13071860138405,67.6986826592752,28.325129826586377,57.78451545508956,48.90993336396924,60.858922673041334,2.0,59.37743077016548,0.0,1.0,35.62362643408926,0.7884668695802712,0.06223325005938834,0.39104114174770666,0.92,0.8,11.0,55.51350053826175,0.45391626744352304,0.33533070868506953,0
6.583396983807533,56.697762416090995,42.772913650584805,57.57592980938572,62.6630474376697,63.92366590825598,36.48577235361269,39.15312804884498,4.0,54.00134207301486,0.0,2.0,40.12062058746403,0.39564503981014476,0.10826104221018078,0.35096430743098256,0.9,0.65,11.0,33.12565337674317,0.31522914957520154,0.22148524566326,0
9.716573833994325,78.64458554185626,100.0,65.56592982955908,87.61886705368592,91.74415191490763,76.04342491180141,71.8744325076202,8.0,84.21701675656006,1.0,3.0,58.004038889544404,0.8440415377310229,0.2548891078447411,0.7038600253653711,0.92,0.9,38.0,71.60995031247248,0.904097792953683,0.6106758896292195,1
7.398036492842907,67.1322291441609,75.17421051095266,49.56564123413457,48.713425795120955,74.84875059715509,55.88910440504728,41.85917969669893,6.0,48.7848753889586,0.0,0.0,56.01025828845035,0.45740543964683894,0.166190764954924,0.14643836065203691,0.65,0.9,4.0,35.30187248450051,0.3703444577941941,0.499855197549646,0
6.891233571676935,78.86544192060563,51.70197460648562,30.24482976231058,60.12499491695022,65.27045784442684,57.60375262894733,52.16852704292406,4.0,47.63531032577464,0.0,3.0,35.494006502491295,0.37444428669274943,0.043739992632795224,0.21626062044566682,0.75,0.65,10.0,61.76157622056434,0.11439676889486977,0.08111493503062146,0
6.975542693833632,60.45906864065934,92.06614994053032,37.76175003694351,41.92665652535908,61.0532590105158,61.013906081375225,59.66991552982924,0.0,21.627549956695667,1.0,3.0,44.18110771663184,0.8911996423865947,0.04623003822795723,0.5747670664592148,0.9,0.88,9.0,68.59941290935734,0.4536442589433129,0.12275297516256004,1
7.200530396957014,67.7519721210205,61.29485810132218,62.147327648174006,63.82209849672214,58.497782229447004,58.67082999761813,90.76902584330256,0.0,5.943508482236048,0.0,1.0,68.9761638587553,0.5354232495062122,0.2871635729146297,0.3950749145498544,0.92,0.88,6.0,90.03580699759497,0.352153989324807,0.5550168882527784,1
8.136248788202774,65.60009554792859,71.66362614845859,66.9313656668474,26.657195641516395,70.57070798350097,60.51840396961805,38.12523701026538,3.0,49.847651229630415,0.0,5.0,33.09824885078259,0.3031483080894804,0.400221556934044,0.2288148045763838,0.65,0.85,22.0,43.344932965254586,0.48088009589098674,0.4820891437835193,0
8.39746562953609,38.56796472655682,59.75859470336902,68.96821617142761,72.84715273810669,45.83274814610982,79.82755344312794,73.00342092176592,1.0,36.951575374521326,0.0,2.0,64.65288278920556,0.6204144578144515,0.5288046593749932,0.3531677308726518,0.5,0.7,3.0,88.81814219992751,0.46551246441887534,0.3242962898798125,0
9.538697695622387,60.89002425428227,80.64030805965895,83.41832876950124,63.34291296735155,77.7351520182126,83.20719977233114,72.21596153281986,7.0,65.36388484796989,1.0,5.0,88.36114512732829,0.7631498623035734,0.4292342474591888,0.17603740253583214,0.95,0.9,3.0,78.18563395648559,0.11390576911471212,0.09170207302289389,1
8.466766390510243,56.23566663857421,96.91054632845342,58.66610568667564,73.31352102271893,83.96121353217166,42.25632738447243,78.86675701839255,5.0,67.90664097713363,0.0,3.0,71.79172156420589,0.781679880011393,0.26904123413159675,0.6207759725075084,0.9,0.9,22.0,81.65141976333078,0.687020796655355,0.5552281859181495,1
8.170435975811817,72.4268566141786,69.18649730818733,91.95812836132062,46.49190440502338,64.59094950777886,71.65771473825554,62.28529586204303,8.0,52.26252615716044,1.0,3.0,52.799999170993466,0.8485318825268751,0.1285652333728532,0.6221083888146376,0.95,0.8,29.0,58.30097442432373,0.7269774336986282,0.36809809946076655,1
8.728636879210152,78.74680143721206,63.07785751780009,68.66096947101805,55.3770546708625,66.4596441257751,83.15341779891818,71.72340523789137,1.0,47.5952727546263,0.0,1.0,74.21885028741308,0.6485529381563592,0.14369906922927336,0.2589242319621869,0.75,0.65,12.0,52.509882884865036,0.4190097774122001,0.31027969059629107,1
8.564288459142306,85.16316072761906,55.891342918108755,67.11131682126782,75.61009548335153,79.42281795546454,72.70653399745373,71.74487376026775,0.0,37.23222162125421,0.0,2.0,49.79153267284532,0.7989830045846358,0.0671502374926375,0.05864768698835629,0.95,0.85,11.0,82.72578821363958,0.26112446239267134,0.45050752406382616,1
9.120676989071814,93.16571751858218,75.34439215808604,65.56240927024814,77.44301361159839,74.73319803901283,81.44782888547823,61.165664135657195,7.0,64.70198616864718,1.0,4.0,91.48889235453247,0.9041386139345129,0.16847189702001655,0.716633048524717,0.9,0.85,28.0,61.90443022645748,0.6933916771543639,0.7304158845388872,1
7.491776320199296,48.4874371429251,39.0871829642488,75.07036712837414,93.15937074526371,61.97755280834493,51.592493588277556,43.9305904519278,2.0,20.75214480219043,0.0,0.0,77.69597989930348,0.35385524492636466,0.47759918729484485,0.7536761084025411,0.75,0.82,32.0,49.67836015832595,0.9108270992811497,0.5475455492057273,1
9.323335755182367,84.78394865299799,68.28292770087428,51.759215817563344,72.49120296391298,92.02772492102343,89.2535746595606,51.49946704219214,5.0,33.94495140302508,0.0,1.0,62.57727751407552,0.4182610028613484,0.20380001808598705,0.46180908419037414,0.5,0.85,33.0,57.13742507209726,0.6154014689465768,0.25039015764726047,1
8.22162756970983,69.10660288062964,76.58592662044029,74.21911502949588,40.19826127029988,60.85595890227066,79.33314658315028,66.29421834486631,4.0,96.69511913416031,0.0,4.0,40.64603268390536,0.7172079159508312,0.22702474478688878,0.48879293265185514,0.95,0.75,28.0,67.35943801152852,0.364997127749078,0.23933809587678992,1
6.978204976912411,71.69296136553949,54.76128599974886,41.17715961703419,64.28539878360917,57.3818622550199,66.12079968312125,39.76961000092675,5.0,72.79362042437506,0.0,3.0,60.2471558696751,0.4184062436956078,0.21371291090517355,0.701768945600902,0.5,0.85,29.0,67.82705611420921,0.4211123580070572,0.22225176894209478,1
6.42023596178522,39.156386932523375,61.01377987391955,34.553575006507,67.29955770155404,52.28847449811841,47.1655576571456,68.51807438011052,4.0,67.68849663382589,1.0,2.0,56.242493597282525,0.3231191702423023,0.5349134023355229,0.28770792751603463,0.75,0.7,16.0,74.19247143717446,0.3174934755133155,0.2695057091119996,0
8.890074886373494,87.84760624643197,99.99740777004986,54.69737260217951,54.40369170094272,90.02007734342406,59.05409802873259,54.29593000587248,7.0,44.91110352456127,0.0,0.0,46.173762325161256,0.5276272586539369,0.07629080544622747,0.46234929696675403,0.92,0.82,9.0,50.462953390766465,0.5992139961070224,0.5910407746209779,1
8.264961702290616,89.84761075036897,40.40517515296304,58.554805262226914,52.237924552769385,83.61344219794213,92.97412225301528,66.9140480337002,5.0,67.25721711482055,0.0,3.0,37.662102110220275,0.5732938015764861,0.08289208813873161,0.2512770591293147,0.75,0.82,1.0,61.07826204355986,0.16809611997202412,0.2538770687569595,1
7.437608454050386,68.85492655107811,51.841581882878614,49.63354028805036,53.943715981264596,82.37346770929565,73.40196422019655,74.53029520463608,5.0,57.067664116012814,0.0,5.0,71.60140130534738,0.4461554068896462,0.28992691443223323,0.5644905524061019,0.9,0.88,29.0,61.91960414102728,0.5609924842169987,0.23376358231680958,1
7.8759538898284545,88.43774740378248,60.343387266390806,59.46477391733529,61.75072893011463,82.13357631832179,60.35315223352664,48.678265584323945,3.0,74.29248128430054,1.0,1.0,73.1634633259278,0.7983437177444013,0.03710653086815437,0.20704905771916213,0.75,0.85,0.0,37.86258337773327,0.13572721304028204,0.4471906043998321,1
6.1864813813522375,28.577412765077014,40.87755929609391,53.78731822529693,82.1472146764984,56.69839979078715,29.93377179433486,68.67178114536584,4.0,52.80126047163418,0.0,1.0,38.68543928269039,0.5388242054580022,0.25315247834007615,0.40149788466239145,0.92,0.7,9.0,73.89646333028132,0.5783077968049564,0.23498611282157889,0
9.061936253700747,66.81572515027797,67.30469446128852,85.95168544746755,50.123583212030525,53.3463845312055,73.76541620154752,41.628288634979555,0.0,58.734092596276945,0.0,4.0,45.824639859816074,0.4735460105137588,0.23921703349912307,0.3638212991700573,0.65,0.88,2.0,53.87234124118724,0.3512953460175116,0.3212942207733487,1
6.414747187709793,67.89339971355572,57.5205137800632,42.33232744537386,58.96058788528347,82.20902746387608,40.31825548450402,53.538880602453105,2.0,58.68676132408503,1.0,3.0,45.46102426282741,0.9041640425507875,0.011156109350462214,0.4669144034581653,0.75,0.7,22.0,55.384069801856356,0.5672147428551092,0.29122855142909126,1
8.232582766009722,91.21352207532885,62.76358754990124,41.02967384935483,81.47802463159387,95.3255662443127,57.11092568377905,41.61018550541492,2.0,33.05119010117906,0.0,1.0,54.86621984167753,0.8084284458064435,0.0233355541758771,0.20115951599642162,0.9,0.88,14.0,28.45364434598919,0.4393516778190144,0.675664876656847,1
6.742848736411616,44.629770953968816,74.20209939658257,48.612395662431325,63.89342744893839,71.96733063052656,40.15777755595424,59.29556439018206,7.0,71.05420375399967,0.0,2.0,77.42055026608408,0.7547632913234509,0.20069187625121923,0.6481497981449438,0.9,0.82,9.0,78.41559513882645,0.4817927516622077,0.17653622591148832,1
8.839021316212163,84.99554345132492,81.02101847668766,58.8258544262164,52.59077178092136,74.02688572913767,84.43332677301649,45.59235759626279,8.0,77.0718755447616,1.0,2.0,61.30645741158739,0.441045040458977,0.22353738409747542,0.6036386584404893,0.95,0.9,16.0,33.24426413428879,0.2805433898368344,0.12680940238539012,1
7.037994854756976,54.87347664060924,52.55596107672831,52.83853030693117,85.43483258641955,49.453682407697684,67.36089463455552,51.6663937832769,4.0,62.78745516244828,0.0,0.0,74.22484586996407,0.6810044845015298,0.26024713221022555,0.6235195250460053,0.9,0.8,27.0,37.981454624946714,0.6622215356747818,0.24893271711929685,1
6.5837290164304125,61.959495598925166,42.34297925640087,56.94639953844557,74.9686069427608,52.66036551845217,61.38230506391592,48.46835807199613,0.0,53.2790186652662,0.0,1.0,65.81861827189601,0.605475216772339,0.20665910289615813,0.589902023954207,0.95,0.85,7.0,81.26414127293586,0.27936505847764154,0.20572150573871417,0
9.661603666444185,68.06522016908343,80.19553605331433,98.95516006835592,98.61230960690959,68.85731727136753,73.8976360400039,94.25539289766338,3.0,65.5296480079004,1.0,1.0,85.97036242766858,0.9008432079077888,0.352463888433691,0.6174139419676499,0.9,0.85,31.0,100.0,0.42029650502521065,0.31194120413450654,1
7.606389330233837,67.17285277358391,83.24484803811049,67.62771422899944,45.060663881599076,74.36469489676801,53.8769001741034,67.69817978287256,7.0,25.708169831305113,1.0,0.0,46.42895838846512,0.5200574508806418,0.1355539243318025,0.7557248341245046,0.95,0.8,38.0,51.163018955301396,0.6003639138035048,0.12275297516256004,1
7.061548286336171,58.76107841810049,84.97035728379977,65.21109849570304,61.72635060079573,43.51261127639903,46.02196850995513,56.506838715266746,8.0,80.16197997438417,0.0,1.0,49.28125681193034,0.665812619278437,0.3647651629077782,0.47135169538443217,0.9,0.8,32.0,64.93049217439794,0.8052325024396899,0.9060821007103216,0
7.362956607806063,55.221294985577266,53.50721941891344,42.33232744537386,85.37374131928495,65.31121343983345,63.26310373591511,57.169141075412554,2.0,50.424304514729805,0.0,3.0,50.075192131321266,0.7424721890277903,0.17414887022953499,0.46125473024334,0.75,0.8,22.0,46.59415881808507,0.666875550659615,0.3533804292576807,1
7.584179600660564,63.80305348388253,49.04374520890217,88.80716697274912,56.909745363380814,72.04732206857551,65.84282572419521,89.20158028820485,6.0,48.768431460624164,0.0,3.0,63.5623466970726,0.9190694613474761,0.1003672426125176,0.3394157722732942,0.75,0.9,29.0,67.24924962602714,0.4344429676496102,0.1925934546260104,1
6.165205235648609,42.987222650767976,61.824858314914074,46.70054755241138,41.92665652535908,45.541701790169355,45.85872642730078,57.9933253712219,7.0,53.024339591185324,0.0,0.0,80.19763329255929,0.7923751335979008,0.15896493838852832,0.2596761458066561,0.5,0.65,6.0,44.1550860856979,0.4034583053765603,0.32144977988740164,0
9.266217008875437,73.61202837790019,65.57561353962744,91.27088281365917,69.1284702197652,62.33096068287455,85.22752588249986,67.52582435086963,0.0,46.898296644122475,0.0,1.0,59.700117531389026,0.41178790753248723,0.4620124583774447,0.6949200472297019,0.9,0.88,34.0,79.50237801897522,0.8022266420968451,0.5517660040723502,1
7.493089071448882,36.98857966007374,63.17190934715083,85.98671962906934,49.66968228061985,62.740493209737664,37.4121954234934,63.196595271613425,3.0,73.55069309258825,0.0,2.0,77.5607822593302,0.43833594314693713,0.40101867366288074,0.219096028690553,0.5,0.88,4.0,94.19997838587915,0.07552067630488633,0.08667778596359924,0
9.251440062469134,79.92689632680064,85.87326218975218,85.4412243446912,60.34340690642707,70.5574636354605,82.77515102294495,90.44680438543358,4.0,89.765907036169,0.0,3.0,47.73659328043942,0.45755882706637785,0.47731341827223817,0.8055488512834809,0.95,0.9,23.0,90.37912744749228,0.7424875744841953,0.6248865308065938,1
6.967287395583672,49.350410723218324,62.52353035983869,44.40174699015047,79.20770683195093,70.1644957500324,48.357978947570004,59.07651963478288,3.0,68.79173313059653,0.0,3.0,58.63946687588536,0.6085280697633483,0.25848957912627146,0.5964865180688346,0.75,0.85,26.0,75.49920665498611,0.7745694491543765,0.4319766554243505,1
9.563740528904935,66.03720918950464,84.65231173824016,93.03166567460744,73.08334018062368,66.27844096719036,81.27538479266637,84.2987308990638,4.0,51.34814628884008,1.0,2.0,52.14730484984463,0.5464927125765697,0.45350659213385724,0.41167255531325325,0.95,0.8,26.0,65.28036123272065,0.7490632021717055,0.47438088532489264,1
9.55656249785576,65.9139274754587,100.0,56.352664383539896,83.05509027203924,40.49737071340018,82.07483474432647,60.54952903530047,4.0,48.75910370384251,1.0,2.0,83.08796025416815,0.7162001456427616,0.4417720407808679,0.5098989280344522,0.9,0.65,38.0,52.415678408098024,0.7461761649227793,0.46075097421924277,1
7.895504442419644,73.35440295462836,76.49613016096212,61.12061764281995,45.00406325567302,73.39981600336314,79.34858352251226,64.25586010163775,1.0,68.30201390442475,0.0,3.0,62.11296874693657,0.8663765919824429,0.13229762638739534,0.4997671339784727,0.95,0.82,8.0,81.24061088475045,0.5842531344899375,0.46531370783125026,1
8.24634650122169,74.43003172893656,79.16613100546573,66.7391824002411,64.66787596669936,83.71295117218402,51.951989401399004,56.89897919055617,7.0,38.83786273489372,0.0,0.0,76.94234035389044,0.8320461170294591,0.0702515230994587,0.3981424571124284,0.75,0.8,18.0,64.52416815571503,0.4526987718276201,0.4376666085933589,1
9.269314384970777,85.09027140984884,57.48161011052847,87.33235444499601,71.58626298901751,100.0,66.63200321863735,78.5401211078514,8.0,83.01048581228383,1.0,5.0,53.35905526691232,0.5139687187248171,0.255050861190942,0.5974388108239969,0.92,0.9,36.0,59.98759169776537,0.6715537406260688,0.5585656413471807,1
7.538977433684106,74.94367482959007,70.56670847796906,36.410437590627566,77.47081925063685,66.70353663437322,71.6896835579765,72.54679775010155,7.0,55.82669903604606,1.0,4.0,64.8848406478769,0.6822642903573317,0.22739725904515137,0.8613553253106377,0.75,0.82,38.0,64.52906038065967,0.9087269318816135,0.585332971918829,1
8.165748510837801,77.42978636401902,52.834943094276376,58.554805262226914,72.85998778083554,67.82487503589907,82.62941515375024,57.983432905854656,4.0,66.3632426383907,0.0,3.0,57.70915007963464,0.4597768460218065,0.3367233455637925,0.2779708981226975,0.9,0.9,4.0,85.37127954503146,0.40306709760266385,0.6109530725743635,1
9.133723923734097,48.16442951069361,81.81995296816528,60.278485505563395,73.83549039933108,53.81532938328404,56.162039491007725,37.800328951416134,1.0,31.927765521165668,0.0,3.0,48.4051158157965,0.4176970170536561,0.4048061208107459,0.43417184509029266,0.5,0.7,14.0,55.14190074381318,0.38280519516252476,0.37469159304444405,0
9.205635862097656,53.27018496328897,77.4222391663672,90.7541392369455,61.96021811281712,56.00910750451977,87.76643224884349,88.58154298043722,7.0,39.31227028329752,0.0,3.0,79.77436341361556,0.796378630523198,0.4974738308234595,0.5940760646272593,0.95,0.85,15.0,89.01507991255026,0.5291274365883054,0.1948776974335676,1
8.331362641973362,62.315664230115054,54.324705855076445,69.81566839101055,86.66297691172866,61.24952227619541,86.04632085759873,46.04279442893123,7.0,82.15716623751325,0.0,1.0,37.992783778412644,0.778815827003047,0.2690802546140997,0.7308440839985054,0.95,0.88,22.0,49.88578375323504,0.8261130174492249,0.4510289542425749,1
8.293012926466622,32.04158492005639,98.8964884900961,70.33763687479276,57.83176758923071,37.7599604620002,53.80369250267379,73.09864806103359,6.0,55.50572425288475,1.0,5.0,57.83801916649843,0.7161051293881211,0.5843992257031276,0.6142802719658378,0.9,0.8,8.0,45.48183825272386,0.5753329609880934,0.49233203033253364,1
7.30451135703985,37.809819589556,78.19103637089903,60.232385875049665,49.977880195120925,41.5351992993829,51.592493588277556,46.607959107889755,2.0,50.05153688812983,0.0,3.0,27.816715463708668,0.36735088609137356,0.42617825061756215,0.38325480762410413,0.5,0.82,35.0,67.12016657425839,0.6196109115898489,0.2980673627796812,0
6.8658975889007685,48.623832664019886,65.16876947203437,55.56646758653669,67.13908752972463,61.27427592377825,36.72802997700884,66.15014996833084,3.0,72.80498494001128,1.0,5.0,56.12213669126243,0.3724481512960454,0.49137739436585653,0.6411078473931233,0.95,0.75,28.0,60.5414767261041,0.6357800455129006,0.5959051888551341,1
7.418857464382964,47.29384428664257,83.47285662490552,63.126773422697035,50.13426562800862,69.15581318755541,55.09774720419027,68.08822766335756,5.0,47.72036149354754,1.0,2.0,86.43044982096131,0.814444083528413,0.268922877877494,0.736408460573144,0.75,0.82,32.0,71.79709559570334,0.6503315572732382,0.19811915984399409,1
8.839625240729866,43.26918461285292,82.87154139976269,76.15069859924739,62.64856161318748,53.42862908675267,52.86318663181775,57.42750064581197,2.0,29.661580053791994,0.0,5.0,61.17707393578498,0.49637910328371526,0.44395220445538264,0.5886425039662093,0.92,0.85,26.0,63.242974097773626,0.352153989324807,0.1060184790953341,0
8.463911203772772,68.00388220945169,68.24757764300465,69.356827688828,92.24063534072927,72.7974793422065,63.38755929364739,53.31804127781857,8.0,81.66711593342193,1.0,2.0,53.366021283576345,0.5565223308335878,0.34990275905772344,0.989405432788135,0.95,0.85,40.0,66.77359177692318,0.8445551265310647,0.27317349355691856,1
9.432645913463402,75.98253857957263,82.29955327464171,74.55089588516952,71.25284290251612,87.03639301992574,71.21831929299792,68.08822766335756,3.0,91.84645602900444,1.0,5.0,97.63466428742132,0.7971757657076831,0.3427494176298033,0.701710848163608,0.9,0.85,29.0,64.54410094932057,0.6552685474633465,0.5574940443245435,1
9.381616226874858,66.67300426225786,74.7838118405329,71.46744217630358,77.51018954921294,57.47800098659994,80.47178562394545,70.38706097086344,1.0,38.62988604694629,1.0,5.0,69.20453466254324,0.6441999451896768,0.38130219486208716,0.2542421059390857,0.9,0.8,21.0,59.74001280552604,0.4856491937229287,0.45154780374758036,1
8.652858979118822,76.75005630712215,87.78559003872847,72.53707639759025,51.276956191535476,84.35791365242697,66.31232205247709,80.57697397045499,6.0,91.86003253933555,1.0,1.0,66.11440286152383,0.477433742594341,0.2872545992740456,0.5558808333360871,0.95,0.82,37.0,72.64124620526111,0.6127529020393282,0.37548518476943554,1
8.475072995212177,46.919181342002304,64.06528211628508,98.89135699888315,66.29695675243148,56.488235594560365,69.01546572520209,70.01360341583188,5.0,65.66643905831859,1.0,2.0,74.772246016185,0.844633008564504,0.419016166860919,0.594673003436594,0.92,0.9,25.0,39.65332243206936,0.6145011381208161,0.28204002823351293,1
7.501027512154115,55.86386156998969,48.148618598551934,92.30972678667729,60.03444045630636,73.0246814125031,44.022137892338634,60.70279083597229,6.0,42.2880639225917,1.0,5.0,69.05759992485532,0.6091346345989032,0.31833174669265885,0.2346610195471538,0.95,0.9,1.0,53.48332406526107,0.36181155348317245,0.5370505570479559,1
8.724182718804183,59.56723507341651,74.9202516797856,73.7148383547538,55.3194329880306,52.87654348222195,72.84721996731975,44.58582451344256,3.0,35.44421361221655,0.0,3.0,66.63084127115248,0.5868423313749289,0.26142898521949565,0.3437445565571736,0.9,0.88,21.0,52.58633113677571,0.176762112128358,0.044798357338953966,1
9.707796892680712,94.8717682443224,86.41176945212983,84.7406465250171,50.56124998905312,84.80845369383529,69.42522540035272,49.120182587275174,0.0,8.788647490493744,0.0,3.0,44.88294571868143,0.4310149198212585,0.05935225923380885,0.4410944550720206,0.75,0.75,4.0,56.00546419567853,0.19265816714343365,0.16442944154729952,1
7.300977246540206,37.231220031683335,69.98854564843478,72.97853455393603,58.497763085108154,37.67758926111194,54.89043112263479,63.92815189755298,6.0,70.33323260950863,1.0,2.0,58.38352198617235,0.42511028010700547,0.5360158626003155,0.1264569818486698,0.75,0.9,4.0,52.125258873457156,0.14853918607469682,0.19338479754147142,0
9.618548920213598,87.73617414446753,66.31145139548013,70.75179831541081,72.40174202773443,100.0,79.44530541491673,70.67290925332759,5.0,65.3506829063805,0.0,3.0,40.82629867240961,0.41837506777064826,0.1270548834114514,0.39192558807840217,0.9,0.7,9.0,88.14163028898747,0.4678131469684051,0.23299948477140095,1
7.487669522216521,57.840925761809174,79.46162335525662,38.03765400657609,62.33729364877939,67.28805940069044,58.375064988134895,71.21230935598257,3.0,31.26974526160486,0.0,1.0,70.47536283614983,0.6210722760351155,0.21479546824449117,0.46713799417982493,0.9,0.88,4.0,54.87036573804562,0.17110850496040542,0.1644873183169173,1
8.378760315456507,88.24707453462398,85.01798673045829,59.323781242312265,64.70503311797931,62.864805859782855,82.20410849632194,92.59827617134076,0.0,54.27551189811634,1.0,2.0,82.30564397690765,0.8186093729610122,0.3060191079239557,0.7645852843777158,0.92,0.75,29.0,67.19881566285659,0.9365999460194484,0.9574295807512097,1
7.571558138977886,56.120779995779536,63.33639991891141,55.423188243834666,65.21032551857145,65.04551116766815,47.58899379936,70.66100311043517,1.0,27.41835157530729,1.0,5.0,83.15471083569831,0.7617962111291352,0.13375732726299672,0.3766341502216006,0.9,0.75,0.0,51.55903500019638,0.16809611997202412,0.13201712753510705,1
7.2531844422957095,66.98275512795477,61.41725990080075,69.69313394696813,57.3390040657918,71.63806893630765,40.2255983257278,45.59235759626279,6.0,52.33400556668381,0.0,0.0,23.20361577748836,0.47417716763151435,0.10280365617458584,0.1374884225929645,0.9,0.8,3.0,54.558671662150175,0.3259927413917057,0.6547809370911493,0
9.688652492700633,86.12457921713292,85.63528104846525,81.78829358217297,75.8174212678054,95.3070346656862,85.9205911419316,69.39381726493559,3.0,76.52904341777639,0.0,3.0,91.47904198985358,0.8323660769175931,0.29701981078892814,0.8304997479343068,0.95,0.88,34.0,61.856505332235685,0.738432082996621,0.5379641696025194,1
8.098218272556824,56.52186911147741,78.91679225465283,83.54554310550694,57.94116021572974,73.96210319074274,59.05898042268429,73.68402701002873,6.0,84.2302063471592,1.0,3.0,74.61202518151651,0.8693747558955078,0.26556060000267395,0.5769409702391907,0.95,0.85,33.0,64.55930289098151,0.6022855787741356,0.2828814586473832,1
7.731949901367722,34.1390090106816,66.4473702735541,82.36857813089921,40.28892597472997,38.92264579143341,39.43479842448504,8.198718172731013,1.0,9.421807602513269,0.0,5.0,38.52354509619738,0.3510787189926797,0.3214616139918641,0.3341824319840948,0.65,0.65,6.0,39.205730152072256,0.29282279514550025,0.14244882006093312,0
6.016361947537179,47.29772277313539,25.48632826050173,35.80616580724494,45.068168353932904,69.02887255778855,35.731698047467226,62.000392804234316,0.0,35.18188984092377,0.0,0.0,48.59120533127333,0.7319208074326139,0.02580905996955672,0.3747283051313211,0.5,0.75,3.0,43.898017036662154,0.47058356275658175,0.23255787807183134,0
8.2742133279194,75.7871981490722,54.8655690125489,95.77329086730334,67.7675221134383,61.31784365723326,64.20056419586415,44.90695743566107,1.0,54.80464107009985,0.0,1.0,55.08896739511845,0.8902996303218484,0.08082096141709545,0.32575791084351274,0.92,0.88,19.0,60.203315703102426,0.6330163098280154,0.6671310201359686,1
6.486831804167075,30.283995733934976,47.321537845968365,61.85987508005521,66.27778413158543,64.37331364939055,28.074954471165796,53.3223083473725,2.0,51.296731555101225,0.0,1.0,52.31028874559661,0.6587134247956675,0.13103768948642575,0.544812035562228,0.5,0.8,4.0,49.19756689976472,0.19562355994068664,0.03596591327202699,0
9.671681266144091,100.0,57.208942704695374,63.455699150482396,65.45802954711326,100.0,86.40408306977,53.70442144249254,5.0,55.70563529703101,0.0,4.0,80.35705472243373,0.3724481512960454,0.06609578568706204,0.5233817598387699,0.92,0.82,13.0,47.39561591690976,0.48276830731571607,0.44877069348652227,1
9.043359869123368,52.244298795928536,85.22742947870526,85.90056618430886,51.6235920880638,68.8348907140082,56.379011318840085,29.308940028107937,6.0,43.58032751804981,0.0,0.0,42.78667273826349,0.665812619278437,0.19965759455902005,0.22443203989433336,0.75,0.82,1.0,45.63268112230743,0.26140331159024477,0.31990450199735937,1
9.48588315569637,57.989200836370195,80.29011380261662,100.0,90.22219173635055,47.78474176055019,72.4292929839675,57.78988144287223,8.0,72.80498494001128,1.0,3.0,82.51596996134425,0.8924350290108047,0.6411805539532673,0.6193429309792005,0.92,0.9,17.0,72.36684082949937,0.6715537406260688,0.8414762513070245,1
9.323335755182367,77.94234176574918,78.065186408165,75.48568162318406,80.3733965439759,59.55935817279091,90.86758125920245,47.12332597782622,3.0,71.59139223709786,1.0,1.0,83.24417856662114,0.7798427570941957,0.305125398399243,0.5142217747280977,0.9,0.9,32.0,60.354052698070284,0.665425011094635,0.4061894074044911,1
8.742978062487731,87.5793668852561,62.429200382188604,54.957794933772526,62.54497328761631,85.96466191083081,81.43045502822889,55.9493479811373,2.0,56.91282933194685,0.0,3.0,95.61931003456158,0.4052636539355575,0.2769871040848215,0.32425720027704885,0.9,0.85,21.0,60.4318451630757,0.5242868661620016,0.46075097421924277,1
7.362956607806063,67.60536825411216,27.91118626670898,79.93470086693067,83.11011624421994,63.1761874755413,57.92491212216463,52.05115756502674,5.0,58.05635187917153,1.0,1.0,69.62803581338372,0.5387232609392332,0.32472028022133576,0.25184492992461643,0.95,0.7,1.0,55.281097695340314,0.4077693350026616,0.8097353759398243,1
9.205584816071461,65.26576516310652,68.07435045513606,90.43747574244773,59.5658880918924,51.44989241855544,91.22899096011987,65.1185324880703,4.0,42.67986595926469,1.0,4.0,36.43268334487493,0.9339663655215149,0.11455919457253902,0.3274830971486248,0.75,0.7,10.0,64.93049217439794,0.5784863788413137,0.2919679083469747,1
9.327048369203498,78.1968649783091,88.87149768882969,65.5025086012775,79.28509922798492,79.58024541782318,77.21519316691528,56.47685741807039,8.0,80.39326296529612,1.0,5.0,72.26070066300416,0.8324979037468172,0.34991219366228354,0.6358388695110954,0.95,0.85,29.0,82.49316046888359,0.8452762215865165,0.8278532757245923,1
7.028883255007641,42.72367407479865,70.01929154483895,66.45481613565563,49.977880195120925,39.4056505091482,46.531377339193924,68.42851099933513,1.0,46.16358187006993,0.0,2.0,28.962790122832175,0.4251666549457049,0.33066680983318975,0.4358547437703947,0.5,0.75,2.0,67.34943989415326,0.38280519516252476,0.4057124756430241,0
7.659526079082977,46.69626724749696,60.148300362797684,59.703597102220805,64.15087111408835,67.325459853399,51.70743062862846,52.043079396269576,5.0,55.82669903604606,1.0,5.0,49.77879270647939,0.3164924467951321,0.5778872205073562,0.4090865678763125,0.75,0.82,9.0,55.92116429870096,0.6515985476944833,0.5859963695649689,1
9.758705410197702,85.5714614572592,100.0,72.892531734306,75.02329182383876,56.00910750451977,100.0,58.647887519248044,8.0,34.773134463145226,1.0,3.0,69.74058631092709,0.7094948484659094,0.5247786803765173,0.7867526580282026,0.9,0.9,40.0,74.51176054396652,0.8313377805521629,0.613655437195798,1
8.834854264925097,66.0889303709744,89.71569474911105,94.0280781335755,37.92098198523515,71.76922849191259,60.35315223352664,38.823976492508976,7.0,63.055651475823545,1.0,4.0,72.48436684793394,0.9027200571590945,0.12237725596105556,0.5511552450992444,0.95,0.88,17.0,46.28197521109186,0.39955054911700916,0.19414716833624587,1
9.15667496723454,73.0635928654728,80.73299804052606,76.45163649719636,74.91618103513679,69.86602669759077,75.8391736764932,92.74674193815677,8.0,65.5144456219767,1.0,4.0,95.18432902079581,0.8440415377310229,0.29072042242905327,0.3839834419702621,0.9,0.9,7.0,100.0,0.3557584387017426,0.2980673627796812,1
6.092913195351657,29.215693845356512,50.423624721750826,43.173538259780955,40.621813909159414,32.547015493611994,53.77784733757215,44.67617070918005,1.0,52.052088513583186,0.0,0.0,37.35120395425585,0.3389141653220689,0.34890342767218263,0.33663834810122445,0.65,0.85,1.0,51.55593608903382,0.22636370705741768,0.08851726048004502,0
7.414593978127884,71.45172753150675,67.04021516557152,43.12544479202476,77.32943729192127,76.01571208279901,55.83056920306073,71.65167692409717,2.0,54.15264139711202,0.0,3.0,70.98460943947828,0.7717652843303102,0.15119282883939578,0.2929667983395472,0.95,0.82,34.0,71.89585894260402,0.6157132704155712,0.582099963698057,1
8.888056892627333,53.70152694954491,80.73298883953159,85.46663844744522,29.85756657288163,64.13850872137363,72.65457019316952,55.651115541596944,0.0,31.06413526447276,0.0,3.0,49.858741893574546,0.5461336015212849,0.28719061400262785,0.5025281871201489,0.75,0.82,22.0,73.8153697902622,0.44112860926260244,0.12989526159457246,1
8.94013859445618,69.00749703987938,82.47019091245426,74.21911502949588,44.54348950366092,79.09373210537208,79.91155624289496,69.90541031195418,2.0,39.0097262980275,0.0,3.0,81.86922210864883,0.43125681066305804,0.45842503490730296,0.681451191542785,0.95,0.85,34.0,79.83887004075264,0.8068105061467409,0.4408082350620758,1
7.650527143256124,63.823526992758744,57.3139268997176,64.64121106768351,58.443482057817285,67.27067154748819,66.52260758766306,50.96560675879693,2.0,45.31948200171943,0.0,0.0,71.59287275848646,0.4278555000788783,0.2692982817926954,0.14130975971850812,0.9,0.8,0.0,72.00072362775981,0.17839793826404135,0.3441803146483184,0
9.03704710230441,76.3804326966384,68.77096781475639,50.197428440844476,67.31500114185073,70.37380965721457,100.0,52.41108135488683,4.0,59.65325004535599,1.0,2.0,59.816986417437214,0.9223347959835575,0.09432974183482008,0.795374193423263,0.65,0.75,34.0,44.1677407947257,0.5980348555925029,0.10380394159685923,1
6.398922920405068,13.507952881535218,69.38398400214766,44.81479900163522,73.86143084866524,36.40861852858784,44.08558707272963,77.51133050489936,6.0,75.88915747669441,0.0,5.0,72.95149769342649,0.7305448247610556,0.633884297930311,0.6668488053249735,0.9,0.65,39.0,69.70517467172249,0.8022266420968451,0.3532493776642593,0
6.08462151839248,35.5896441172382,53.23021122511435,83.43550394644271,39.95295059495149,32.620970646432944,47.712571891933145,87.89964861945118,5.0,63.79003737068737,1.0,1.0,69.62803581338372,0.7113685293511538,0.45817061592630187,0.526159243872806,0.95,0.9,36.0,78.04484565610436,0.8137897670813946,0.49725454454780893,1
6.789325562735849,44.58517860724578,62.1828397193859,57.50684202697345,46.690145018782104,61.482232585265166,63.768130211329854,54.75272236548371,8.0,60.74143244813563,1.0,1.0,47.829831071887035,0.7119876267176033,0.20050542310743433,0.3317311144660421,0.5,0.65,28.0,58.10453534757345,0.4626749030442923,0.12906354862642191,1
8.724182718804183,82.20607766268827,52.65575107728931,72.0144832541179,73.96987903018463,80.85654784406864,73.50372299980158,42.58412372917776,5.0,69.67464574870445,0.0,3.0,69.97494392722507,0.5220796583446695,0.2035621996275205,0.43955927603786504,0.92,0.82,8.0,68.20532041765227,0.6319880467434841,0.5877553228146382,1
6.11710777135817,25.595952991217374,48.99367395305036,55.769872536379175,41.08757424693047,41.29759451421621,35.1898968898515,64.46763677705535,0.0,23.206184470787793,0.0,2.0,28.317076889137198,0.4172321851107937,0.24396617928648862,0.40286974034474404,0.65,0.85,10.0,56.53029052624319,0.3745545051722207,0.1072415840551594,0
8.822231753555325,68.86288502145756,69.59729291904023,80.03849385353051,92.20666668183088,61.1271753668748,66.06401544326599,59.43197278027417,7.0,92.45416973766612,0.0,3.0,45.15497181557065,0.7334722497157562,0.3167884165923192,0.7758601828890641,0.9,0.85,34.0,79.47958857589005,0.9090182601575547,0.7620052451472483,1
6.888970046288295,42.21935781937024,49.04374520890217,72.95659788801063,56.028708977968336,58.2722798169993,56.08123289580631,81.78389426094596,0.0,39.96227406804023,0.0,0.0,57.695294266781254,0.36236565673681387,0.4327779760018636,0.38717519444867154,0.75,0.85,3.0,77.18107696760364,0.22887053770143112,0.15629499349452905,0
7.532439615135308,92.6142696517097,53.518149831322035,62.284909334940004,46.690145018782104,94.80244241117929,63.38755929364739,91.69723985839522,4.0,51.119299682221445,0.0,0.0,54.79275834597302,0.3285742076212455,0.15336105718834037,0.0698996023538352,0.75,0.88,17.0,84.91505282444398,0.3946437287124008,0.6305863025083802,1
7.846971948331317,55.52608978398847,89.66375594603569,33.73165781192663,77.67951627824935,52.587173140283916,63.27075605252922,56.71107175765203,2.0,32.234392356309925,0.0,5.0,67.60039962771816,0.7068143788716037,0.4263651740758563,0.7871841720960624,0.95,0.82,40.0,61.46646757091091,0.9347709138296246,0.7072929194152668,1
6.508388417256651,61.12728979152819,50.141414958300345,84.77830356366294,43.40443385116582,62.740493209737664,51.76901883788332,57.822951430362664,7.0,54.354575467701125,0.0,2.0,90.04591209083621,0.9450203803478268,0.05233870144485399,0.5541952573591138,0.5,0.9,16.0,63.384409426426984,0.4371075241217191,0.2968298230479971,1
6.978946206786284,44.996697202551196,76.23785741349549,51.08452220280154,50.607418893346555,52.41996413045537,56.25600288059929,50.65083844028038,3.0,53.19123222270569,0.0,0.0,61.50989867335773,0.5282408826277156,0.2693964659894962,0.2735625600365863,0.9,0.65,2.0,52.16629487867658,0.3938204930986983,0.27196632603568693,0
6.376629938003527,63.43410930681616,57.44180988425303,53.2556084924506,65.23463950897683,67.51559185081008,44.50518329243617,84.09992884752461,0.0,62.91154532450485,0.0,1.0,60.439903229264516,0.8192919098721438,0.08473944641920782,0.36953883118795955,0.92,0.88,14.0,81.79528892098327,0.455386997863711,0.42683269159335846,1
8.757663688745636,76.74387504041849,74.82804086955713,40.00314420921343,67.7950449149721,73.10991238010949,88.8123460686216,54.021626698103574,7.0,85.47996202191335,1.0,5.0,52.29484179209887,0.5928492658378741,0.3142406373921101,0.2537478974652397,0.95,0.8,13.0,43.78398856437525,0.4967245841443163,0.5424942415283265,1
7.785832573091892,53.95269334637844,78.84894589735654,57.29192564216661,78.71872265385717,55.74941748378392,62.09712913285857,75.46790777255116,7.0,73.88609355794493,0.0,1.0,57.12862391226216,0.781679880011393,0.3389565544338979,0.5599147270163313,0.9,0.85,27.0,73.94825721407813,0.6529767242431008,0.5305171879850791,1
6.580933064080077,35.03401385033516,65.17666218062104,50.28016236530277,67.83519405948896,20.515256715752017,56.127392289644945,50.13075674288203,3.0,47.32210655257838,0.0,5.0,64.17326217428145,0.6240909249312347,0.5507344735895587,0.41539053730088793,0.92,0.75,10.0,53.66741552813035,0.38331812424216927,0.4414908490127041,0
6.256022359505423,31.280528485982998,71.10035108744036,69.86268835559419,63.85212770984982,35.41077301161242,31.975646226479995,70.30917340270561,7.0,82.22169946156816,1.0,5.0,93.90936725105739,0.9447379801554658,0.2988030974937127,0.7429403010749013,0.95,0.88,8.0,60.25005112006057,0.5773021886835485,0.45143887917420633,1
7.499029768167267,100.0,50.82158043669916,55.77799603919296,60.52191943117754,94.06793504207305,90.59597393719575,80.28457936598844,6.0,65.54909280924977,1.0,4.0,89.96957995107209,0.9071599606708505,0.08218341033670638,0.8214601448357023,0.95,0.9,32.0,71.85828249861504,0.7362328773616846,0.615535485605688,1
6.509559517516508,68.05246843434267,57.2374936665766,76.34095224515393,51.14613608382825,69.9066379466297,46.26150994423712,61.03531825150437,6.0,65.10378945836665,0.0,3.0,69.91614836262623,0.8976851495786133,0.06724582551877295,0.623655553348158,0.95,0.85,23.0,72.81520325423587,0.774642801734897,0.5444463457631451,1
9.442428431507558,74.68366097997165,64.41974415404783,74.83151787687108,96.32884809767523,62.02287265283172,88.40114410812866,93.78310231477816,7.0,73.05696872838843,1.0,5.0,61.21967568701857,0.639687351810619,0.44779542375588643,0.3367299563067112,0.92,0.85,12.0,79.84992229142887,0.5836506425587575,0.5439690440090439,1
7.917199700684475,52.39167308613425,62.58472347910562,67.34063273773629,50.054214513367384,50.50593866232818,86.50390105971654,67.47264256307373,4.0,27.95654571351564,0.0,2.0,65.54229998169924,0.441697093636085,0.5487268938371216,0.46933852299934864,0.95,0.85,26.0,63.50128589879808,0.47185758814917206,0.23810460257991786,0
8.112334138527892,66.6162603954536,74.81797807803217,77.22857907792022,60.9371601852012,80.16924429140226,31.052927283609623,63.32810904753358,7.0,76.56832589728572,0.0,3.0,80.23457521513751,0.8643614184887674,0.05417810079095522,0.7865229637705995,0.5,0.7,5.0,54.045764303931506,0.25247316748581794,0.2157708263009643,1
7.014507519749196,42.644809156015256,84.4722237828162,62.90235430471525,42.22780357578756,43.965302533640056,42.450660093965034,44.43295281917459,1.0,45.59755684758263,0.0,0.0,32.256905522589264,0.6697338898291975,0.15851757112119086,0.4058755045196585,0.5,0.65,14.0,39.00241275680089,0.4989155415612082,0.3586457992112141,0
9.517609341199554,72.20907272635449,81.51618260356484,96.52783944774363,56.0532401716348,90.45862431348131,62.09712913285857,71.13750817434105,7.0,77.10665087691982,0.0,4.0,64.36048564414581,0.40324262855768533,0.3879231063143932,0.7198937818642474,0.9,0.88,28.0,71.99483457522994,0.5948203564286197,0.3801900389172911,1
6.591879149703402,65.81084811507074,67.33872294338305,51.08946488232526,34.767886455281676,71.48419638971482,61.14601444066823,58.468994933250386,6.0,51.09823555477339,1.0,2.0,73.11405538152647,0.4433261315935637,0.1939467028797707,0.3457035040090692,0.92,0.9,16.0,67.854327320328,0.22135662809744514,0.059906084104446845,1
8.026349277360492,53.7545275699737,60.75262167054039,72.24897769430883,74.14786493379546,39.83287410764169,66.12079968312125,47.34772187878272,2.0,58.681356415390454,0.0,3.0,89.25181189704894,0.639704015816488,0.46499495867659096,0.3672907284562722,0.75,0.8,25.0,44.739551972044445,0.6198243753603935,0.5941240383611026,1
8.58220263499404,62.14389253187864,68.54839496601312,67.10790176540156,74.14786493379546,82.32666914358519,70.24310772598965,53.56549842341409,7.0,80.55825324152747,1.0,1.0,69.74682236912616,0.7940314507447395,0.18878489947771196,0.4095742298173023,0.9,0.88,14.0,56.50953341675599,0.4015612631483294,0.16192209337979369,1
8.605824712732593,41.31513277030456,85.82524880908024,53.487249456669886,71.82283935182313,53.010656470777825,60.304788721873415,63.391877844112955,8.0,29.281111685922117,0.0,4.0,52.82819837379729,0.30895564422163246,0.7485252426083648,0.5483567352541199,0.92,0.85,15.0,52.184644748080345,0.6129590091820648,0.47734436118684226,0
9.262672095663254,90.74650147731768,78.89594769798438,66.42282992700866,81.93701843716973,99.83548260939395,70.33335413825299,88.0171927491387,8.0,100.0,1.0,0.0,69.01486906066768,0.5323507112135653,0.23198128585403172,0.23294260579985207,0.75,0.9,14.0,74.57873649330313,0.28571620726279023,0.4788627722495822,1
6.888970046288295,44.652046629781005,72.5700424868274,61.6692491406597,43.88070041522935,63.46582504667698,23.32923893498119,8.198718172731013,4.0,71.54683592847958,0.0,1.0,72.32493360309476,0.3172544819856268,0.34372027183542986,0.3028162894621276,0.9,0.82,7.0,19.56900353182023,0.3115732590828967,0.36645306717845416,0
6.187165655724857,55.66977116701071,26.91782844585,73.78940669514398,36.207827106331365,55.25332453355815,51.930694798930894,74.37781589190736,4.0,63.854417536630024,0.0,4.0,65.31604139875868,0.5177283337050136,0.2506128071584608,0.4341278388020703,0.9,0.82,4.0,41.94381187387063,0.5473477318285502,0.5687801737555258,0
8.250104734633934,66.06907260383646,63.32378136643172,45.070475687019425,70.13871290826691,73.04323810087683,84.11246678447702,51.46313766151099,4.0,51.34814628884008,0.0,4.0,72.34776159794833,0.9378029259886993,0.05284436660469779,0.38083148765900127,0.9,0.7,29.0,52.11235539219665,0.47246015583653717,0.08537296148729484,1
6.5834198760807805,55.399781714290604,48.124105507619696,54.56636205131028,58.77371905441838,66.27844096719036,55.01935204258557,50.30604228012044,5.0,40.50325819135041,1.0,5.0,70.00505626476061,0.8675023742483463,0.12825315106432747,0.5639463204450726,0.95,0.88,14.0,49.80071252377574,0.5554910242579784,0.26123972294644593,1
6.770603719914804,70.49617223080533,68.18541697857889,34.96934438206825,81.16955204216396,78.00330943956044,44.425591065145795,60.76293808016499,4.0,39.374094363987055,0.0,0.0,76.40485431481446,0.5045311321553844,0.17340757179357316,0.5348554668214706,0.9,0.88,34.0,62.193817678186115,0.8144046262355031,0.6681239917380895,1
6.704426036649446,63.5525690520501,73.67700408939479,41.87528082830192,64.91563644436917,54.43834176586662,44.44390055662247,77.3548546941035,3.0,50.71328484410991,0.0,1.0,49.36378425433986,0.7991204248910909,0.05343869040043479,0.4233821814920534,0.9,0.65,5.0,57.13742507209726,0.22655874055167466,0.242730278463449,0
6.041551940220522,30.876719358639477,40.293656211195454,47.95929008071105,75.72846407780916,45.918748859146184,30.10865713956025,58.22019808353277,7.0,63.800526232787675,0.0,1.0,49.27243235519422,0.7048313481501809,0.2624348735019016,0.5440671025173328,0.95,0.88,7.0,53.23356853883431,0.5554910242579784,0.3968563241444515,0
7.39928306774381,39.08685628268482,72.2989032094089,60.9650764084058,90.22219173635055,39.69106222761773,42.41526875322653,53.54190428033343,1.0,52.06547916495724,0.0,3.0,100.0,0.7817911640506303,0.4264732846453788,0.43499849428368825,0.9,0.88,26.0,62.0592302691409,0.46358934132082286,0.2740157281876404,0
9.164780807713747,87.84760624643197,95.02463906519759,75.04946925064256,57.734419644454064,70.97727557219032,84.21356292941459,72.57745963799317,7.0,73.60230947555434,0.0,3.0,67.00191259613068,0.923736986449635,0.1806765448527102,0.6258148523608975,0.95,0.9,23.0,70.39923066781965,0.6231960167827586,0.6689347037800708,1
6.975542693833632,48.04267176781364,63.964542736090095,52.37336481164151,55.70305030808355,61.66034519214169,49.965682226591234,56.85091871962309,0.0,39.434206294597374,0.0,2.0,75.19741770275996,0.41057405609820385,0.305125398399243,0.4713659968863498,0.75,0.9,1.0,53.87234124118724,0.19562355994068664,0.11240041450906327,0
8.31822983497126,42.987590132026476,71.00599250720438,74.51417960006526,46.863746077737126,65.48589008234056,52.2024379174147,66.18386731644941,0.0,34.64557146095591,0.0,2.0,59.649146638899865,0.32949006042413487,0.3620227995696779,0.1783262143399198,0.75,0.8,9.0,55.67949659943928,0.19850908312584722,0.05445440382668978,0
7.902511194512825,43.63526074186843,60.9391411662274,74.21627863175144,78.40174538218156,68.08098062445734,53.80369250267379,73.14773271708098,7.0,63.800526232787675,1.0,5.0,80.37916141930246,0.7291891454993642,0.45594160047351906,0.5749054998499044,0.65,0.9,33.0,66.04544821413016,0.5614723582354954,0.2542179989321485,1
6.915523042374387,49.350410723218324,61.985022817964236,61.12061764281995,42.859129926822334,34.23530395054682,62.94375800229077,37.46404440040659,5.0,16.546818257472694,0.0,1.0,35.96703084594019,0.35075399869344936,0.3431449972819413,0.37033067496332045,0.5,0.88,15.0,28.182375805271548,0.35899440471714344,0.24720957203778257,0
9.797803255051914,100.0,92.13747453241375,88.80716697274912,77.82605501664352,100.0,97.71554172536415,75.90480116774731,7.0,27.41835157530729,1.0,0.0,68.03870995312958,0.4035242885896974,0.20467838797973253,0.47715876655484496,0.95,0.75,13.0,63.622562638546945,0.4982967618436162,0.3805830475676563,1
7.181653737698912,61.04054835815922,43.95499877707343,51.759215817563344,74.81880740227479,49.54588971575763,74.09935923940253,57.457316799591,2.0,40.30397511663285,0.0,1.0,80.84634277871635,0.3866714691244578,0.47172212093104543,0.5022829417660026,0.5,0.7,27.0,81.23319396563824,0.5387544076048154,0.4694566473831541,1
7.524806863907231,82.84344294617989,75.56311277801687,12.787732759615572,63.05022479206644,70.54694401741499,72.10983608642957,52.96581617258964,6.0,50.85001235646327,0.0,4.0,55.81533691925004,0.4625538007198266,0.09601517667215279,0.5550551558749007,0.5,0.7,30.0,67.87302717518772,0.48961688498842465,0.226389439732349,1
6.988701690303367,39.117515121576744,59.6114534990751,53.955885145753925,57.441687981347,47.42431739454432,63.10209051191278,63.09365551012344,2.0,44.039553473086684,0.0,1.0,47.45616140472989,0.4215104235406411,0.4088765478369528,0.2316575657870321,0.75,0.82,7.0,50.27418740712987,0.2721394671940114,0.17347587772576878,0
9.457230790766669,100.0,81.5097062428316,55.852462221166064,65.70780760415921,90.75199578653682,89.33897614580114,66.31924102463755,6.0,45.43326020558004,1.0,0.0,74.85804345339088,0.3355948372967701,0.2235998167295078,0.5224695835854493,0.9,0.82,30.0,50.89724628246506,0.519445417111659,0.5450036767715143,1
9.32239458810507,71.40248384902043,77.12594287188685,73.2025045178204,80.54313984187114,71.70770515628473,71.96691750009767,58.371933209897925,4.0,58.304378186435514,1.0,4.0,58.269199611089924,0.5993402480212925,0.3986589688930393,0.31833896244795834,0.9,0.88,30.0,57.85901322017614,0.8023593279844192,0.8167738742805115,1
6.28141919680248,57.17969767384671,67.91348680725825,53.2556084924506,41.707981004260176,66.50824703320026,66.85648798320895,74.59687217416914,7.0,100.0,0.0,0.0,100.0,0.9360990712487394,0.15403882931522805,0.6025205845298448,0.95,0.85,25.0,60.89224179530077,0.6641824327178397,0.2879959399343293,1
8.484175795792298,80.30919225716369,58.51165945479054,56.08763847891135,63.95499876881624,82.4344920472009,79.4610844668392,37.610685125044945,3.0,51.59358558040242,0.0,3.0,73.8443481985498,0.41577247261463646,0.3379149278038919,0.2249805402922283,0.95,0.9,2.0,62.60816799166232,0.2122239035727816,0.5190361914135356,1
9.12788380618151,72.92696182586994,69.6903680062331,70.1672846864007,77.49899389696107,66.8182867457425,82.56437579971703,57.983432905854656,4.0,50.47033827953948,0.0,1.0,71.97007424725821,0.9113458637288308,0.1672529683622828,0.4427569068528233,0.9,0.75,27.0,51.865645145534764,0.6852429721578235,0.6084071455503076,1
7.7264082549986375,63.659187935483,53.07789144282873,56.352664383539896,78.84670031610895,63.15759365277949,59.54322738492836,46.58010924691171,5.0,62.34706296362476,0.0,1.0,30.159529517737447,0.30656349173251296,0.35089468101640026,0.5930812022904662,0.75,0.75,16.0,55.17590295323121,0.7186456285025338,0.4543861918608108,0
7.014507519749196,38.43628905701626,77.93217922235905,58.55382468518984,41.14355058762792,37.60857085407932,67.26101814623114,69.90541031195418,1.0,53.97264421996519,0.0,5.0,47.37377913568544,0.8657847720725385,0.33866137822489784,0.2912305146234949,0.92,0.75,14.0,71.90336131566,0.4068972903815379,0.3107094870877024,0
7.856619372335827,62.44007699455616,77.7179122622976,69.98599609079358,66.36359567819268,72.6374093584424,70.07276294936497,79.30909753393318,8.0,97.69444139739771,1.0,0.0,65.59530427119002,0.7324097756256351,0.43507424952359136,0.544655790486752,0.9,0.9,40.0,61.90443022645748,0.8775404087937307,0.7126334896235458,1
6.148121634641818,22.351532459563444,58.13470836811297,46.716664642180646,52.81132698435172,30.271221210868333,33.02713124308222,57.000227958971564,0.0,51.66622950237567,0.0,2.0,36.69143845104375,0.30178563198941455,0.6890567690499563,0.4534315571555578,0.9,0.7,17.0,47.00087700364498,0.6714629158586096,0.5219392107723826,0
7.366731915933122,56.01603438188414,47.85869076076234,56.32503570545058,58.08872778200382,58.62628064169189,66.74767506313871,45.05607532632982,3.0,66.8892028517807,0.0,2.0,23.999666733655104,0.3028541593249792,0.41050903356536084,0.5382229560618997,0.9,0.85,7.0,32.449416290056206,0.2574781757637701,0.13897443359126144,0
7.847529887364647,56.363229099650944,54.87048784756526,86.5104795534439,53.830937075129654,55.88613024946892,53.231324992204364,53.67141345091415,7.0,61.131019358776506,1.0,3.0,57.651357540607165,0.32120085584298336,0.4229911047126393,0.4277453672065445,0.92,0.65,14.0,31.26937326260737,0.48725612109814403,0.32336075437675543,1
7.192794805247559,47.99377084650935,73.69614313441942,45.909823428635875,71.45602023417385,62.31272747328069,48.15778218933758,77.58429032332069,0.0,33.41617783415453,1.0,4.0,55.543909313841155,0.5284772916746379,0.36009046194292993,0.24558781528717322,0.95,0.88,7.0,75.83870150230867,0.488104534054716,0.481599458298183,1
7.777079319310808,40.67062625088415,64.33815842371072,64.64121106768351,91.92790035342398,61.345139906781235,60.358085597241356,62.00376517307285,5.0,69.32747172305574,1.0,4.0,87.72535307752726,0.9286797057291261,0.33232110741546883,0.7435074242212016,0.9,0.9,24.0,59.810425751503445,0.5249680335229258,0.15629499349452905,1
9.267888066066103,60.713982745143106,93.6104302050733,53.001679497914616,73.37767705553577,57.63952010295139,74.77199247616991,66.72347471717023,6.0,77.19116133493485,0.0,2.0,58.6895939672476,0.3819619711048842,0.4047741516215311,0.2942790453178661,0.5,0.65,17.0,64.52416815571503,0.5126809091971252,0.2219073235388095,1
6.118064480265391,26.948507017583296,58.055509295453696,56.665575013388256,61.60805942636675,40.20191986277117,37.28946221980085,65.1185324880703,7.0,47.930123798734364,0.0,0.0,62.87310877407965,0.5142291613990619,0.44155638547495335,0.450129628000041,0.9,0.9,4.0,97.65288502992979,0.4034927057732987,0.19443225281875676,0
6.348549980424226,45.98352819172862,46.085350889672895,54.881731890410315,51.690143207238414,54.191492741554725,53.55450024725367,59.59399142282417,7.0,52.90888696263791,0.0,4.0,62.63303267349433,0.5275432477184815,0.32940178904051315,0.3462669989294149,0.95,0.85,11.0,54.08463992953256,0.31655980064644607,0.24509246469065354,0
7.999030002166879,76.86284554565557,48.93570743891661,66.14593645617094,64.98746891206011,53.07789618890782,72.83832985996796,53.68556861035886,8.0,81.44810155428672,0.0,5.0,37.35120395425585,0.44428093286248893,0.21726233001753548,0.23137910964866498,0.9,0.75,6.0,55.10111767490193,0.2509158047200009,0.44571240404103124,0
9.457230790766669,88.52143546595161,91.35341900146149,43.17604662436727,84.13716717374446,71.50370169754278,89.33897614580114,78.41078780039277,1.0,53.024339591185324,0.0,5.0,71.59832250634021,0.7162001456427616,0.27647480772098243,0.6414572371066732,0.95,0.85,30.0,80.7970833113018,0.5068906928009139,0.4129024010923125,1
8.032612981308308,76.22135989050017,65.41217021024023,49.56564123413457,75.71406214325982,96.96900534315158,57.71247249006361,53.69071179207308,8.0,82.95087237228772,1.0,4.0,68.36877978430667,0.8845508363575334,0.058985037048434455,0.44151931590751425,0.9,0.8,13.0,51.98194654605647,0.48873358772954895,0.42586839625124356,1
7.817938719129376,65.16260821096729,76.78229348369123,75.53952459227345,44.862818799630176,72.72579659003873,62.76911590847747,68.34116084697139,1.0,48.62690555192861,0.0,4.0,92.69527523797686,0.9237869637589902,0.2392627869346872,0.665848063084283,0.9,0.9,26.0,69.04948153663807,0.6765419366381649,0.6866762903608178,1
6.273031274847691,47.36646755647675,47.83539314711555,82.63465023871264,55.43721433760658,47.162570063010634,37.117677266385726,52.043079396269576,2.0,34.92771614300311,0.0,0.0,41.5016065959973,0.8556290210649129,0.06780567291465063,0.3324612279837134,0.95,0.88,12.0,45.48183825272386,0.2304936645632711,0.17263831227293133,0
7.130165444555605,35.67576707262525,63.50771163812578,52.83853030693117,60.92795386136981,65.15814969644804,62.57782621893397,51.97874939416858,2.0,38.25728814931762,1.0,5.0,59.700117531389026,0.8581402887478968,0.26784083588431196,0.6137439224050619,0.92,0.82,22.0,66.58637692362528,0.4698677366614661,0.08667778596359924,1
9.70726345414792,89.35144422756531,84.53699771552087,74.5225281026697,71.72502620061553,91.03193302458209,79.70445879371893,57.04104329431102,0.0,48.800594564155446,0.0,5.0,58.63670232334003,0.7434601233755487,0.15960634565916393,0.5868749827132203,0.75,0.9,36.0,66.07310359135546,0.8291335211050439,0.6194117313172014,1
6.786543606635191,45.6548762180753,82.05449812871512,59.066641893015806,59.5658880918924,46.998004001730465,57.71247249006361,83.02113382472855,5.0,100.0,0.0,0.0,51.17134561124773,0.5601698209354247,0.5062635029552275,0.4448272795315438,0.65,0.88,24.0,92.0821982631278,0.7342610185684516,0.65587237819272,0
7.8159336412902345,62.360671235593614,76.58592662044029,48.81476432703686,63.17341775069434,66.34288044934283,61.605682215984196,64.2012008632538,1.0,52.69985692594537,0.0,4.0,80.9300833757724,0.8198487949110649,0.14260267955553793,0.3387150654215352,0.9,0.8,8.0,73.36988764772667,0.31655980064644607,0.19601826275294093,1
6.618911702107309,57.25537729715162,76.40792412909266,71.81062100218824,34.79736162382767,48.31367722644255,56.19024410356119,65.31892601520627,0.0,14.057924669035778,0.0,2.0,64.65288278920556,0.829968984003111,0.22971680513027623,0.7895389212281704,0.9,0.88,36.0,79.84751085355522,0.8357521197302592,0.6328304580492421,1
7.830048038982966,66.98275512795477,65.29324959309251,55.9547874257639,50.49514224419166,82.99214570099215,71.09489804235685,60.76293808016499,1.0,57.485545430830484,0.0,0.0,69.60218977957915,0.3142919547183414,0.3839593431089104,0.6440446193102207,0.9,0.85,34.0,49.35625881721241,0.6417783569931003,0.22148524566326,1
7.729447801164698,70.49617223080533,72.94854322390941,71.54810797780578,40.56887048709761,73.57195130796546,53.9715606094377,62.18818980710704,7.0,86.16955609780643,0.0,2.0,57.591657679203394,0.3631829669019794,0.30282234359957405,0.5166702837914561,0.9,0.65,27.0,66.57503905999033,0.5327256418080367,0.5392919228449293,1
9.545022973170363,60.63611342372316,66.75654464777669,93.71300845411288,96.72862232190732,57.935243907772595,65.19598362692084,64.34355218168892,8.0,95.67604918371129,1.0,5.0,56.91242348853849,0.4425039905658573,0.5722278871086849,0.527230578911005,0.9,0.82,15.0,62.87065055226709,0.5549625366479146,0.49630831601529357,1
8.710381145984453,100.0,78.695713478068,68.75344749168708,63.926479669165175,100.0,53.6068767471369,72.54905995724336,4.0,50.777765704949786,0.0,0.0,56.71756801004237,0.7749144842035933,0.014491868901953782,0.41167255531325325,0.92,0.88,20.0,73.8378642982138,0.44199015704343825,0.6513958645987067,1
8.437879372695255,57.40704484961382,95.1690152233868,75.72354331186546,58.41205537268843,59.41299052987842,37.830143039021486,42.326273124953815,2.0,53.570343267017954,0.0,5.0,53.35905526691232,0.9360990712487394,0.043411747148395144,0.5387125183285613,0.75,0.75,17.0,41.6849184839984,0.5580917480678417,0.31335247770364355,1
8.213290017849634,69.6946587581751,70.20312759682727,58.413305400368095,83.25466450278118,49.60146907846335,79.52951070431295,86.72834196640582,8.0,50.88378884837422,1.0,3.0,45.550590652973966,0.528526983431225,0.3805438934150478,0.7123187001035752,0.95,0.8,28.0,75.28765355008929,0.7503556097096121,0.49671329955311716,1
6.630446097930828,62.70763518843734,71.58738026865858,49.63354028805036,27.6877696595311,77.6715842503346,40.45523630248641,34.501825742227034,1.0,44.22431960464723,0.0,4.0,59.231929800835836,0.607212127658115,0.05027736641071955,0.6556068898109417,0.75,0.7,18.0,59.51769352910891,0.5198181593824757,0.1812673096594125,1
7.089056306672491,63.42587086047451,45.484108495677276,65.50766717656865,56.11946912245348,49.322873449928544,72.02795039496286,35.537851337886806,1.0,6.9094642012658625,0.0,0.0,49.0085078564333,0.45607101526364724,0.20242735592638803,0.5868749827132203,0.9,0.7,15.0,31.215028027171044,0.5638787783441376,0.3779993882939932,0
6.657885816405512,81.08588968603449,28.070519942640075,60.671020775787575,46.08046676779449,49.09729651860103,95.22626544491875,58.49467966782541,5.0,41.80501678181724,1.0,1.0,69.79740025611703,0.4702799782332283,0.3337907521730744,0.5001477980761545,0.95,0.8,25.0,51.52244634148613,0.4126316485711885,0.49180093755448967,1
8.00173827917677,81.75189512965161,65.93432838829149,41.17715961703419,72.83666381044577,95.44353350638777,64.17246516258324,62.18818980710704,3.0,44.48473780773992,0.0,2.0,40.553208745857425,0.36185925933226815,0.1761602398937187,0.7680244671304874,0.75,0.9,37.0,64.48321726279059,0.7452817011133366,0.37311222005086303,1
7.918207635033293,39.156386932523375,74.99739225124262,76.43923025663995,61.651010169055944,48.728189130764406,46.55213267835795,73.80733596225096,0.0,58.76457409006453,0.0,0.0,44.22444534001697,0.3521288073767985,0.4506801059791214,0.25089448309141954,0.92,0.8,4.0,60.56888007623884,0.2120588163770274,0.1859604472920595,0
7.730338061485252,55.03969443521091,83.1922055779306,61.15201666428169,47.833184979275885,66.43735367904563,63.50200169850571,54.92316538582358,6.0,96.94808156352723,1.0,5.0,70.3408172142623,0.7196867717965952,0.41310371587122235,0.27117048545501,0.92,0.85,11.0,65.19212626532311,0.5617370197258533,0.6205717848346607,1
6.187944721154859,60.870559688563844,53.71195000556472,42.310164262719674,33.72063699615498,65.0457440490498,48.2500791301853,45.6000879217189,5.0,59.908357997347125,0.0,4.0,36.77748336860865,0.6550079577846776,0.07654974608405597,0.5819123263306141,0.75,0.75,23.0,53.301551660511976,0.4344370508520811,0.30510812523851116,0
6.0021588911839885,6.011214827851923,58.08264907079538,40.924148185459174,39.27415391514952,14.953909632397824,10.8821177173348,63.33264728596211,3.0,61.7607271098135,0.0,3.0,63.24737601767993,0.5868423313749289,0.39736945030638493,0.22370130887291162,0.9,0.7,10.0,58.69423954270957,0.33580144910834286,0.25798034192309155,0
7.8327530603830215,62.194437527408276,83.38898197370341,60.71034091160972,24.098046618251153,97.39049435673215,49.48438108282533,33.38307924963219,6.0,70.8084667761315,0.0,1.0,55.165307976533846,0.35416998529695404,0.1523221072647113,0.3879410233583133,0.5,0.8,12.0,47.58006901258843,0.5411646248183,0.23962741335625315,1
6.998372466376368,51.44271828344064,61.19672634041575,73.89850984318545,62.46507041905042,91.25034602051299,23.16672775727796,72.77696923448369,5.0,53.03180112533105,1.0,5.0,61.17707393578498,0.8499381979848359,0.07629080544622747,0.514442344315151,0.95,0.7,27.0,75.01669431089921,0.4371858934712723,0.22106399872076676,1
8.25535925128033,44.94164595849484,64.4465366133006,85.46319471416743,61.90651111340838,42.69460438217986,71.51020990722878,53.24129609555628,5.0,89.15588881684027,0.0,3.0,41.65471972568655,0.37426419973473274,0.6014879516795077,0.2786667795752926,0.95,0.82,20.0,61.479465807322086,0.4151711212059117,0.25885981652152734,0
9.093277461730931,85.38824474996372,75.84319500376407,53.82169286603069,89.71221859329485,74.12619069787675,86.40408306977,74.87243550501579,3.0,64.89339435748438,0.0,1.0,90.88392315605228,0.6220186855827928,0.37923090797504594,0.7780872936923424,0.92,0.82,38.0,71.41490051353479,0.8662150527005223,0.675910760246737,1
9.213657722458494,81.54096925353306,83.24484803811049,57.410130969496024,59.03436182863529,86.71736847350721,80.08791573228999,85.25132130467237,6.0,44.93246161600646,0.0,5.0,73.16473157423708,0.7773790059775203,0.16262869126539328,0.3249985960338461,0.75,0.75,30.0,81.85553497545432,0.5389001520509012,0.4048880061344552,1
7.8159336412902345,53.852859086229,72.70947728748821,67.85778945431653,70.47320788895487,63.96843461594218,56.74183598768546,60.13078672823589,7.0,36.5756342625717,1.0,0.0,58.15607389045488,0.7162001456427616,0.21794357604007666,0.44043770767379675,0.92,0.7,29.0,58.221726773268756,0.5954872569585384,0.2846587083608415,1
8.7052876802366,73.92547033606304,49.86318042978566,79.27287830031726,81.16124590917562,67.48197889559061,86.45715655801982,51.172063863722414,2.0,47.38085043985219,0.0,2.0,84.40157925196043,0.7125263038706606,0.33243714807083546,0.632985841573937,0.95,0.85,22.0,69.70517467172249,0.8131658571729374,0.6129240419520955,1
9.777495535319039,77.62718203508003,82.54846540483119,97.63942656115135,91.01807780714319,92.8471138483666,71.10347447335835,54.75272236548371,7.0,69.23858534758222,1.0,5.0,70.13985495491579,0.4010828951017316,0.46499495867659096,0.776474558819768,0.95,0.88,39.0,44.43586149585916,0.5617370197258533,0.19514061184872344,1
7.1569728006089255,57.43092389974041,66.76112807382259,47.67615497766465,67.09906229974575,67.14845242461733,48.59117504602091,45.88854569110559,3.0,53.54453332228077,0.0,4.0,100.0,0.9484075067956499,0.027554006031383305,0.22739012404575307,0.5,0.82,1.0,52.97592056383542,0.1434902757665581,0.1668190121595805,1
9.133723923734097,76.48785018552282,70.95654876306803,83.92359777147854,85.62515407351248,78.13444927230196,66.50122606337658,53.03169863349636,4.0,53.81665972532609,0.0,4.0,73.26771341527909,0.9341162964651422,0.1372772724888525,0.7998683891807489,0.92,0.85,40.0,70.06826702699053,0.939188021346131,0.673417797359409,1
6.791841497453057,58.02819068165691,52.05276934766866,32.53338049874783,64.11196465369238,54.189458236347775,80.52612321984095,51.94831064493876,5.0,62.945093600674895,0.0,1.0,58.29540201010368,0.3216775834863309,0.43070217812626505,0.6208827356112423,0.75,0.65,12.0,76.95533102659559,0.5697869225802111,0.2554356189777101,0
8.22206027065876,77.58470605723676,56.59080570484279,73.47065029164402,53.65951163375473,81.67733875661524,81.12030467581269,79.67968271928788,4.0,69.04824320007029,1.0,2.0,42.02033125198341,0.7575987502318939,0.10905163816352542,0.418070667930367,0.92,0.9,0.0,85.37127954503146,0.11503126726135826,0.15131543421054064,1
6.610235587822691,29.373409401764448,69.94673483692765,55.133805761208535,52.53861669063427,33.20828350958725,39.73161080231566,44.901023280501924,1.0,48.743204994296306,0.0,3.0,28.47654302150925,0.4331343590590698,0.3053352868245149,0.3087730936346306,0.5,0.82,16.0,34.503460761343604,0.30557691015976457,0.12680940238539012,0
9.7399040068024,100.0,82.54846540483119,63.44065399178489,90.20204304003849,75.6998274050551,100.0,71.65167692409717,4.0,58.10500650081948,1.0,4.0,71.60833815831226,0.7416626531956241,0.32842034215556226,0.7660618092582978,0.95,0.82,38.0,61.176810786141964,0.8694944546522961,0.7492896690011687,1
7.45670261495993,50.2626577507497,54.20029833389455,64.26780696090978,81.23951512006599,49.672910972679674,49.89477875419014,73.5154226301681,1.0,61.84237046717052,0.0,5.0,70.43547006909775,0.7130847393746536,0.32163049799564614,0.5603844551487295,0.75,0.75,26.0,82.49344404238921,0.38234055027423675,0.3037091663759337,0
6.8967895979581,53.690440347422985,54.318822347153095,61.63587597162515,60.05467271890759,62.525877929834586,59.74362191588569,65.53290988622192,1.0,33.17337105646911,0.0,2.0,34.9289361049415,0.8628788303155579,0.102239088833091,0.55019180496514,0.75,0.85,8.0,81.00142596469163,0.5761255937278469,0.38160440051041444,1
9.560795436547927,81.75189512965161,91.57092495426154,94.56495538319368,46.2998180878364,78.06109130719335,79.22885899489478,74.73585522158416,6.0,64.74286551651848,0.0,3.0,73.1634633259278,0.6243406072055293,0.269200471061334,0.4647552537210764,0.95,0.85,10.0,90.42905309994114,0.2539859937991146,0.26057065227339316,1
6.87658067624586,62.82904649438808,71.800968758318,68.71100013805741,54.49891891101202,68.00885388615576,38.527388499043674,75.30527728599124,5.0,72.23755279379681,1.0,2.0,59.67871698813941,0.71778173910177,0.1477507050466222,0.2536949275190028,0.95,0.7,1.0,69.75462773801434,0.38639676320187993,0.6292670269381055,1
7.657318406066601,74.42164547315711,65.57561353962744,33.067156360448664,83.11395274377782,58.81081692744128,81.12030467581269,42.58617320182098,5.0,56.699024505912405,0.0,2.0,52.64534574157412,0.35470409911769235,0.462448933991208,0.8055488512834809,0.95,0.8,35.0,60.86445890968464,0.8952497515193663,0.7703987617808301,1
9.13651814254602,60.829177891061434,93.34733930661523,62.997670580621445,69.33017288729637,65.47138754959755,79.22446156161135,64.81467504797287,8.0,61.45670870865182,1.0,1.0,72.30200704439947,0.489282636154639,0.4340143124931701,0.6069732356466787,0.92,0.88,15.0,55.71931015707051,0.3502310159082664,0.07665171408328016,1
7.10705192352217,59.20760363874932,82.2674775616839,45.45986235471406,52.006828966483845,50.65971685692838,66.71644850006996,72.81190265019443,0.0,36.149428841054515,1.0,1.0,47.69395617202598,0.46948815280667655,0.36115401363661537,0.5281748756791997,0.95,0.8,21.0,64.63938464695997,0.5962415200827367,0.5219049883776894,1
7.93113307615733,68.92583379568987,27.404937058698756,70.50640345906973,78.42806445698498,76.96086758298192,83.31194389129745,90.16044836290187,5.0,66.88506865335626,1.0,5.0,63.95410328274827,0.8781886243442236,0.18926031890219708,0.45220385242040084,0.75,0.82,11.0,82.49316046888359,0.4234906478092291,0.37471983543772897,1
7.083465121577717,66.5053581079671,34.85083310575686,57.29192564216661,92.82812282066648,71.48162396487382,73.61132207722272,68.67178114536584,5.0,79.66309419968628,1.0,2.0,99.25382384393106,0.9369561367386581,0.17034361657573666,0.39600419277078786,0.5,0.88,23.0,66.53912597500195,0.7796635441160658,0.7177189034880763,1
6.438862241928349,35.26029512859907,56.70313409313562,58.324629292548046,80.99880101241769,40.20157936985261,56.994773994275974,68.21217762366183,7.0,84.55029083886522,1.0,1.0,71.9838962597464,0.7991861707456686,0.3949919830711594,0.24510084531571644,0.65,0.8,14.0,80.39002014709965,0.580079068979245,0.36303894060773195,1
7.294245023247792,70.74240126542927,69.89421705856354,59.70111369516562,70.66124174881833,65.28185464852677,62.32132992319179,64.39780770985541,3.0,65.90453437042456,0.0,1.0,73.85698632548517,0.8736306879112956,0.1477507050466222,0.27519096852085634,0.92,0.9,23.0,72.73156259494465,0.6254357104695443,0.6424165352813139,1
6.00405636708644,35.035284042961166,51.16065217117527,46.54277389308861,11.592312569870174,29.475382014327067,53.02119120971843,73.0889707598111,2.0,50.83144249418051,1.0,0.0,60.011145388418676,0.6719966645144715,0.22010447150285356,0.6069440696098294,0.5,0.65,20.0,53.88294762849442,0.6936540037632496,0.35989119666581904,1
6.470918392463357,61.41546216948581,63.4982736052248,39.90387459139848,49.98407717018334,63.923725701644194,58.82108967742364,53.9594667199122,2.0,28.048072960807726,0.0,0.0,70.35553714554955,0.3916555826682416,0.27946094827925955,0.7645852843777158,0.5,0.88,30.0,63.8445034725165,0.8126379741216839,0.49742407479757983,1
7.236302375963373,53.416087585400994,60.949869214769784,68.73861989448521,55.39410142558222,61.66034519214169,64.37155640386057,61.366151372998566,2.0,12.520120360090637,1.0,2.0,51.824977689847586,0.7001540275744809,0.34297309497789724,0.44345839657803926,0.95,0.9,11.0,46.98637089136447,0.5767387892382184,0.591188580734687,1
8.256556082508101,55.78717638962784,65.20434404064827,78.17025550987682,42.84209014441531,65.77021599924062,62.94035203222884,53.68556861035886,0.0,62.15282827017222,0.0,5.0,40.16550881862176,0.3980131110850226,0.34372027183542986,0.508821515455885,0.92,0.82,19.0,58.017820378763666,0.5425669857764627,0.2908109050890654,0
7.077378913077071,69.31047058469792,49.804466222019386,44.40174699015047,65.71458769837447,75.36625377753553,95.22626544491875,64.44582618890354,7.0,66.09911719678426,1.0,2.0,65.48838251285203,0.8950018681948126,0.16863122220673132,0.6207759725075084,0.95,0.88,31.0,79.84751085355522,0.6570913950193918,0.20250052849361297,1
7.913805115695777,50.028889033490785,62.3414648885559,57.80533537251326,66.37762987291039,58.63321145951895,65.36428099974503,50.54026214572643,4.0,58.29701680556512,0.0,4.0,100.0,0.6599130224873899,0.44758204795403145,0.4884634380085527,0.65,0.82,5.0,37.86258337773327,0.39901199194504844,0.3670218171569369,1
7.259962189901699,66.8269300571957,46.41837309139701,87.95828919120399,50.23689208975516,69.80725565290251,57.62975575759172,59.616644315253936,0.0,29.93777878811363,0.0,2.0,80.26179390916691,0.7849176804904393,0.21191201778529548,0.590948767050136,0.92,0.75,34.0,62.94125512059728,0.6992270826263998,0.6805370947444347,1
6.041551940220522,38.92667754088402,56.20570817521276,51.85108960136636,34.712686935276245,70.97727557219032,23.119798130554763,60.42135733653843,5.0,42.22826393657708,0.0,0.0,67.40000051537461,0.6142966591219172,0.12952268227295,0.41185019386144167,0.9,0.88,5.0,57.61008366614228,0.3427183044896597,0.20996070821325433,0
9.545022973170363,48.46348299569193,80.049713354364,85.79965364604114,93.46989165351589,57.102745845979165,65.22110986249142,60.02243444347253,3.0,74.27953171644499,0.0,4.0,68.0278829305941,0.3851088038648684,0.6694785706368434,0.4836528958585755,0.95,0.9,10.0,68.48733765173954,0.2721394671940114,0.18020828783857779,0
7.1473240874814685,53.34350000886547,63.17190934715083,43.810351475805106,65.07559433230111,59.89320963966097,51.592493588277556,44.773079184836064,1.0,17.032272343258057,1.0,2.0,24.766161808837396,0.4699440267596058,0.12019997167372869,0.18906376880486017,0.9,0.88,3.0,35.27588883932294,0.2122239035727816,0.14742296710292555,1
9.566343544052051,76.26513341010693,90.29225968790743,55.2664223994807,84.52023908920818,64.04565152803552,84.80236388811589,62.127668673863695,2.0,42.329753558164555,1.0,0.0,63.59346844139322,0.37655016591300017,0.3735573700882136,0.292772164419228,0.9,0.82,3.0,56.90665415201081,0.222227393198003,0.2465856545321342,1
8.208032330861501,43.26918461285292,88.73780963612339,71.18972694994241,65.68268078424643,43.51899444598426,49.32472795776703,46.114452001533735,8.0,65.68993989771033,1.0,5.0,87.06606134369562,0.6804059985001389,0.45842503490730296,0.34152783060502223,0.75,0.85,21.0,54.0094258493968,0.30496823478790963,0.19443225281875676,1
9.229198951659138,50.78187469796957,73.74268563297717,100.0,65.22561161427583,63.04927139126611,57.20209544698274,44.24738840898801,5.0,78.19106216637084,0.0,0.0,51.17759562425134,0.3867328285576929,0.4234988094751483,0.32330726709792523,0.5,0.8,7.0,63.75488349942961,0.4609768825329638,0.3357463434123038,0
7.396544878437487,49.97113990450464,63.07785751780009,55.2664223994807,75.01318944262465,36.162993285677935,68.3458021277366,50.74454796348792,2.0,53.792483077788475,0.0,2.0,60.439903229264516,0.6860320723907515,0.36927038553225355,0.38649195034459827,0.9,0.88,1.0,70.44406941024486,0.23259207942916302,0.3494003056356701,0
7.580068128248317,60.22046391267885,78.91679225465283,68.03281353462664,57.441687981347,51.056912130899704,76.0932114414243,78.57117740217416,7.0,88.28323165792786,1.0,3.0,63.74088742352744,0.7773790059775203,0.46077747691861093,0.6543748853834915,0.95,0.88,11.0,94.64178874726242,0.636142650967027,0.64532473930904,1
7.915442844945294,68.80332726861333,64.75741665017051,59.778984712460094,53.830937075129654,86.72863376516591,69.0930322297835,68.46031183153927,7.0,69.68231839488533,0.0,4.0,59.33369074252238,0.7329818025206057,0.13565480486123926,0.21311197693619743,0.9,0.85,30.0,79.97768480034915,0.46551246441887534,0.2111264034050511,1
7.75259376618278,59.27896914757011,67.92757441585086,65.42614688761972,54.57668390937614,61.216663313603895,60.229340762680955,57.09259250390748,8.0,82.04766198459333,1.0,5.0,76.94234035389044,0.4335178066060703,0.49183052549627976,0.3703435193014535,0.95,0.7,4.0,48.47518708747483,0.24309936116748296,0.3849944351324571,1
8.493672662799003,97.8377638379955,68.38511680487,63.92787301651067,61.528614835799274,92.57071778124988,79.36336665310206,76.72601314987104,4.0,62.73956645578198,1.0,1.0,44.59617932489605,0.5498506424286455,0.12992393490961096,0.6457656976734824,0.95,0.85,15.0,69.50308487174286,0.8052325024396899,0.750995726182691,1
9.235071667728375,70.48250824122609,100.0,59.94954065855018,53.63305254994343,67.99309928316933,66.33689463847931,51.172063863722414,2.0,73.68604822063952,0.0,5.0,70.63693654490254,0.9190694613474761,0.14210074577733617,0.33113158440414814,0.9,0.82,9.0,72.69430028035588,0.32125144423082586,0.43743366590127936,1
7.571558138977886,56.52186911147741,64.4465366133006,64.97790271634653,65.75263255266667,79.80705400188106,54.139158453423626,38.12523701026538,2.0,49.267573025058525,0.0,1.0,52.736279965118726,0.8608839440322753,0.10618135604065182,0.7499458772451277,0.9,0.88,33.0,30.069232196319078,0.8214958383136641,0.39552541474145264,1
8.844710473936408,36.57246159317801,79.16613100546573,70.33763687479276,95.27894752986151,47.78474176055019,58.30220181123919,59.87200128897122,6.0,61.131019358776506,0.0,4.0,65.87344678226165,0.5918182379316541,0.5925143136439986,0.7155157923722137,0.92,0.75,33.0,81.26414127293586,0.6575859709825165,0.24213005593177825,1
6.642711888054852,47.00127335232956,59.55349883779544,65.35851585582539,47.51582057274989,71.8314066001018,34.921592135910366,59.3657888953674,0.0,38.289869322209896,0.0,3.0,37.662102110220275,0.8307695911632429,0.055495803946845744,0.297964559455397,0.75,0.8,0.0,49.94692772576266,0.35983777401352696,0.3544837214107578,0
6.9435181419641125,52.153915024790095,74.30300760294881,63.564141780330736,67.26690554925065,64.84781022387224,44.703977483342456,72.32122999595563,8.0,65.02353116758185,1.0,1.0,60.55611020113113,0.7601597727343092,0.2542662183690872,0.4592727768315344,0.92,0.88,29.0,68.36466250377525,0.6219894897046023,0.4516946458058882,1
7.062052019566721,61.27829158212015,32.6724517223255,92.50151807110473,83.25921792215317,64.56824414473157,44.07190076286412,70.53055591214786,1.0,70.22017027498221,0.0,1.0,41.943382233872605,0.33920208910976196,0.41883856100845196,0.3855390476646912,0.95,0.9,19.0,64.01689902260365,0.8202030812014242,0.8450062157110487,0
7.689814506440834,85.91261859425116,84.87399253556964,47.07702263518274,60.03772229497656,72.6910060068158,53.56146017392049,65.06785551344572,0.0,59.84855508075789,0.0,1.0,41.46378448074084,0.6319126363112162,0.0595988890960706,0.23602804126382182,0.9,0.85,16.0,61.27477974523379,0.5440222658138446,0.6750409126253805,1
7.196048550544648,51.173705391937894,68.15430091006213,56.465328673335975,57.15498131138991,69.45144922802226,52.94924707527967,70.53811084881966,0.0,65.68879305367304,0.0,2.0,71.43367674628158,0.8303968342085901,0.11751456470270595,0.12187927623066212,0.9,0.7,2.0,91.62313160766227,0.1830595792742253,0.1370271991883118,0
8.903999328404444,80.16379646721211,89.18911850954348,44.1208233777018,65.58435885517001,86.74745391471303,67.34645444788418,77.51133050489936,2.0,44.61243530298705,0.0,5.0,71.05508684574725,0.6335887752363485,0.1762234547819031,0.5817728510999415,0.92,0.85,25.0,77.08847992772141,0.542473518715539,0.3364627119533687,1
7.6677380710578,45.525937019240175,70.28450558820978,66.61620223459013,49.70435036337609,65.63042138954746,51.94896095560601,55.69990771682923,1.0,39.20720495425254,1.0,4.0,53.35905526691232,0.35361013225843124,0.44166704753481983,0.43589063896874386,0.92,0.8,29.0,52.27683528980793,0.5942973020857562,0.2454793781228281,1
7.310358785715584,46.77016154880805,66.68061423528235,68.43801877776639,54.42046125453757,62.00310468587356,44.64705541004065,69.89292200323055,0.0,25.463076901822728,1.0,2.0,46.34613738004604,0.3209488846551891,0.4676820718890547,0.47627648448807236,0.92,0.82,2.0,50.38377790970905,0.6035875171171153,0.5950298777015232,1
7.417630232720602,83.6075671983836,43.71702060079715,69.53027615207534,65.32652233384144,61.52800159515251,59.61819214619022,71.65175260911032,0.0,55.29691420992934,0.0,5.0,52.14730484984463,0.7370068850243987,0.08646715399536418,0.6237490065632861,0.9,0.75,10.0,45.48183825272386,0.5327256418080367,0.6893305725704848,1
9.559344829087483,97.66159997636535,78.79741971397063,80.33620574491972,91.78282534242217,80.55620282085752,82.0428487390642,63.000781273105076,8.0,68.8148603974235,0.0,4.0,77.9701461093572,0.9464219167804673,0.09320096453686799,0.6889537163552191,0.9,0.9,30.0,94.68901354449608,0.6769685291311045,0.7703987617808301,1
8.302860118660043,86.08753039289576,74.32176110833007,56.32173584850736,74.92377244897071,61.16765006133248,91.01016048223941,90.68391126011471,8.0,64.89339435748438,1.0,4.0,85.39413338479615,0.6441999451896768,0.4960957361213951,0.5092432171601383,0.95,0.9,34.0,88.81814219992751,0.8859144751349057,0.874662316921254,1
9.15667496723454,87.84789231981885,57.731244667582175,69.04314382044176,76.97625598354239,61.927304262046825,90.9158477756565,39.76961000092675,3.0,42.44799647811597,0.0,2.0,63.33826529386348,0.4809845703923916,0.16068307006964325,0.4684611732023187,0.75,0.9,8.0,60.62984850015981,0.34871917154076437,0.16552685867967576,1
9.374509281264695,38.03039431896531,85.26259623728087,83.33770622482795,77.51241948356098,53.102742733047236,62.0400220573866,40.88959559054133,5.0,49.511746376858355,0.0,4.0,76.7281897486222,0.8377264617843674,0.31172463562988917,0.5723849621139843,0.9,0.75,26.0,52.7479907990256,0.1927853078780686,0.012055306281659368,1
6.3914101996946036,44.59771661901138,65.69674516744944,44.71831570034069,51.96340018970562,58.297722711882315,49.393787199061755,80.92011894734902,7.0,54.31526365513768,1.0,5.0,28.962790122832175,0.5617041335780196,0.26354443288331325,0.5155167982026448,0.95,0.85,20.0,61.337837138281486,0.4512660461910965,0.19720258734927307,1
7.703314406048307,67.09916236671162,68.73387237020235,56.65862668476794,53.830937075129654,91.1060938746841,44.112226833196274,67.56722449063919,2.0,30.60578044181899,0.0,3.0,36.54282073209506,0.6785824649126649,0.03867781443839329,0.21236741346138968,0.65,0.65,14.0,66.39527587845656,0.5333017547792945,0.38200621959493636,1
6.978317445431061,43.20050321044822,96.0835201345468,62.997670580621445,29.86148730139635,58.79465308903948,44.56488884998544,62.779015397594954,3.0,61.43628426935188,1.0,3.0,45.39061732435947,0.5772278071757004,0.33822210629565785,0.6487199489600726,0.9,0.7,38.0,59.03437995886831,0.8038491562422715,0.45928546307479445,1
8.767824869836355,77.63664815417029,68.78549484785205,76.77574567784946,37.267917965511515,50.6119502978084,95.2859421037223,36.25488656554664,8.0,79.96290102899289,1.0,3.0,59.19164902143177,0.4310149198212585,0.40679140257224405,0.2512770591293147,0.9,0.75,16.0,36.78729421180367,0.48178188252018767,0.5049885056529745,1
7.509486545596732,64.98101870418773,64.23921630916587,54.43061015716978,72.55793694887974,61.84727375377082,73.58103722580985,65.25997715478448,7.0,74.14544330559526,0.0,5.0,49.77879270647939,0.9223347959835575,0.1432863062596649,0.6207759725075084,0.9,0.9,20.0,62.87913566940561,0.7374861279622207,0.49353082419000294,1
7.729447801164698,43.83529385539684,65.51352625019192,64.04889656072177,82.52430180802793,72.02655259925345,49.13183601028773,63.21966561032863,2.0,61.730979303202325,1.0,0.0,59.474906173541385,0.7023907251486382,0.21808831994975467,0.4749921556662058,0.92,0.8,1.0,72.69430028035588,0.276418359191242,0.12281422585208426,1
9.14180155131023,58.93262616977032,90.16754450012411,55.746518002215275,85.31832700065738,67.71790426213963,56.37006156910062,59.20395794067113,8.0,94.67328308469058,0.0,5.0,37.3874648432396,0.7315996999187666,0.2699298803918141,0.7220222386274049,0.65,0.75,37.0,60.273542990981355,0.6715804840859875,0.39642147399961025,1
8.899031472350211,69.67023104274968,86.196848756982,72.54535692553421,62.85028083230772,54.01491686452537,72.51341613980773,65.40374371722427,0.0,23.902774177636772,0.0,1.0,61.40854140193058,0.5016236946322321,0.34651151385801343,0.7801729522941236,0.95,0.88,16.0,74.30956630666218,0.626514290243505,0.427185539329066,1
6.3975373678581455,63.823526992758744,32.81317636244905,89.13895852486354,19.08425820455591,76.97281134679156,56.84135700406582,68.18307743107994,5.0,72.80658990997651,0.0,3.0,63.85634193645019,0.6655648525859235,0.12770335505823907,0.6099371892862897,0.5,0.85,15.0,64.50368099551383,0.5277596615837575,0.3146716972310769,1
6.19203675687022,38.9734285008452,46.82694118135723,62.11841118433209,63.72719039058308,35.458230560814926,46.531377339193924,60.411357758191684,2.0,49.332291469678985,1.0,2.0,51.23577134146742,0.8693569446746456,0.11978717426217209,0.13034145907684444,0.9,0.88,1.0,84.01014933684658,0.11705269339653111,0.09714102531581262,1
9.221780095449887,49.57792025926497,98.33884106997351,57.80533537251326,62.315323938241995,61.482232585265166,64.434193198427,65.3391245293523,2.0,58.5941062261872,0.0,5.0,58.004038889544404,0.39805283477635967,0.5276569379372575,0.4725824875995708,0.92,0.82,9.0,67.49941429234565,0.32413038210811407,0.18251540797365212,0
8.697637849668956,87.76658805069351,67.98480151195076,73.28646701085013,59.902774855647166,74.38299730187535,83.62171209232015,59.616644315253936,4.0,32.447232936529204,1.0,1.0,60.529268818952765,0.6793682008435311,0.17281091033626628,0.49937923474556056,0.9,0.9,18.0,72.2036076242039,0.5942973020857562,0.5450036767715143,1
8.806605468538056,68.42082750264714,74.561726522923,77.63225723767701,54.89464844059539,86.38554845820515,58.26839113620107,81.73460859717424,1.0,28.25996697025092,1.0,4.0,62.15432141312637,0.6628728289896331,0.2042975265711168,0.4662083102769769,0.75,0.9,30.0,80.79591505985778,0.4641640710116722,0.31888069192248697,1
8.671527169655793,94.12906621184248,85.21066522699715,55.796514557875476,47.60999333668852,72.6374093584424,82.38766547379214,93.78310231477816,1.0,44.514482407244216,0.0,4.0,31.725929168062216,0.405638402164333,0.193402798359573,0.38461396228809575,0.9,0.88,36.0,89.01227324203754,0.7042010034715266,0.5994573004239377,1
9.214828732970053,54.471168973451434,70.27020400485112,71.95028042535681,80.42451652697756,60.694506466284196,74.25055593378127,54.237417130434146,5.0,52.69985692594537,0.0,4.0,49.048622341186245,0.4784870497030731,0.49835641074444786,0.6111456576314054,0.9,0.9,34.0,46.43541508044915,0.7042010034715266,0.3809997622598366,1
7.596845420323265,72.06866121153244,80.96877793291485,73.51572298023864,68.80519943390831,55.892212862074196,70.27193892651708,56.162429266715286,1.0,37.84735870481579,1.0,0.0,75.72847175744967,0.9431424716122452,0.14518897391747942,0.7653927262970668,0.92,0.9,40.0,63.205726758571664,0.9512349834994305,0.7835673053530886,1
7.9832901889231636,59.02517653959614,89.59914708650993,48.525998842281446,66.18392532844317,42.69539008707319,65.84282572419521,38.39679082198397,3.0,58.63895512687074,0.0,3.0,59.4846407024625,0.4817742419843309,0.48575089978967295,0.6435807117297303,0.92,0.8,9.0,53.007503255851915,0.6890622215546889,0.742766884727602,1
6.936138518776262,60.185997512972236,40.87755929609391,40.632659776088474,83.05509027203924,64.75197152272206,68.05176584681517,59.496426248864765,0.0,28.048072960807726,0.0,2.0,53.20260434661354,0.7149318522008559,0.124022606570171,0.7300583108780079,0.9,0.82,31.0,34.33559096316745,0.7624763870214668,0.2487453165718438,1
7.41626889696559,63.722516796732606,58.88706438566876,78.37916985089389,76.14867412302242,65.70422517088303,58.33907381525318,66.67120528518052,3.0,66.09911719678426,0.0,0.0,69.76145069671173,0.8392504813032255,0.1872869542654065,0.7810477306702643,0.95,0.88,32.0,53.181149142302594,0.7615127054967579,0.49160350116487767,1
8.04986348292468,79.57997665960633,69.4176724005136,58.88901255865892,68.59475264300167,74.44755112718988,65.63309512615966,72.26175692423938,6.0,51.77996216825603,0.0,3.0,59.08324062065559,0.6485965008570491,0.16086564634740907,0.5588409435727483,0.92,0.82,17.0,63.60331413734722,0.7838460878697512,0.6879778023507648,1
8.07855359279723,42.96221366978843,63.89577417943064,61.12061764281995,66.99689190129676,46.35318061256035,65.33187838462459,79.34986813481261,0.0,5.088929966973062,1.0,4.0,63.85634193645019,0.3789952149823595,0.5963100504370876,0.36593527543816146,0.9,0.8,4.0,63.965743268767525,0.23333801751354863,0.25630879286438757,1
9.226118005974445,100.0,63.80108260695718,63.902760495061045,50.16432550052031,84.50482118660314,92.65102665869088,59.59399142282417,2.0,36.1126442128446,0.0,2.0,47.722884668668904,0.3274257530546795,0.22674639554161446,0.4337825403105831,0.9,0.82,10.0,75.87510440036779,0.5290340539824456,0.7777742536509086,1
9.604852895108037,67.16404012926688,59.56447425615214,88.83555603536595,87.61638819971137,70.37380965721457,74.99860669314589,60.18268960266788,6.0,47.710196771691585,1.0,4.0,88.6910118651721,0.626367864467364,0.4234988094751483,0.4560199205821405,0.5,0.7,23.0,53.696932029159456,0.5381470416440933,0.5083166117977795,1
9.013418920046597,99.11238474916895,53.211875375111816,51.102214552923456,75.44395242665809,91.38350096630874,84.21356292941459,61.262487237848084,2.0,33.61541655041563,0.0,5.0,62.94967167074159,0.8693747558955078,0.023617293400793316,0.2386704670827478,0.9,0.65,33.0,73.73685412115572,0.36220577795787445,0.26558537945273736,1
7.265757811840424,57.22027145667374,65.7509659929865,68.72349294526798,68.15858489894278,80.05141839928513,48.664306353428614,67.83582730425137,6.0,78.19406036813152,0.0,1.0,97.9931082239876,0.9041386139345129,0.1931092885009563,0.5942113738820917,0.95,0.85,38.0,57.765491662701066,0.6253306509812804,0.37327143203294005,1
7.831716886428133,75.24320048504295,80.33343973340534,56.90529533627757,71.33993713345485,75.44653366898793,46.78365401450118,74.01439936429945,3.0,45.70506540663866,1.0,5.0,73.71361444427008,0.7143503760593439,0.1649380983838118,0.6981621597199401,0.95,0.85,36.0,70.71798157326967,0.7424810773264069,0.5450036767715143,1
7.8091486753789106,56.30975230456723,64.9829573323757,65.25221903602868,65.78768403688429,55.29348628181526,71.44770722385618,58.14910986940679,6.0,46.676314931321116,0.0,3.0,43.64094238198388,0.8485173629868559,0.20772012399326606,0.5076670660099751,0.92,0.7,27.0,47.9908442463314,0.774361609120844,0.5199041803463325,1
9.020052121986772,55.985826799154445,79.04084200607562,75.45850792937024,73.43643224313298,69.75088989839581,51.994464879611314,34.501825742227034,2.0,64.70198616864718,0.0,1.0,86.54867699280443,0.43819316438121725,0.446211849920951,0.3108947818622099,0.75,0.9,20.0,36.89632795129934,0.5460260253117037,0.5138473805174842,1
7.641393511801832,88.45502776115381,46.22441879351902,59.235422131870436,60.78128353617362,81.32710848388062,69.69355716724654,50.223235819987366,3.0,54.13602503203145,0.0,3.0,48.77403939167729,0.7607538886089089,0.04280230068547895,0.4490808674812838,0.65,0.88,13.0,54.89090509283611,0.3437992315348969,0.378435744061219,1
6.2511010014937005,47.93856152935389,43.23233361416703,42.33232744537386,69.01090065494016,59.36191146784334,40.557057057671024,19.732634341805344,0.0,72.10607166641574,0.0,0.0,63.425914135166956,0.430032196000509,0.16198061539020722,0.4556686132546057,0.9,0.7,15.0,27.130887901726396,0.6505317304535841,0.3152043086229534,0
9.239052808135012,54.43084981813596,85.05302950175845,68.58944728708441,87.5297993906007,36.72002444142243,90.66645165898163,77.65004196170757,6.0,89.5764156193278,0.0,5.0,83.95409357080214,0.7748088207176824,0.7489462938923093,0.6798470150754443,0.92,0.9,25.0,65.97368103760327,0.7671544574652508,0.7701746331481722,1
7.9845533971330145,62.19769206648322,63.3320113365261,57.711678017973625,83.54496431045297,67.20882919291499,62.55284777921888,44.67265456413661,7.0,54.27551189811634,0.0,3.0,54.611555412183385,0.7249157312127451,0.22072407769845231,0.6048200773371438,0.92,0.88,34.0,53.47468925889486,0.6567602358894067,0.36583260349171787,1
7.89693805660445,95.9826314875304,52.879625632956646,53.955885145753925,58.455446293139545,100.0,72.52624471559625,75.00217868456441,4.0,44.027100575818565,0.0,2.0,80.63692256682333,0.7013124922537151,0.05900749062853236,0.2199667647166985,0.92,0.85,17.0,95.30289478257734,0.4269827859542391,0.4733442421936986,1
6.3715943902926835,54.749907060087686,57.69607250207424,53.836726869796074,42.14657544372852,66.61929075660683,48.209507250211495,41.27965108010682,7.0,66.3632426383907,1.0,4.0,71.88474850768077,0.9168495050221215,0.06780567291465063,0.17220928044756245,0.65,0.8,0.0,37.86258337773327,0.4062968726367724,0.5421102249320277,1
9.024908513979438,60.89002425428227,66.61936192068457,74.12276006573616,90.83217217135945,63.41919524317482,74.22108125129165,87.41594070859807,4.0,40.9868106625937,1.0,4.0,54.90683970289755,0.553665711508565,0.560297774141341,0.6069732356466787,0.9,0.85,38.0,89.01332981870249,0.8467247850496412,0.6689893716874363,1
8.02012909104267,50.62731759650995,54.67123062864556,72.36481649945888,78.24031973692557,70.8341811572282,71.09489804235685,55.167248315964585,7.0,60.221981439264106,0.0,4.0,92.69527523797686,0.9024488640994417,0.3357463454292174,0.5749054998499044,0.95,0.88,25.0,71.79709559570334,0.6011201375571219,0.2903988926163791,1
9.430081946924945,83.748730858649,79.450082712974,71.03411974897644,68.46943944476128,86.35467739344021,69.14217287051775,46.61132815807571,1.0,40.85815566102997,0.0,1.0,44.91940564732518,0.4971551079409865,0.10684228061874555,0.5064340053267855,0.92,0.82,5.0,61.72284131624764,0.33462555229429297,0.2686551606434856,1
8.437879372695255,68.92583379568987,92.99913362472384,58.11695999820941,71.19067255206603,69.29619956002348,60.67887329725973,63.56509856295389,1.0,62.06392836802471,1.0,0.0,57.52416086081081,0.5918182379316541,0.19120859400107848,0.5354547537251203,0.75,0.82,36.0,40.918874994241314,0.7042010034715266,0.44083588686817393,1
7.151265589581747,75.83486777893464,60.9391411662274,53.41803752276378,57.08330325257001,59.41299052987842,84.15717879481858,72.21596153281986,3.0,48.53404598802234,1.0,3.0,55.08896739511845,0.6857171568231631,0.2944665022378256,0.5727829841632351,0.95,0.9,11.0,86.36289903001017,0.6765279043873283,0.7152887715536724,1
9.692940419031677,100.0,70.27020400485112,66.89472514298434,82.25863049578945,100.0,93.01222444532436,64.8956094056274,0.0,47.710196771691585,0.0,3.0,71.73863688082278,0.6658533510241039,0.1945373393192878,0.6917244685322615,0.95,0.9,21.0,72.94394969512572,0.6844872848704963,0.6799704379948291,1
6.874813165400547,53.26286834754579,60.84190056582702,48.57087781162387,73.02130373396699,63.69464861692103,50.9057015457242,91.30867619633098,1.0,23.694902405149023,1.0,4.0,81.90826153018256,0.8857650861178548,0.2116874022843924,0.2893474130408953,0.9,0.85,1.0,72.13795594071979,0.38284543061249166,0.575570591442004,1
8.659148589438452,68.11355180084031,78.09481136246715,51.909287713596484,78.9627265291482,50.36002305079398,77.93028848641835,57.16476019537354,4.0,73.49941438808575,0.0,5.0,84.90364485044778,0.5766941016975902,0.41823963018890536,0.4834990156638988,0.95,0.88,8.0,60.159014195072785,0.31147293752840743,0.2769947890737974,1
8.95171817463043,90.89870089029137,79.93033120689614,62.7578379451519,65.655617677893,87.62668454881063,79.35168310924529,50.47938640555154,4.0,68.24758935822805,1.0,4.0,37.436841855837365,0.9251794037875851,0.04132021071636835,0.37815346700929836,0.92,0.85,33.0,61.176810786141964,0.8423703425644311,0.7229337777560818,1
8.762579534290154,82.88167123958391,67.19985556629908,68.009946307128,65.18754333190658,91.93489916055907,76.42523418343046,69.55941613620838,3.0,79.83847834698273,0.0,0.0,100.0,0.7484788625354026,0.16883666765199593,0.1847202608305514,0.95,0.7,30.0,46.1267027623648,0.6136633121138974,0.5221932636719929,1
8.261719538076619,66.81572515027797,73.84939916296622,43.173538259780955,66.54835605564038,72.6910060068158,79.36336665310206,72.26175692423938,1.0,59.82112957692919,1.0,0.0,30.242499805231425,0.4870080075425639,0.17390032483603765,0.5724392866728825,0.92,0.8,5.0,50.82537369601044,0.2479089006843828,0.09625163266056334,1
9.39359944206236,49.65907413755128,86.32208300311356,91.77494370033443,90.24437443012035,74.09316590064896,33.38814484094825,39.65884746297468,6.0,91.10344958753763,0.0,4.0,43.87177043715762,0.46602554461759715,0.3386064109827232,0.5414008886152936,0.9,0.9,36.0,44.39972533701999,0.6519452706360941,0.269318186551937,1
9.671681266144091,64.07325589675023,89.76285019614738,69.356827688828,65.17836776599914,66.18578883179926,88.04181356102545,44.68445146354847,1.0,23.683659807508946,0.0,3.0,82.32535750842123,0.6931669374162754,0.32163049799564614,0.20878890886734208,0.65,0.88,32.0,44.1677407947257,0.36381083033983186,0.14328676601737003,1
9.341764587253204,78.69582399164378,76.73528911050684,64.61288178829832,65.97942781992006,84.50886789987112,70.02162863352957,60.43480486508147,1.0,57.33237004607733,0.0,4.0,63.59346844139322,0.6924821269009027,0.13317827606620636,0.3700528183418175,0.75,0.7,11.0,74.52127362532651,0.34268773146643094,0.3408494169728991,1
8.96891733463976,72.20907272635449,51.74155565591525,68.19719514642543,67.20680696935601,62.00310468587356,84.03678607001001,59.21227804028637,0.0,11.993383487821418,0.0,3.0,64.71283701544677,0.4355871849602268,0.4506801059791214,0.308923639632205,0.5,0.82,6.0,58.669244144092616,0.42222320636055316,0.753078361514802,1
9.409748359065556,66.36759688382952,90.16754450012411,85.77283945503648,82.0593105496262,52.86316520268494,77.05166941146314,55.9493479811373,5.0,64.83348860613694,0.0,2.0,85.26965207649057,0.8854677001297,0.35860324989431536,0.6241954628620819,0.92,0.88,15.0,59.848546791989364,0.6154014689465768,0.5197640447971275,1
6.794419102688518,57.90558270306793,54.86113378877397,45.667520885346235,67.54753491421233,54.61847166172764,73.09902710530696,51.172063863722414,4.0,60.67590423643941,0.0,0.0,36.43268334487493,0.5830972852660548,0.24540938129454257,0.244721697680068,0.5,0.88,19.0,64.3508065597173,0.5037140698014765,0.4596730353075113,0
9.718809746821668,72.35625197253626,99.99740777004986,100.0,69.19402714885906,71.60923257895952,65.71703853993756,49.96849629638646,0.0,59.465128377866925,0.0,1.0,54.53850969932102,0.7887618983163254,0.2620855080601834,0.5274353314058731,0.95,0.85,25.0,65.7771929894971,0.5943852034849362,0.5978306569799186,1
9.781035785830479,100.0,90.17493650660344,94.98611039777691,68.11507238345554,97.79329677551597,100.0,71.45102927825084,8.0,74.11829265524783,1.0,3.0,100.0,0.9086358611063419,0.24540938129454257,0.6065593920703566,0.92,0.88,21.0,82.04121004068489,0.6115573234033316,0.47734436118684226,1
6.368351258799392,52.153915024790095,41.553716086491065,38.74654714804439,71.95053241422083,29.475382014327067,74.61675093264336,65.41125109605434,8.0,35.18188984092377,0.0,1.0,56.56603774295846,0.33537225932739323,0.6475690772097449,0.2389323217793488,0.9,0.85,11.0,58.29468656601361,0.3971805653539647,0.6881250728774586,0
6.223624441863241,44.99119095883822,58.989550583459945,42.858456098470626,45.72051027516535,38.281713499857496,83.6038685262407,72.77696923448369,2.0,34.92771614300311,1.0,0.0,46.6294174163635,0.717589950960979,0.3237977314081815,0.49237462422654826,0.9,0.88,4.0,56.969247112685416,0.42057571501415686,0.2843935504392711,1
8.680035156015077,68.84041938287504,100.0,50.34023998274039,70.67791494565347,48.65830823873668,74.68828222928337,81.63075653214564,8.0,78.02644599556209,1.0,2.0,76.94234035389044,0.9137153961690583,0.23640205299151826,0.681895287964484,0.75,0.8,1.0,60.404003635772256,0.4602529784406115,0.5063962644861023,1
7.115656279513398,46.230929646009585,60.52711364848445,89.83787210659958,64.15087111408835,50.68203198235375,48.091015502430366,37.69863664898113,3.0,39.95844260588758,0.0,2.0,67.39834622560966,0.7791142502044017,0.3313614890296162,0.6653140650708591,0.95,0.9,37.0,45.485755538503824,0.8962811885539541,0.6190614364785213,1
8.47924561477992,50.31578381051136,63.26248747520263,89.48636482326253,77.98318425274883,72.48300263755299,58.81060856812306,44.82860907611685,8.0,76.09199211667746,0.0,0.0,53.39530371852378,0.811014852767354,0.26715645919009184,0.5950219335616246,0.75,0.88,13.0,84.64164093791919,0.6219894897046023,0.3989605594661986,1
6.256022359505423,61.02664683131765,55.282526784172425,43.87164810608801,52.37595008341119,35.11225601003987,69.70231312760316,53.67263971703608,2.0,32.1131415045886,0.0,0.0,63.12966240399465,0.614424683175194,0.16086564634740907,0.37541292891546096,0.9,0.82,34.0,46.83995565318516,0.5607157923470195,0.20353211204568972,0
8.083438607861117,76.79486961995617,39.659036181891196,64.05739552804309,81.75666223561163,67.30400087445095,90.01287720517553,50.34231363751864,8.0,68.77954327891524,1.0,1.0,55.68170921788635,0.8361498617728826,0.11190517112031098,0.39630512064556883,0.92,0.7,23.0,45.6780160565137,0.4113448122919133,0.1984102552249791,1
9.778222880820476,100.0,90.35662421150786,74.46881630289613,87.18607176401898,100.0,74.0585249297776,33.06370321357565,1.0,35.95066870735182,0.0,2.0,63.381679644253055,0.569307031088297,0.085114007978933,0.5460958461029677,0.9,0.88,21.0,63.24718420210258,0.616114910129764,0.5964083855712182,1
9.563740528904935,67.33489436210158,95.12448641740583,70.57296157665408,100.0,63.91352961510039,57.50119223016825,78.873089667423,8.0,85.55158351710125,1.0,3.0,62.37502325784544,0.7727038585739456,0.3034355431827376,0.2990043414207554,0.75,0.82,2.0,73.8799850235205,0.26745856672695273,0.5179683277010013,1
8.105128278104067,47.93856152935389,78.56864625586327,56.32173584850736,81.47140617750082,65.41468218766825,40.155405312323346,44.987523996734595,3.0,38.66530151498434,0.0,4.0,70.73742353754758,0.7711427604846212,0.21320613726550441,0.7284595521993862,0.75,0.82,2.0,40.379157921911236,0.6050137020627171,0.46487660788922386,1
7.857813545588549,59.82148851596044,43.96587908973508,61.872236905227695,77.36174457726666,80.72303129662993,62.90091688784101,56.35015296147911,3.0,40.32398358271972,1.0,3.0,84.81504610524796,0.489282636154639,0.29746537179511845,0.42849784887677145,0.9,0.7,20.0,51.79845071876464,0.5909961798571685,0.30452719449075816,1
6.180021276020831,39.10660667898407,65.43958780671696,44.03653770053387,40.11038539716887,23.18494957740939,58.37780252636297,56.2871494945792,6.0,5.088929966973062,1.0,3.0,50.00777677706426,0.40847511534936626,0.5428761615626924,0.4630876331648583,0.5,0.88,21.0,65.75647023391801,0.47308700506374196,0.46566035868034855,0
9.557472340232746,71.34385396322278,98.97536386551283,62.20448751830178,58.27302430228231,69.10763591712885,96.59727215619893,70.63248481552415,6.0,76.86819270250066,0.0,3.0,69.88812377023149,0.6517244657684774,0.4319573018059876,0.2621385658993411,0.9,0.88,6.0,68.45452182257922,0.5603656302739943,0.4972917162640773,1
6.357473459739704,38.29534867460697,76.73528911050684,63.11750945941628,20.86985223232341,42.162198607957556,59.58930360111512,79.48357282760158,1.0,52.462624476959476,0.0,3.0,57.15075888579617,0.6485965008570491,0.3507846989573657,0.6961461565680798,0.92,0.85,22.0,71.99483457522994,0.6330163098280154,0.18714901486818625,0
9.039507560902578,88.18132473726266,66.45067377442167,70.50640345906973,46.65619358489992,82.13357631832179,85.06496549176529,60.7755208672078,5.0,60.86577722568704,1.0,4.0,40.077413961266856,0.6237725960903393,0.07650360208768744,0.25184492992461643,0.9,0.7,8.0,47.638303737165934,0.49450934930857465,0.3719602033784986,1
8.68054418883925,69.28181347555082,58.60052660731201,57.53298323637623,72.55793694887974,67.99309928316933,86.45715655801982,41.28526118549949,7.0,54.603163059200334,0.0,1.0,50.77931925014555,0.33810751554750484,0.41296095567378166,0.6854967317732171,0.95,0.75,25.0,46.36069197147667,0.5032969410567961,0.2111264034050511,1
6.697426269745212,49.730938054452196,46.274632430444285,83.83938804696533,57.734419644454064,67.12595524890214,37.4462860893047,65.88588825186916,3.0,23.206184470787793,0.0,2.0,100.0,0.872648908132519,0.15374736684107052,0.6620620176944738,0.65,0.82,8.0,64.34189097288217,0.5074435366665099,0.39126043134014843,1
6.092913195351657,27.624267696566946,70.95654876306803,55.84001318430072,38.003076740940216,45.087999535169445,33.02713124308222,90.44680438543358,5.0,63.000134734621696,0.0,2.0,38.383773649663866,0.6109527184691416,0.36009046194292993,0.5484622904669868,0.95,0.88,31.0,62.249340738678654,0.5291274365883054,0.24656902689081198,0
9.175014752822149,68.87703634032499,78.44496322102573,64.13255266138688,93.67086531964195,71.63806893630765,82.3821051572252,58.68616642441125,7.0,75.49897398129949,0.0,3.0,98.8550919817756,0.8641332119961018,0.414980011292601,0.60680212761067,0.95,0.82,14.0,87.37249940904783,0.767356444110338,0.658103273511484,1
8.289158961747502,79.43732957462404,67.83704379952707,59.363173652638004,88.32926125549722,80.84392168675429,57.50119223016825,65.01708922925854,2.0,76.79017728057741,0.0,2.0,73.25283639111477,0.5162738605104265,0.26293874756857066,0.6833086451753505,0.92,0.88,38.0,84.54337243503456,0.797651767123939,0.6343303786654436,1
7.049587981134951,46.86291550393175,50.80548641406997,47.881857382699884,75.85908188210031,48.50918397242563,71.38259149999463,71.72340523789137,0.0,62.73956645578198,0.0,4.0,69.74058631092709,0.5610868038465209,0.4036558995348524,0.4672448077785293,0.5,0.9,11.0,71.8578726708412,0.44303049046208004,0.17623675071557096,0
7.910924760525343,78.87541259149563,78.5155404030816,35.592616271120406,61.59038439881012,70.64783059326892,66.85648798320895,65.44620572598889,2.0,50.249898418361525,0.0,4.0,46.6294174163635,0.676568282768697,0.08912668098928678,0.16557382954199662,0.9,0.8,8.0,61.3551739433551,0.3050394262924582,0.45345236655635174,1
9.395097230851881,75.31336168975812,81.63592261707646,96.52783944774363,71.17635601331011,29.719181518847876,83.2707850501868,59.51809044535622,6.0,80.50489054164943,0.0,2.0,60.86913528814456,0.5171443654750358,0.5331868715742557,0.41225849090880384,0.9,0.88,8.0,55.46452923328863,0.3545025091434647,0.6702242503242055,1
9.77546338779002,82.4349451697574,97.50302964369001,76.96558966709075,83.12065138132951,70.94462672358553,93.83695897065462,48.017541086508224,5.0,80.17811378631639,1.0,4.0,99.17241499514314,0.5823952940439607,0.6034622902838196,0.44172327940014805,0.95,0.82,27.0,65.75647023391801,0.5473477318285502,0.6783460385719763,1
7.69507699309686,50.29243185188248,87.57515733269636,50.277530378055594,39.46452240955351,38.281713499857496,82.94403867917595,44.29079440543366,2.0,42.17397011443366,1.0,4.0,69.2336792159887,0.6700559844456606,0.4164841326282958,0.292772164419228,0.65,0.88,8.0,56.744588685214225,0.3397307736330412,0.2538770687569595,1
9.621017701265032,100.0,74.21634994217958,81.50260900705128,48.713425795120955,86.61211897570064,100.0,71.43082898081748,2.0,37.8008131925209,0.0,5.0,67.91168645716165,0.7849176804904393,0.11595745745249965,0.6235195250460053,0.9,0.85,29.0,52.97592056383542,0.7558098028540912,0.7087579015467625,1
7.975063906844204,48.2063237069173,67.76331619440559,68.03281353462664,41.707981004260176,57.39581828097501,68.52383327523958,57.509879170118275,1.0,36.503526480403906,0.0,0.0,34.93170490671555,0.32905729083821866,0.30297806275268163,0.2936575961739652,0.5,0.7,15.0,45.4992840238572,0.45222005476606625,0.08946758724350352,0
7.130165444555605,27.83933900180402,70.58046705170702,78.48454119210182,55.66341063402028,43.79233873696939,39.43479842448504,46.821355421139145,4.0,37.82668358299959,0.0,0.0,30.35328721156188,0.3249641612183055,0.3906878106260568,0.3629596131044413,0.9,0.7,13.0,49.7763278359485,0.4731295389964328,0.10123654122032534,0
8.963505406714784,73.42479155762008,60.825842929877076,73.7148383547538,76.72017082808715,87.83087509132068,68.07143042375529,41.131136257171704,5.0,71.11393983707441,1.0,2.0,88.36114512732829,0.6480190134565195,0.15858817506306147,0.7300583108780079,0.65,0.85,13.0,51.56197430072893,0.3876668142190658,0.09882898097991759,1
6.672605362261097,42.883167340762014,53.29068783848867,41.381171627010104,54.788650480542096,76.49118333613369,45.89281050341026,53.23480900618661,0.0,54.20714772628831,0.0,2.0,34.6099772979738,0.3066180265333182,0.30205621636966784,0.5090450025080377,0.75,0.7,12.0,67.74207873967454,0.4314582194356227,0.07794855195418948,0
8.304821981550191,66.40890608680043,63.903540740660375,85.02337134689,66.37762987291039,64.9896988538274,57.00371633139867,50.178055353227066,7.0,77.0718755447616,1.0,4.0,69.77705393554162,0.34088780889141923,0.579021448952346,0.7551094615812015,0.95,0.65,19.0,66.04819601573216,0.8171175971358039,0.7996786049111863,1
8.507983731444375,61.741987918785604,62.567132989175285,60.62575650000051,66.82235786524282,57.145549616645695,64.46255637058373,69.81584379447146,5.0,64.93889160921536,0.0,4.0,14.895681678887094,0.319801507345363,0.2886431017686077,0.5354547537251203,0.5,0.65,3.0,76.20758116071231,0.16416223588618148,0.10634354336234939,0
6.780483131155146,66.67175178028769,58.71024013065204,43.76707132221587,60.63047389230568,81.83274040179043,56.74183598768546,69.53444160989966,7.0,57.59136081670069,1.0,3.0,59.33369074252238,0.8623668637922015,0.05283459829480394,0.4973738657127536,0.5,0.7,33.0,57.935724873720815,0.7008388471927878,0.3377639477306208,1
6.498213033499636,86.70216217159734,39.92447770400845,55.970574094932324,61.02323673627396,82.13357631832179,65.18739885989694,58.75742564395437,5.0,66.4509724691165,1.0,0.0,70.0395909292297,0.6531681353647061,0.06609578568706204,0.7446897928642917,0.9,0.82,34.0,61.75029895000565,0.6748434327699461,0.41699875517824825,1
6.794419102688518,56.89982287326501,64.68771821674505,68.09935145816252,63.04811914113282,51.93695177468644,62.66672958150642,55.74069503775093,7.0,89.15588881684027,1.0,2.0,89.96957995107209,0.9027200571590945,0.2870223739840558,0.77422297708458,0.5,0.9,31.0,59.73318827979374,0.7943992572520635,0.544909323924563,1
7.028402178629269,30.194685833659022,59.52794973346361,79.93470086693067,56.16259282174404,43.232978779901615,48.80219245031667,43.9860029716159,8.0,66.82618325425645,0.0,5.0,59.999728199440504,0.538405504162599,0.5754981690102338,0.3182323833022274,0.92,0.85,14.0,63.21437701730155,0.4234906478092291,0.29535031794116934,0
8.419347063681963,71.90456737460659,67.01256816989115,47.63713007823075,64.47397770550023,69.35274390977038,85.19886662676163,64.34355218168892,7.0,63.8842205827316,1.0,5.0,52.04175428282166,0.5070724304627164,0.3520494206059373,0.6414572371066732,0.92,0.85,4.0,52.0486321633446,0.4982967618436162,0.37471983543772897,1
6.5704923156471775,43.04990486399007,46.66057026875376,64.46379534943497,82.56502708526158,59.35847501173929,50.403962730513584,91.69723985839522,7.0,76.14042520934657,0.0,4.0,63.23221987290836,0.835637759846626,0.35669968203816865,0.5689501143250221,0.92,0.8,18.0,98.8542826758939,0.774361609120844,0.6183702646956746,1
7.659526079082977,65.413528982403,47.80206180298788,59.63396077322452,66.6982782595623,44.368521753532896,87.29230571260473,70.58761128670074,3.0,48.62690555192861,0.0,2.0,51.96941119731675,0.42820634251431966,0.41763128793673077,0.24510084531571644,0.9,0.75,6.0,71.15539241828318,0.3450411966826694,0.4613803617438961,0
8.312907059981779,84.11109863001892,38.88028819103989,83.52871514649794,54.89365638905489,91.4949717420975,81.02668196466934,85.2070837681939,5.0,26.14459534276561,1.0,4.0,65.82710047966557,0.4686517339399011,0.266098800271969,0.9232063744524892,0.9,0.88,36.0,66.17618116402697,0.8007671608897018,0.45365367435751064,1
8.201034361979206,58.73784137815938,71.17973824657417,54.8408578326153,71.0352958804112,63.544520538453995,60.24317832338908,41.33031941010872,0.0,72.50568929339548,0.0,3.0,70.22751842542867,0.7734762567338571,0.22300334869516392,0.18922060854243544,0.9,0.75,10.0,45.16660751737555,0.5174728657819732,0.64532473930904,1
6.439675835775832,35.5896441172382,46.674068878269516,65.66576557913622,54.561428350973074,48.76696160777272,36.86699413964681,50.63692319793992,1.0,55.92558936014777,1.0,4.0,60.196328194878085,0.373903162345011,0.41765040238677736,0.2942402628689922,0.75,0.75,11.0,51.00878210320648,0.3294062954113958,0.27525070941699287,0
9.656359956431869,78.74680143721206,93.31993162202696,74.63871017550537,86.66297691172866,91.25034602051299,77.34125677988713,83.2803444274877,8.0,65.38585711708737,1.0,5.0,66.11440286152383,0.8865691818545209,0.3095705640541441,0.6854967317732171,0.95,0.88,38.0,92.1546475486725,0.8952497515193663,0.7488843706506652,1
9.556965566186062,95.06411305692222,88.62123024845982,60.566891087383354,93.46989165351589,79.13629815127243,79.90265795204569,59.398496132641256,7.0,55.5332910911256,0.0,5.0,59.94435742816657,0.946249414291916,0.07505417766017221,0.7653927262970668,0.92,0.82,38.0,84.7556330183615,0.8748923776662106,0.8148106083940644,1
9.64235811710672,91.96596905746888,79.01335248539205,87.66037792958393,71.8569855867536,69.86602669759077,100.0,83.7041712497399,0.0,70.06090974122654,1.0,4.0,100.0,0.941296708769559,0.28918765438754085,0.7653927262970668,0.95,0.9,19.0,86.10912970772179,0.4412622323775149,0.35871604226814086,1
8.028841404345018,94.41783081239726,46.274632430444285,60.87041803232763,73.98761203406687,88.53586904193725,75.83028032175157,78.873089667423,1.0,41.82465374738389,1.0,1.0,65.90494344052266,0.573714658868097,0.08039835158597625,0.35468408353201725,0.9,0.9,7.0,79.59282291089025,0.27464922744685644,0.2625249440925468,1
8.59120443925488,69.08704998765916,84.18482960213568,68.03989720252551,71.8498826836946,52.69064744812805,61.37084452336958,53.69071179207308,1.0,53.19123222270569,0.0,5.0,81.12711307179178,0.7806047153370798,0.3378614935631468,0.7464871456355031,0.95,0.85,20.0,59.02879210042532,0.6774388357820099,0.6975483804875443,1
9.124411475156467,64.07325589675023,81.38560061767178,76.64139051909893,72.40174202773443,59.63767899721107,65.952315851105,70.84772856709392,6.0,70.02623978039982,1.0,2.0,58.44106343002443,0.44574321152613905,0.38559352873379826,0.17220928044756245,0.65,0.82,11.0,80.73161277666742,0.36791333939126053,0.4099464429624975,1
8.83171488764961,73.2353169044516,87.08633240426073,83.2395517770068,71.3947382362405,82.16924446587814,52.090990954953156,73.84211921010751,7.0,65.9069078391665,0.0,0.0,40.09321084845302,0.6477090119768911,0.1523106899572506,0.6635337375646432,0.92,0.88,26.0,81.96278068938422,0.5783590522154317,0.42590196100611516,1
9.41285630590416,70.84614661891263,79.29176656046558,76.80596145011347,83.75972165278964,95.29331288262274,51.67053519454022,76.9128610012328,8.0,93.12652795567,0.0,5.0,72.54331397579084,0.4725148262353079,0.3584309398348585,0.4142634693298191,0.95,0.9,25.0,71.39120641786928,0.6254357104695443,0.45320607206682606,1
8.906995658180897,69.75898086679372,64.0657606847591,68.2563677244242,83.95266286267513,62.207991699423076,81.52661166856183,60.35756291746336,4.0,75.76015152110475,0.0,2.0,39.91305471227425,0.33763841619510626,0.5323985750083273,0.6228462227163462,0.95,0.88,31.0,55.15345179447998,0.6701600390678843,0.48582752754866754,1
7.439698234122238,46.469599647681136,85.01798673045829,55.97956833607246,49.165867486367716,78.98545903771375,38.957104768691224,51.992175220220076,7.0,93.90278493474753,0.0,5.0,62.14293083698454,0.46405792965621173,0.33332239950181497,0.7890245810971785,0.92,0.85,24.0,53.301551660511976,0.6524730249531783,0.19803562714231848,1
6.4335954704978215,43.50984925962213,60.60463616926372,51.85108960136636,73.98761203406687,69.66205709585884,36.57431641262535,52.95158213291492,7.0,59.005488001439716,0.0,3.0,55.638560103983394,0.946249414291916,0.04280230068547895,0.7704348817133786,0.95,0.85,29.0,58.47614527872672,0.5770544347402846,0.1548104990752402,1
6.935053123718767,27.889174700938142,63.98731217127113,47.65152638663427,80.96037493116643,14.953909632397824,63.10209051191278,55.756282628877074,3.0,21.614088366790497,1.0,3.0,44.37885207140154,0.3331254942705475,0.7277325811193295,0.22341834225250842,0.9,0.7,9.0,59.776106077884855,0.5638787783441376,0.4812620431096871,0
7.036656454554176,55.82879624762294,75.2046172583628,72.48079667160677,58.477665678678356,74.8744742465477,48.2500791301853,71.75160554371928,6.0,97.03545763028727,1.0,0.0,78.62297848846771,0.9301349094718339,0.12770335505823907,0.4624871530096999,0.95,0.7,25.0,64.57991321841291,0.5962415200827367,0.45463661795445703,1
8.17534014586404,63.934076648551695,82.62451766651202,49.16390742814685,100.0,68.15611010256958,56.16271861243262,80.92011894734902,2.0,89.89373778900867,0.0,4.0,84.40157925196043,0.8745532360440207,0.3367395588061075,0.6618196994509312,0.95,0.9,31.0,82.90897128843581,0.7214630423426848,0.6767792961462646,1
9.141123641700135,59.98104979800949,96.77246591943154,57.91170549216172,72.96931075311738,72.85031881494889,72.86096746002167,70.63248481552415,8.0,56.21442526304862,0.0,0.0,39.65054781019186,0.38276206899052095,0.4554818309424662,0.5442352545715741,0.92,0.82,32.0,90.91998983209918,0.7317288149911878,0.3156796911960913,1
9.184324830890457,83.81148032953082,67.98245016489687,87.66037792958393,61.08697102007174,88.71655613445337,59.84714756977243,49.37677872668709,1.0,44.51330262800717,0.0,1.0,62.09235314173251,0.7680277000813932,0.048997469905181064,0.44400398518993994,0.75,0.7,12.0,68.30330934195898,0.4276519213355814,0.35402929621491874,1
7.157877494291159,46.65152393657324,91.7789182127793,70.88938733729395,38.462133918152986,52.00933944379406,30.428360090743382,62.09036592998665,1.0,38.42788943048899,0.0,4.0,44.93278318145492,0.6661132023513535,0.1883732970865141,0.6942229914386305,0.9,0.75,19.0,51.20386744327522,0.6333047568841018,0.4203905620396986,0
8.319274477402683,76.42121070107113,82.14433634164494,59.4123472077734,59.64241268322754,68.40264783650494,67.26101814623114,70.01195165585898,2.0,53.570343267017954,0.0,3.0,60.2069780969967,0.8229827518660575,0.1270418038723586,0.5022829417660026,0.9,0.75,30.0,71.7552042872475,0.4653833374115481,0.41427258344433227,1
7.558185390276979,69.3788405296502,68.42383057265069,45.667520885346235,61.47597483708158,87.0007255065916,55.36481808363656,71.66283926654059,8.0,64.80828070360265,1.0,2.0,57.37748451906346,0.46824619962047465,0.1475981794410991,0.30982657475433534,0.9,0.8,12.0,84.3046651963374,0.12846935720854646,0.08779716736144762,1
6.8176774435891305,53.20371375866667,45.38778200331838,66.82958575712954,79.32309590669718,77.56282059962288,41.55054003175867,71.1289778281502,7.0,100.0,0.0,2.0,54.52568976778451,0.4116120321856262,0.3447002764175235,0.6436959273421069,0.9,0.8,21.0,80.38941755701603,0.6079629212851203,0.4064375921024666,0
6.618854894722269,37.540209573385724,52.23236079099364,78.08844405958035,51.82333236661242,43.73708706079452,68.675019591569,33.03415428970664,7.0,62.567747868210475,1.0,0.0,53.49956044603305,0.7875408952267887,0.36203336507128475,0.6207759725075084,0.9,0.82,17.0,44.10128697124252,0.6670702030699176,0.3147353542879739,1
9.777495535319039,100.0,84.5627507325454,75.8179509648012,99.32625574176119,100.0,86.50390105971654,80.92011894734902,4.0,75.86240901038553,0.0,4.0,86.80169860911975,0.9197633713923627,0.04423880570673694,0.8304997479343068,0.95,0.75,32.0,80.62950786644038,0.6710413360705385,0.29362512275954994,1
6.719991164520286,63.268932122380946,46.54620075136449,58.596275041506296,63.73813307013837,67.62655523517213,54.84081898595092,50.63692319793992,1.0,50.249898418361525,0.0,5.0,63.35369952299849,0.8502762722240569,0.08852373638441074,0.6819814340597354,0.65,0.9,29.0,87.13372798436271,0.5684105682358094,0.26840724413306005,1
9.177956304090905,74.67466654951613,59.44125947219524,99.10568490493733,53.36912152288413,70.28625968654272,82.30856171574905,63.40458063247867,7.0,42.95468553016983,1.0,2.0,70.00505626476061,0.7219609876509333,0.20765797867641617,0.3848897386528643,0.75,0.7,25.0,55.165164468891675,0.5940604612779967,0.38200621959493636,1
6.262725017371235,49.1145660119378,42.34297925640087,59.90511480854488,52.84098038956501,46.71907339851393,59.444711597265815,64.76609450385021,0.0,43.38087353087687,0.0,2.0,25.137926890864627,0.6883228561155543,0.13378592786784968,0.439834370550302,0.95,0.7,24.0,59.68190210231946,0.6870798150265334,0.29713809366228666,0
9.787373403772783,91.56788528185221,100.0,82.61372757410064,100.0,89.25856078229417,89.23300104368988,56.75497517995435,8.0,74.81543681818582,1.0,5.0,100.0,0.9163363288436122,0.5071936980226693,0.7802918388764305,0.95,0.9,40.0,55.71931015707051,0.9190401421924058,0.8433606654104163,1
6.402410134252863,31.97537720199626,59.5323925157947,55.769872536379175,63.28839353089425,47.90236498978544,41.93501087932672,62.13723282522121,2.0,58.25974951093589,0.0,3.0,33.49880795736634,0.8027404064185399,0.1436655734075697,0.24557272420078977,0.95,0.75,23.0,60.24856357493658,0.3325131812993746,0.08194012850035881,0
6.04738553617661,45.02312136135099,57.38303205246925,45.254126695372456,25.429293718585384,52.257579684776175,30.26421111348661,57.78988144287223,4.0,35.36029837747641,0.0,0.0,68.61076934847645,0.3596453553515009,0.27707713506410114,0.2936575961739652,0.5,0.75,9.0,56.4721460906107,0.5585634121450492,0.6380546955573603,0
7.984137499394207,58.19216114455048,65.93432838829149,60.7027533159137,65.17836776599914,79.08952146273157,56.43290574398473,65.43023783629243,6.0,41.71461344808847,0.0,0.0,40.669616378159056,0.4896530149242031,0.10814863639052794,0.4566800120471409,0.5,0.82,8.0,68.35453431197294,0.31147293752840743,0.0517628934827665,1
7.280054866566421,48.74708390230996,64.38994582046418,61.72765537322883,68.80519943390831,83.35266934330411,51.770882668658075,49.32739140132895,3.0,65.21352285314507,0.0,0.0,50.6554033646878,0.709033266371255,0.1305815294340693,0.7845494372408454,0.95,0.7,39.0,64.98527320274808,0.8039669207424475,0.10313725759419032,1
7.909169375797566,67.82237091711099,54.315228131695676,61.80660926137859,87.5297993906007,68.58067136327733,65.71703853993756,84.93019722365074,7.0,97.54488646005402,0.0,3.0,58.82161523926955,0.6421352316298792,0.3214616139918641,0.5576687044938954,0.92,0.7,20.0,87.04000975922784,0.513338259537227,0.5068990294756792,1
9.39359944206236,61.44661101931047,80.14677140417328,79.42314720536575,55.949559537757516,56.11049030451363,80.79916581225885,66.22918998891977,3.0,90.25891641071243,1.0,5.0,55.687168870689476,0.3157912909092668,0.6380505411016719,0.2865678891835872,0.5,0.8,33.0,68.0090049476652,0.5097531800262691,0.29589893508490905,1
8.966208322601021,59.942200975914545,81.00772721168019,42.583172095084656,63.53487166924388,59.33360999340283,85.17486311156357,56.5548836984288,0.0,27.665937249227674,0.0,1.0,48.4051158157965,0.36123339623154715,0.398164428060742,0.37893737980614073,0.75,0.7,10.0,67.47068772914494,0.25475094568787965,0.13912721102569198,0
8.20566552937081,44.6826116587112,57.25671327333103,100.0,64.14534988726966,60.020591442836846,50.22132953428743,74.03999764684983,5.0,44.32962973271248,1.0,2.0,55.69562288822019,0.45811472954235793,0.4099159075879627,0.6538751985371282,0.65,0.88,6.0,87.2324451236428,0.5381470416440933,0.215763238034993,1
7.799259724016425,66.06547705369795,73.31931741162533,71.17309548595165,68.82631008320865,90.05813141207983,44.88791003606009,60.42135733653843,7.0,32.44414046864655,0.0,1.0,64.06739814998765,0.912203731440113,0.05406959962000934,0.6411078473931233,0.92,0.88,24.0,56.744588685214225,0.7979085898511021,0.5022223401743897,1
8.70844883629294,94.29617202791457,53.518149831322035,79.8177240071767,64.90449235163126,66.449540109138,88.77839342123187,71.74613741421017,2.0,41.72663665132703,0.0,0.0,73.42575732678752,0.8922540698677499,0.06001550653004257,0.365533263952742,0.9,0.85,1.0,67.07296349237293,0.24374115069722535,0.41699875517824825,1
7.645295472897516,71.15075585032307,67.83063729558755,54.07453960855166,57.631284983681645,75.56724041781929,56.024632351224334,66.78994693569327,0.0,72.23755279379681,0.0,4.0,63.61037124615844,0.4596772995431906,0.2020903403869289,0.5135959496484671,0.9,0.8,29.0,57.02365112115977,0.5898469355894514,0.4296762632706424,1
7.9240537401584055,62.52271228709525,54.85821752451292,41.82931965915749,75.58560175892507,75.44653366898793,76.93905462583258,59.31051473344088,1.0,16.316428512175534,0.0,4.0,66.36222344835298,0.8854677001297,0.11978717426217209,0.3990513170584775,0.65,0.82,2.0,70.7375763909594,0.5041557859422593,0.3792094425288891,1
7.580068128248317,50.62731759650995,68.51236915311183,60.06790541847879,73.92868695734055,73.13694229925034,41.8052841667477,78.90555278221858,7.0,56.881494350836896,1.0,3.0,53.23053920407521,0.3746502686002948,0.35174999406386664,0.5491700780739239,0.75,0.8,36.0,84.44423452316808,0.6309766556766981,0.2243814852108315,1
9.500017349721729,59.16827900872761,86.58274827010189,61.39244744479619,77.87839101316044,59.22686535172028,86.71310460474265,51.196535820904515,3.0,45.13250028138381,0.0,4.0,59.382922727560505,0.6758796912792895,0.45907532285014674,0.685572156180983,0.95,0.7,29.0,50.36013934277973,0.5632087895556482,0.323492905827711,1
8.802557521731359,72.45120715004573,69.1446021627357,97.8323139802127,42.36915141539329,70.87355184133548,79.1194677386532,58.489903281819245,5.0,77.9160574409091,0.0,0.0,93.84842897203141,0.724657184745972,0.28678893718024684,0.7130515655217459,0.75,0.75,31.0,66.07310359135546,0.7441121280829124,0.44339880925648084,1
8.038654110258554,56.6860992718281,61.43640039523806,59.01582082015561,71.90281219939405,67.48653763149764,62.525648177258034,40.12320534516054,2.0,56.249830336002915,0.0,0.0,84.69453648597997,0.5998138760649065,0.2503548774528285,0.24404420324804985,0.75,0.7,11.0,47.08394509206656,0.2723901137470714,0.22148524566326,1
8.95126405637712,79.61467154596936,64.32398642609952,75.67272876133845,47.70326066359834,86.09246523540058,76.87840711005603,66.1005342101771,0.0,28.58058688182218,0.0,3.0,65.39748332137015,0.8142686425871444,0.05953775829854381,0.29678138788371256,0.92,0.7,15.0,52.11235539219665,0.39027193655897896,0.22380220568896897,1
9.079149710039173,77.9904354470237,88.56601086152993,68.92837729592055,59.4616083435807,71.02335192968584,79.33314658315028,64.1277510570149,4.0,87.21462189207205,1.0,2.0,88.03288803582471,0.5535147706996568,0.39011074261807227,0.5425825008039676,0.95,0.88,7.0,65.91927437288996,0.37011640240071325,0.43810172881625903,1
6.4258674097950506,60.71899420064444,46.09799705222329,62.01788118463173,49.436745065652985,71.84451754927453,51.896141581530024,64.43554280344095,2.0,51.67578299640088,0.0,2.0,98.8550919817756,0.8301627684242041,0.16273461064551503,0.351484115246983,0.92,0.85,19.0,68.72314555077539,0.43652189867977587,0.43400325131007134,1
7.169128772240314,79.90920075619995,61.56062944178692,51.876888854706024,69.95579758567496,82.82376144459487,62.9041463005831,72.21596153281986,8.0,71.37833199789179,1.0,1.0,68.32389485117801,0.8060836345916822,0.07444120376030118,0.6318632918269662,0.9,0.88,36.0,55.14190074381318,0.544978724253116,0.2542179989321485,1
7.606641263677815,31.24880192683974,60.52711364848445,84.05361670812944,76.65822339561888,55.55443518662594,46.02196850995513,69.39381726493559,7.0,59.25702027894793,1.0,5.0,72.6189410870001,0.6876384808760196,0.5754981690102338,0.21311197693619743,0.65,0.9,5.0,97.74662434391843,0.517708012847598,0.5566935550549024,1
6.148121634641818,27.551964773079334,46.22441879351902,53.34217019937144,30.941959393639465,59.28013546205406,39.92453180626208,43.154379757764545,3.0,40.06383223990335,0.0,4.0,42.06493578620581,0.40555840228664386,0.32942654022876594,0.22806197099208475,0.9,0.9,8.0,43.72104929501977,0.4385164381809577,0.24419676867202145,0
6.195392787316331,23.15150607053731,56.58449144559821,31.54267450981395,54.01333359144496,23.182489140098532,58.534638434983876,51.31289905727488,0.0,27.313577285005714,0.0,1.0,39.77426462614927,0.3933795644318914,0.4794219379470552,0.36555562299585703,0.5,0.65,13.0,52.18868133033997,0.30560193919388645,0.1668190121595805,0
6.190405420848348,61.331105871190104,53.23927215471222,46.09191804472605,37.75629215241297,51.40299928422462,59.67892216257301,45.88470310519529,2.0,82.40939294812655,0.0,0.0,41.53075732165167,0.45769333017028774,0.12611423350581086,0.5120046642037023,0.95,0.75,6.0,39.725268868888364,0.3356991885119128,0.17851554506692477,0
7.7668991335358815,65.89168417380839,63.85627422179008,76.23684459234155,33.48494708404306,53.21760967541441,87.82695538792866,54.782860051552696,4.0,47.63531032577464,0.0,2.0,63.87664555133612,0.9369561367386581,0.08332756101358804,0.5758659287507945,0.65,0.82,6.0,42.14316422018611,0.3752753248319066,0.2111128600209368,1
7.208366168417788,41.476674911323784,77.76109141485841,21.429530993999073,82.86712295808053,48.59975039089626,75.12748343495218,60.37414070186168,4.0,73.06801899453708,0.0,2.0,77.69597989930348,0.6746471085990341,0.5360158626003155,0.38355188512877003,0.9,0.88,8.0,59.23424286871997,0.5231464902374715,0.41545180967815415,0
9.1518287365544,70.72358320361064,83.47285662490552,89.33525973425702,72.88623693177416,68.30544719091006,67.56909464692667,92.80700041621944,8.0,69.55700341601188,1.0,5.0,96.70400575517817,0.8370628656761503,0.45362311641110603,0.8433013203999561,0.9,0.82,40.0,100.0,0.8427750020326307,0.5637174263762513,1
6.836599986378739,60.941912271546194,74.561726522923,51.01665839803388,59.02527814058375,58.59909445913336,64.5814632809544,86.03849660745634,5.0,51.95797959701068,1.0,2.0,51.5407541375169,0.8571119046544924,0.1991577074763883,0.65030295514401,0.92,0.88,16.0,58.10453534757345,0.8052558275545665,0.6561184911035072,1
8.215317395849132,48.30443458913282,84.94371281341188,57.53298323637623,60.01279621443964,66.82079970282729,62.60986636329675,70.58031309990136,1.0,31.291137838135448,1.0,2.0,42.831626137806595,0.5678178929627197,0.4164841326282958,0.4358547437703947,0.9,0.85,13.0,82.08156460576215,0.6133632655680302,0.5475897646922617,1
8.383773594669284,65.3744180991055,93.71570480534903,72.37689565032224,73.30436450506211,48.90226384703294,76.0932114414243,84.42126950795976,8.0,100.0,1.0,3.0,60.46839833163896,0.9406585761323853,0.2554531956672986,0.3376301337609959,0.9,0.88,15.0,94.141325980662,0.66402944618726,0.6571182297231762,1
9.405263913209795,79.61467154596936,92.99913362472384,72.52431849383177,81.65191607223858,63.45704696097992,77.15098088882002,59.363463551346975,7.0,79.8177295730072,1.0,4.0,85.26810724065288,0.8703616784259529,0.305125398399243,0.7680244671304874,0.9,0.85,38.0,59.9122977138793,0.8137897670813946,0.6395078974790529,1
6.018017293065121,47.99377084650935,2.163281227027454,46.142447199983046,56.98155428056173,57.720401381978355,36.069945391259616,59.77968638870562,1.0,17.67434700087199,0.0,0.0,59.1859700898092,0.8950222194580006,0.015643465382570006,0.16710885110366025,0.5,0.7,0.0,52.26448559853281,0.3356991885119128,0.357050159305033,0
6.64491359937453,69.23148054775544,71.08033523377186,45.45986235471406,23.94861163498996,71.84451754927453,70.59021719608758,46.195214953132385,0.0,68.39577371782526,0.0,0.0,43.63750641444716,0.44905570244044146,0.134154484526879,0.5017638281471084,0.75,0.7,34.0,59.1158122296544,0.8748923776662106,0.5056749345602956,1
7.761967715789704,75.79131140330512,33.2385762468875,69.98286998080103,64.51222749727778,61.84727375377082,89.5377851020532,62.09022823311897,3.0,37.76655948526195,1.0,0.0,67.39790802908502,0.35341506916460125,0.35069904136313196,0.630880612516343,0.92,0.75,21.0,48.690429218578885,0.4324000783981121,0.23376358231680958,1
8.87315396130884,53.852859086229,79.4172582470948,71.71994800111987,62.927487804378636,61.482232585265166,81.54745124097954,71.69375311481907,5.0,54.256727205712906,0.0,3.0,67.74931259232397,0.8394863845929794,0.3239493495980221,0.6891086693454096,0.75,0.88,39.0,81.64137008468569,0.40653083109385324,0.044798357338953966,1
6.622254956181524,38.96905767354984,64.76654938006128,65.66757781232928,53.25404002002517,50.91447940261228,56.43290574398473,61.62769792319487,3.0,62.95704946013494,0.0,1.0,56.23761156838464,0.7447392752611597,0.27603548378255716,0.2668560010210542,0.75,0.82,7.0,76.3634241627541,0.5527141354762956,0.3215838715986842,0
8.105337345448389,62.8038490573424,71.54406155883521,74.46881630289613,51.6235920880638,71.83681408569444,64.32817485238012,76.03475202747748,0.0,51.60079997823913,0.0,1.0,53.18684721316119,0.4646113052045807,0.2871635729146297,0.6694067400977776,0.9,0.9,12.0,52.30452055317697,0.6667473804565858,0.39642147399961025,1
8.23945843128441,69.28181347555082,55.455478700661175,68.97430504074464,65.08925526164636,87.21542574363167,58.37780252636297,63.56509856295389,4.0,74.27953171644499,0.0,2.0,86.575359790918,0.489282636154639,0.264438223259637,0.40297607140198116,0.75,0.75,1.0,50.78231301000417,0.38538347790346245,0.5430552140818359,1
6.610235587822691,61.29961937384808,69.52100050107884,57.088599083103546,39.30730081088237,65.41468218766825,37.78725113728344,78.7533091892675,8.0,63.20954603157121,1.0,5.0,75.41069457997678,0.4694054026783919,0.20765797867641617,0.4233821814920534,0.75,0.75,13.0,59.747255276589215,0.35373680255629564,0.3343853457978933,1
7.410760020935453,51.92539511930336,60.678368369920975,76.30228722691737,80.3733965439759,42.697205959372546,69.01089476036532,61.84265260531771,6.0,56.01872973114162,0.0,3.0,63.243872699369504,0.9430801215045563,0.24405907496798704,0.7067174204272425,0.9,0.9,27.0,53.75778120054113,0.7048418129045858,0.5257273030996608,1
7.7094653397876804,64.06881040845823,63.65503175261854,50.82622053790866,53.89420762844565,68.05410357902227,50.97052042703555,68.5222810315218,0.0,43.145113575739835,0.0,5.0,35.23032520257529,0.6325767419032644,0.0692901842230392,0.08471943093116613,0.5,0.8,0.0,74.22907050276733,0.10783662068185931,0.21480851323419958,0
6.6632411001817955,55.035862088277455,65.84041836168304,38.31628167067224,67.54753491421233,67.16674358226423,50.56533457324315,48.10927972987775,5.0,47.53033969608655,0.0,0.0,48.102522080629704,0.3851088038648684,0.30297806275268163,0.5128994191748987,0.95,0.9,10.0,38.815580695064405,0.5495087810962697,0.44096562362228575,0
6.635986998647882,39.868866847527244,58.907195785488,79.79216429302535,42.0001713946168,55.861772934429865,44.64705541004065,74.31223288169258,5.0,65.16270782939132,0.0,1.0,63.05912339441528,0.5627742365905276,0.28992691443223323,0.3266844897189902,0.9,0.65,9.0,73.25284377213237,0.4239592079167648,0.2169244510747622,0
6.1142073992924795,42.883167340762014,32.87460438715332,62.24239244394275,43.841617368499655,37.8086325899547,43.60958440521975,56.41349880423325,1.0,47.14006789915746,0.0,0.0,60.341952552462274,0.38276206899052095,0.2796882934769312,0.05701346397551556,0.95,0.7,8.0,38.69813066195116,0.051419659992584396,0.14876706427053857,0
6.367878567358892,54.471168973451434,58.60052660731201,51.85108960136636,46.98564119962486,57.102745845979165,68.245934110896,59.753086899548144,4.0,69.76297832666069,1.0,2.0,65.82710047966557,0.5879919140951807,0.32472028022133576,0.6922028510112361,0.9,0.88,33.0,77.90752711905365,0.6474070770077864,0.23172988421376717,1
6.449916516078941,57.90558270306793,65.43958780671696,62.01788118463173,36.9306031706532,69.86602669759077,59.8730035192922,62.474981422841545,7.0,74.69378384991555,0.0,1.0,59.72717258170409,0.8057250013237536,0.13712571301227947,0.4175261793527481,0.95,0.88,6.0,53.88294762849442,0.4914780667240247,0.31238561717138214,1
6.4077869787635775,48.670715230979845,54.87048784756526,37.76175003694351,69.92823533332106,38.72140686801092,69.24350976934622,47.1673505790362,7.0,50.26962696331349,0.0,3.0,45.60061125228064,0.8669668021282662,0.1941878212320678,0.3580828821161995,0.92,0.88,5.0,56.79927219319193,0.4490560307385457,0.35830529364536673,0
8.974393863551088,80.86453239711055,76.17863306642685,71.73406431475792,66.42307293895486,70.41665165268925,77.8435939199862,85.38678556217988,0.0,20.06578625317608,0.0,0.0,43.7887138876674,0.6821382478601109,0.17469242871658344,0.4643526736896388,0.95,0.9,20.0,65.81977369640961,0.4243099145557707,0.4707949106120832,1
8.89344374009923,75.64695591010712,92.7798775616501,91.0844168116538,61.92198627777092,73.39298897301668,51.1790092830936,59.37921734053391,8.0,68.58277636650392,1.0,1.0,73.7304654862173,0.7457977413748946,0.29701981078892814,0.3960202361422041,0.95,0.82,8.0,73.52975213462751,0.6514735335781859,0.8856207826736088,1
8.228491657456225,70.5933903218496,67.92757441585086,55.900482254026315,55.81856163202333,76.56431807314652,76.83230719478289,70.58761128670074,2.0,65.02353116758185,1.0,4.0,36.08886611721004,0.34562379134460686,0.3371583890228784,0.24307291552813773,0.95,0.88,17.0,53.908487927856285,0.5508886414698208,0.40637534881540227,1
9.751787955837147,100.0,82.80984641040426,68.69958734871233,76.72017082808715,100.0,85.80742677199082,57.09259250390748,4.0,74.59679562895981,1.0,5.0,47.69395617202598,0.6142841626602382,0.1505916787911368,0.5223169783583534,0.9,0.9,39.0,44.0512074016473,0.6908337736472063,0.5621253916487917,1
7.438759524251171,84.11109863001892,52.307266704041176,61.83146882497758,86.51281426518979,82.30767700714921,65.72961083547737,66.26438260405241,6.0,79.96290102899289,1.0,0.0,72.22251038398932,0.7574414824403991,0.09601517667215279,0.5321422433410741,0.95,0.88,34.0,66.5427839692855,0.5742800156167022,0.3353712743654223,1
9.229198951659138,82.4349451697574,85.82504807538406,63.96479869520762,88.29967488172244,79.09373210537208,92.036068703181,82.95925649954366,8.0,100.0,1.0,2.0,70.15572003858135,0.919401687151775,0.22855231425813624,0.9232063744524892,0.95,0.88,40.0,86.73649413250419,0.8564185715767618,0.3361776382923843,1
8.768231094227339,54.070858504736115,89.3949046535005,74.21911502949588,58.89789222446387,78.89925790236971,64.86366155561934,62.069879769327166,3.0,46.93569687320712,1.0,1.0,74.96126148866686,0.9000226737842247,0.24583993714828034,0.30266256863807145,0.65,0.9,9.0,67.24924962602714,0.7302452201732187,0.6513958645987067,1
7.986000746949867,54.00581382142072,73.71402420272855,65.14738708211343,61.19291642323208,49.23668804173608,65.49054882913505,64.50242529542915,5.0,37.43167706975139,0.0,1.0,66.63084127115248,0.4728149861675204,0.37013691080075745,0.31466701615662523,0.5,0.82,20.0,70.7666484818884,0.48050916710917607,0.283044877440781,0
8.603815553591305,80.93338748949536,66.50231939192845,75.72354331186546,50.01181422209683,84.29347735041229,73.76541620154752,39.76386353497227,4.0,78.66051369540227,0.0,3.0,77.23558015900585,0.8669668021282662,0.08218341033670638,0.4075302905996981,0.95,0.82,4.0,50.73749701620623,0.4351393041773785,0.44820547967125873,1
7.730338061485252,44.16008631942769,98.6723487271497,43.24981730409824,66.31572808649948,52.41996413045537,49.14800445137497,54.44184582785859,2.0,53.79108406980294,1.0,5.0,76.8978695398111,0.6544098570345642,0.5070981946836334,0.6144438087194073,0.95,0.8,12.0,75.28765355008929,0.6715804840859875,0.5959590269993992,1
8.165748510837801,43.09690184574721,93.5891041806316,48.07135357793135,50.364379507935695,69.57011289842312,82.09957598363363,54.474362627208166,7.0,100.0,0.0,3.0,89.38119281262304,0.6541324533591659,0.633884297930311,0.7275938757228045,0.9,0.82,32.0,67.76754257798746,0.8775404087937307,0.4585675801405547,1
7.099832888530647,58.19216114455048,85.20116908174545,63.85634410140815,46.14059906678409,57.57968544782506,39.95293285980547,54.021626698103574,8.0,57.34303549694491,1.0,2.0,65.10959263811003,0.665812619278437,0.16134268568853086,0.23412638228376023,0.9,0.8,10.0,44.511622031017666,0.19458697216691023,0.2584196731196768,1
6.513303210426591,59.09787023874557,44.542779630171125,46.91177605591707,58.41205537268843,78.37229101417182,41.292620651028585,42.93306343562883,1.0,46.93569687320712,0.0,0.0,33.92646737046648,0.41722862905015706,0.038695724674454736,0.5054672139001555,0.75,0.75,13.0,42.36741685647837,0.2666654146812767,0.03768719583682537,0
7.171666175020809,35.5896441172382,86.22082211746671,43.17604662436727,58.41849117528127,44.77761966973878,59.54462237545026,51.64296503678416,1.0,61.03942450551835,1.0,5.0,67.43915234401425,0.42149462254447123,0.6335390134623864,0.7882924831353932,0.92,0.88,36.0,44.58150688680111,0.7817091923934313,0.2219073235388095,1
9.605660121518294,100.0,85.99331704738741,64.74275464757044,74.8650800801074,100.0,92.5754122488234,91.05349810744207,6.0,90.25891641071243,1.0,5.0,100.0,0.941296708769559,0.09628191981195842,0.5158788451800514,0.95,0.9,19.0,76.14475487749826,0.7445975950923084,0.649283663950335,1
8.204912823623184,69.37552195321922,59.77761312734445,66.2948037320346,87.50159784187875,49.6479089775084,84.62895973884739,68.32126519797806,3.0,64.24984235799963,0.0,2.0,82.42153336249412,0.9086358611063419,0.25848957912627146,0.6758849650296574,0.95,0.7,18.0,55.66874930478747,0.7258144994392408,0.5873210501562621,1
7.606641263677815,68.45832951031258,75.84319500376407,59.78676452090709,71.64600770925256,65.86133118305283,46.531377339193924,80.09112025200984,3.0,26.460298503895242,0.0,0.0,44.202379586071956,0.5768570781107187,0.12842136417950847,0.21860797864608747,0.9,0.82,15.0,92.92161948596362,0.4745230965611421,0.5644274559032142,0
6.343550698193211,49.97113990450464,52.74860637742209,50.485070150382924,51.557104730069526,74.02688572913767,48.81008589058827,62.59228115627621,5.0,38.572913695622894,1.0,1.0,48.59120533127333,0.4129528599108305,0.34488659455552634,0.49922322887681325,0.95,0.88,33.0,44.83835474150823,0.7756366132501691,0.5964083855712182,1
6.610235587822691,63.35719177662912,46.24730944684606,53.37648632753808,45.72051027516535,71.08736075614831,59.17136044997753,53.3223083473725,0.0,52.27997128945711,0.0,2.0,44.877175581462275,0.32446141179376703,0.23070312091547257,0.48562771536618116,0.9,0.9,33.0,57.545139897306974,0.4449540977894732,0.1456928557848393,0
8.882374213373799,73.77106077661293,78.14206077165287,56.50694471356837,72.54495392880122,68.84102579951389,65.71645540340958,63.222036216761246,0.0,55.14752023169812,0.0,1.0,46.78239333367818,0.43480460184761066,0.24057136966650844,0.6144438087194073,0.75,0.75,37.0,40.60030816189834,0.7179576359175576,0.5370505570479559,1
7.572935212407484,69.3788405296502,81.5097062428316,31.916433091735605,79.92209458054246,78.1709325017173,43.13676859916279,50.46492014248708,4.0,61.72079061960053,0.0,4.0,61.594844249364954,0.5344831108865371,0.14733554916815733,0.6200528701779648,0.9,0.85,25.0,47.9908442463314,0.8068831013696816,0.6292670269381055,1
7.888283065295328,72.06866121153244,55.31048387303989,77.229956741487,55.43721433760658,70.41665165268925,54.08130537627298,40.292362116208025,5.0,38.98159328206458,0.0,2.0,64.30398669714631,0.5286447160208276,0.09628191981195842,0.21626062044566682,0.95,0.82,0.0,47.65018077845653,0.19145089365641255,0.23244385409904583,1
6.866277534448093,33.4591392571954,61.60547617979298,74.21627863175144,84.21851902540777,60.13607590826884,36.12011572179844,67.21745199052303,3.0,53.22319526905292,0.0,2.0,77.26776293739044,0.8804671200778154,0.2474795332715387,0.7247524596388218,0.92,0.9,33.0,83.67526426051717,0.669799728241464,0.15924462289242086,1
9.079149710039173,73.55875314138673,74.90337009809433,88.83526458786301,49.31517527393441,59.41299052987842,82.10630228063349,70.58620981254221,5.0,76.2894652013462,1.0,4.0,68.57839315799627,0.6275087157102128,0.378688100902082,0.3205939684610142,0.75,0.82,24.0,46.22051459318171,0.5584954286264037,0.6106283641974143,1
8.811126100951371,62.54011769355692,83.14528607778233,82.14964365847797,29.85756657288163,57.908592823540616,79.70445879371893,49.18254712197547,0.0,38.327740573240476,0.0,4.0,55.42220992420244,0.5899630554420506,0.37017849989137686,0.3394830167419674,0.9,0.88,26.0,57.34106674982404,0.7388066918681081,0.6454989534543101,1
7.676646444226121,54.30384143734175,68.08311264187697,75.57235530265494,57.91510067864003,63.35048587996125,58.67082999761813,66.39262889351646,4.0,58.9962174983432,1.0,1.0,38.955280561163946,0.6648195802762165,0.1951676616974931,0.5820176946099714,0.5,0.82,31.0,62.327802864583795,0.7342610185684516,0.3085695856175273,1
7.571558138977886,56.39049018890504,63.290863178782224,60.62575650000051,75.48041718588283,65.62432548049622,51.066091141241714,77.26860598233918,8.0,64.02173278760638,0.0,2.0,52.46957069084792,0.5166453923283718,0.34104923054392944,0.663035799708889,0.9,0.65,15.0,68.96581703901018,0.8422043687050682,0.7620052451472483,1
6.146459597429056,68.92501966253421,40.91374811347606,45.57917302254059,46.2998180878364,73.39981600336314,36.45053439783693,35.575700354441864,7.0,39.31227028329752,0.0,4.0,83.00414958148963,0.8187691493748908,0.03256308633718379,0.47205074943012804,0.65,0.85,23.0,30.390154456096944,0.6053549346092125,0.47569721583555036,1
6.935053123718767,77.3789238922107,58.462961651785534,52.60005789745209,45.40518738626644,85.37839308970223,74.77199247616991,64.62703408681003,6.0,52.6706468726681,0.0,3.0,86.3876269361427,0.8270315947972335,0.127108512360814,0.6017263928122452,0.9,0.9,30.0,70.18724393765105,0.6201873086017949,0.36573677848091674,1
6.918227853208526,49.38126516821952,53.18723330226958,56.3764238675345,63.50607118416733,53.54363729432198,56.663479388096945,71.47392478836535,5.0,60.31114561019545,1.0,3.0,54.03558099335131,0.38093829185444517,0.32842034215556226,0.48562771536618116,0.65,0.75,8.0,61.72284131624764,0.32479147185709145,0.10911558529455957,1
9.143259013178609,100.0,47.23814859487205,65.8961860219947,83.8552913722101,87.88049122844637,82.71885935486041,68.32023054063269,0.0,46.072489733155805,0.0,5.0,72.32493360309476,0.8576597054701027,0.051318365697011356,0.219096028690553,0.9,0.85,10.0,62.34754178159323,0.5185921247290742,0.69363602115524,1
8.256556082508101,51.46318696448522,80.96877793291485,68.92837729592055,46.99652860024182,61.20411973505933,69.65626608614019,48.66284196503751,4.0,40.21217889796702,0.0,3.0,86.2706777872013,0.7688507719862003,0.2901539196300842,0.5724392866728825,0.9,0.88,21.0,40.97632281633659,0.5099152051944874,0.15097030727528354,1
6.13620245538902,47.493479984881546,79.47206407589886,30.050453082753236,10.968926294243822,48.271595354035085,81.2799725268176,46.99238632663746,7.0,54.112552808963656,1.0,1.0,45.64433252963457,0.4354404371173308,0.45101717009924247,0.7653927262970668,0.92,0.75,32.0,52.539677959216654,0.8176696218302898,0.44527235830477735,1
7.10705192352217,48.91410129666775,63.68793301916246,80.18299990906814,74.29878361933102,60.129346058570746,43.951654922457934,58.63949489506142,5.0,64.80828070360265,1.0,1.0,58.097106177229506,0.783175162408262,0.30594891339180474,0.7220222386274049,0.95,0.85,24.0,58.56130819315008,0.7693399596942642,0.6337692521816126,1
6.939614915701889,52.61083392755313,68.28237644871571,58.33327714118293,54.49034178606584,61.911930813399294,43.34885719131139,29.8831019424277,0.0,47.74601248923038,0.0,1.0,63.24016928540728,0.37426419973473274,0.2548891078447411,0.5076670660099751,0.95,0.82,4.0,33.166924100865856,0.4493095923644346,0.2687362849345792,0
6.63840322459591,67.90893131745855,45.780049088747944,44.81479900163522,81.16955204216396,50.13793057994373,79.39380988353389,53.67141345091415,2.0,67.58020495261968,0.0,0.0,52.69271390642704,0.43655773382965923,0.3060191079239557,0.6646215727700295,0.9,0.9,19.0,49.39804607959942,0.7187105535800887,0.4542486387697691,1
7.202173537879518,43.4234195870916,68.4536984728393,59.474166220724214,76.67586646291119,76.70821303141093,29.82457254920913,59.1244758094979,8.0,47.82050672394532,1.0,4.0,35.494006502491295,0.467625886389471,0.37738654667206084,0.6362333562090424,0.9,0.82,12.0,69.1322143778299,0.7932690218301041,0.7050117934657503,1
7.754908063509044,66.32758437430563,63.41314301522404,70.9890916379216,40.563827409292415,52.87654348222195,72.4292929839675,33.30005641249781,7.0,51.407291081728204,0.0,4.0,43.63750641444716,0.3385781283672477,0.3919526916990006,0.4346382570807784,0.92,0.8,21.0,50.45894682243995,0.629269726646404,0.47085949682028194,0
8.410090849073569,67.77882816496704,84.90147212391553,68.10145271056815,31.06445304664979,86.23745831412216,55.117706323476845,54.48906386109774,0.0,42.68156304693867,0.0,3.0,68.25869408262531,0.3653835522275031,0.20594671387910082,0.2455087348147243,0.95,0.8,7.0,51.990735753194635,0.3964759495535001,0.2616362169706241,1
8.69639748338236,53.177509731691174,75.63871976619627,76.30380409275418,97.22634550334462,43.52228392446128,63.117393213297966,61.51975176976738,0.0,88.63120441681446,0.0,2.0,68.11290923025916,0.8485173629868559,0.5539705149431097,0.6060758882007794,0.9,0.88,26.0,74.52127362532651,0.7195167276723086,0.8814460224745967,1
8.773297935950893,88.64815461075233,68.28292770087428,76.93005771077473,55.3770546708625,88.53586904193725,60.229340762680955,46.69928843540667,8.0,68.59985843270461,0.0,5.0,74.21885028741308,0.7210320593570372,0.10905163816352542,0.6313809703813505,0.92,0.85,39.0,40.366905472270005,0.6821810542749293,0.47085949682028194,1
7.0793949800007585,50.34573028736865,68.07435045513606,49.68827093059017,53.303340790049376,32.547015493611994,85.61649865354256,62.693230746317994,6.0,41.828939446374505,1.0,3.0,62.31187296887778,0.4896804056774716,0.5357276561514753,0.5679403296501557,0.9,0.82,12.0,62.616303261792744,0.5697869225802111,0.3415330578946034,1
8.108439383687637,69.28181347555082,50.483721236023705,94.61734746410912,85.40261742472573,55.898900344394114,60.2025519366665,71.2445594825345,7.0,57.44797383442999,1.0,3.0,51.56588647820749,0.7553242365671674,0.32331441039993336,0.7953358591688968,0.95,0.88,30.0,64.82605278335433,0.7699094718699767,0.7504416205989829,1
7.563988808337427,60.89271776711653,84.39307427139067,80.30882031863794,67.20680696935601,48.50903714593562,65.71645540340958,79.63781805625499,6.0,67.43797097728653,0.0,0.0,91.40229250914147,0.8706485146554948,0.4264732846453788,0.7284595521993862,0.95,0.8,39.0,92.13852346789695,0.9076214369578773,0.7114345768196544,1
6.782115213449429,46.333273862760535,44.883905052479086,89.12923495270552,61.98163571469376,63.97746103671354,49.434558867556355,45.904408336135745,1.0,68.73768324391106,0.0,1.0,53.60540510743226,0.7086927117441071,0.2519661227871587,0.48733353417964115,0.75,0.9,40.0,67.47618251497747,0.8595250572629524,0.3851357129544225,1
7.590711543003442,60.58928549373627,55.53953395097341,81.78366824889204,50.87882960500556,64.71995274319241,78.17246998749923,64.86732945366818,8.0,88.20823868741766,1.0,2.0,56.83846557475031,0.4093991855110534,0.3735573700882136,0.5215154021040614,0.75,0.88,39.0,73.47518911950735,0.8357521197302592,0.1668190121595805,1
9.086067252510826,68.57877221069309,70.51477197090053,92.50151807110473,93.46989165351589,63.81855176862962,51.322118673132145,65.4393682734463,6.0,73.78735537597493,1.0,1.0,95.38925607181835,0.5915341055442606,0.4211581972137705,0.7239614759895143,0.75,0.85,35.0,65.36686069249805,0.7233433054038402,0.6231308568318611,1
8.303546429773682,53.95269334637844,52.916720886576186,68.03989720252551,79.54317014590274,68.08098062445734,75.41809544813742,83.02034869712783,1.0,29.426616441496797,0.0,3.0,65.58255186289057,0.7835808568408629,0.29589674393294546,0.6342104612737182,0.65,0.88,30.0,81.65141976333078,0.6732559376024138,0.2537093131056893,1
7.894830278129998,45.68346890947913,58.51165945479054,66.25338335925002,60.660708325895094,76.96086758298192,68.245934110896,55.155738428283414,6.0,56.321373678529845,0.0,1.0,71.46945076392628,0.5144524013389196,0.3666447358804683,0.43243401131182174,0.95,0.75,12.0,54.99967937944054,0.517708012847598,0.13004458457943274,1
6.905686411575829,75.85812766294576,71.07846637554466,36.32747430585874,56.0532401716348,59.06072520616493,68.245934110896,39.806842257265885,2.0,45.42164294335682,0.0,1.0,78.58805386053001,0.8360156011249162,0.06534321827415299,0.6610437854646779,0.9,0.7,24.0,61.126157802694635,0.5314311510574498,0.29810188114796254,1
7.695393847181317,40.54613640304625,61.86124540084726,78.664512979763,64.64381770302963,47.65308514649021,58.73376604304462,67.78306865847985,8.0,25.36186553804339,1.0,3.0,76.7281897486222,0.47347497982582076,0.544011678904203,0.3719554165317843,0.95,0.65,19.0,69.77018681615496,0.4428285286063272,0.2309167729804073,1
7.028647693681407,62.360671235593614,57.20846665224657,38.731226663182596,78.13648638222492,64.38902676665792,54.516015801018895,41.61018550541492,4.0,30.97442975422559,0.0,5.0,47.14000674042306,0.9264093610798108,0.06780567291465063,0.38951215248847376,0.9,0.82,23.0,51.58241846685571,0.6550915285012682,0.6131729366789254,1
6.858530040083774,66.86873694998359,47.76986515439063,51.81873974549581,70.60427785758588,61.438681424641274,58.44297544494478,50.646575365932414,8.0,47.98691035527438,1.0,2.0,58.10333301957804,0.4011169233313088,0.30282234359957405,0.2150094119815406,0.75,0.82,13.0,54.98163653338445,0.49722651510829247,0.6567987939343869,1
9.64308859869335,79.56781909668514,58.60052660731201,96.52783944774363,84.78039646532417,84.34025317725707,83.73945090462179,52.80563546272419,7.0,80.16197997438417,0.0,5.0,45.08117380542798,0.822783355613008,0.15931500657226771,0.26586664897274304,0.9,0.85,38.0,63.0085612393135,0.8304961298736196,0.49048287357204934,1
9.621105380245151,70.72016190647159,88.11673417521929,69.80137241341707,92.82812282066648,71.08736075614831,81.02668196466934,46.82887724783407,7.0,69.30044767333096,0.0,0.0,83.18776062364702,0.7152704394029454,0.32565370452514514,0.711719596930866,0.9,0.85,7.0,49.09974056909526,0.37900549963988295,0.2686551606434856,1
6.00405636708644,34.01521868456264,33.90233554818312,26.79772466414574,56.99872835978171,36.40861852858784,42.293322395519255,46.29667909147941,4.0,61.682444214450484,0.0,0.0,58.13705623023687,0.8615974748532449,0.11864174839119736,0.24972914772044444,0.5,0.65,1.0,42.19084775182038,0.6038603935777689,0.6198696221846673,0
9.213657722458494,65.16260821096729,79.47206407589886,83.98998863774109,76.79626218263687,73.27811192844574,71.35558307053402,78.65726382576669,4.0,65.47656021295955,1.0,3.0,83.24417856662114,0.9348562458154108,0.1806149751313217,0.2934498602491258,0.92,0.82,16.0,60.203315703102426,0.5458541308552852,0.3884531032040515,1
7.195409962336202,80.7065649734131,50.88177131658766,53.5444172043908,65.03082725903477,100.0,47.582126963982695,75.5405948952337,3.0,33.439845720728556,0.0,1.0,90.03293651837404,0.8499381979848359,0.029415478620601607,0.35892814534189993,0.75,0.75,26.0,83.34896131995244,0.5186306212210899,0.40569816730626,1
6.733557665301836,83.59513604619507,63.474788358037316,61.24109013939271,39.27415391514952,87.54514437830284,52.19486562776561,71.01308137979906,4.0,54.7832398622341,0.0,0.0,34.060996438710205,0.677155375006071,0.022107294465571782,0.4507555699135369,0.5,0.75,29.0,51.80447564385452,0.7054712125651628,0.5859963695649689,1
8.798788227267174,57.989200836370195,91.03860573863949,68.68783429487769,69.39019769197037,68.87687544942912,70.40174029288298,79.83404699067127,8.0,68.56177748581827,1.0,0.0,76.25698067865585,0.6237725960903393,0.460041315346299,0.5885060691778504,0.95,0.82,31.0,66.67744910244926,0.7471173190498266,0.42987795467118267,1
6.51992085651258,60.713982745143106,64.03993261598306,57.93474983443206,31.06445304664979,28.292776971974938,91.77298276688829,60.38646855574192,6.0,45.046562962991906,0.0,0.0,48.36015047874383,0.6306718571700145,0.2267939415059186,0.7317683299089258,0.5,0.7,23.0,78.49857797968582,0.4223287235220609,0.09625163266056334,0
6.47026445387131,42.67335657107958,60.75262167054039,33.13601500080513,50.114344480883844,46.15165571703108,68.94496674710126,51.46313766151099,4.0,35.10829215738177,1.0,4.0,48.871845843457905,0.3875390343730133,0.43544827832392435,0.29929695437511894,0.9,0.85,15.0,61.31299159427036,0.38353524796471267,0.17317547329419916,1
7.664360491097416,70.41706687821838,87.57097549732279,52.634580685763765,52.006828966483845,67.48653763149764,64.5814632809544,54.32916427434249,7.0,72.10607166641574,1.0,3.0,76.83081194580157,0.6306718571700145,0.31488121388821966,0.6315117113882778,0.95,0.75,18.0,50.39327423546093,0.5562223298124036,0.5382970002178531,1
7.7922327243726395,67.96775051240647,60.949869214769784,63.11750945941628,71.37637060201328,73.96210319074274,51.78824671227794,69.21491169272329,4.0,48.76023568677277,0.0,4.0,42.56297402101328,0.4148346883157571,0.2999246349402499,0.6079017633953091,0.92,0.82,32.0,62.694804470587975,0.7706949479944871,0.6844645994354077,1
9.238152280862892,86.86302228006066,70.1775017059552,66.25313106782289,81.4229469580529,70.32000272032934,78.42275908073023,75.30175459548383,3.0,55.84651039112145,0.0,4.0,87.26766200377028,0.7612809353137903,0.2683553554902166,0.35284677775605683,0.95,0.75,4.0,58.016752323460224,0.4857390233049368,0.7909353032266944,1
6.165205235648609,51.61942719930496,48.61047797003163,61.59457903318928,32.82116806922453,63.153083041232456,63.18924350615961,59.542934420114925,3.0,87.48911044625169,0.0,0.0,56.292706038180455,0.879746186657034,0.1035193415297809,0.48412332120264817,0.9,0.85,26.0,71.61167945503891,0.49292957031581697,0.1821011960005435,1
9.67156997639907,81.6485051487945,91.30347002741345,73.67907740575879,74.74166280130852,92.06195380896743,71.77665778165183,72.26175692423938,7.0,43.55193140672124,1.0,4.0,73.50432034008321,0.8184066986510317,0.13767952693943156,0.6144438087194073,0.92,0.8,23.0,61.09617509281806,0.44736812421622685,0.22677474488265328,1
8.334667204833707,69.18385769536856,85.32327966088525,53.95832147116587,60.03715839036694,42.23076820302671,88.35817100364032,48.27464306338172,5.0,32.908359888376594,0.0,2.0,60.771422445413904,0.6723083514572085,0.3464713159597131,0.7667985822252323,0.75,0.9,25.0,62.75524272345153,0.4930176245512303,0.2941442257837597,1
6.491578653141443,26.539729424511634,80.00627536872821,73.29459140055462,35.99231905449995,60.90441590063188,12.858578945927235,52.7285278151907,1.0,38.576899164622354,1.0,0.0,49.525634910984934,0.3070661229875108,0.3953818754484296,0.47715876655484496,0.75,0.8,3.0,62.56843149346019,0.29599541105422944,0.11599271047117342,0
7.695750080412976,73.9931710852366,86.29944942165582,51.00914545475801,76.24754765308029,78.94367463301542,53.549402359616316,56.36867214112158,5.0,72.19972896095072,0.0,1.0,79.8439079318023,0.8057250013237536,0.1761602398937187,0.8867610392754466,0.92,0.85,36.0,78.57118387960952,0.9147441075313709,0.6932620490358586,1
7.373837098828957,66.86873694998359,54.433201605559326,68.63807981757468,62.85028083230772,69.29619956002348,52.59415716205018,42.906640104363234,7.0,71.54683592847958,0.0,3.0,69.94258386209526,0.5259237564925017,0.27717975567148684,0.43243401131182174,0.9,0.9,20.0,37.13551926548925,0.4989155415612082,0.5697882748209432,1
7.882924915188751,66.48044477615053,47.47262849716421,64.93302790989178,67.3202374457746,70.28212442962949,57.85860231764691,31.73397065708029,3.0,63.34499767664774,0.0,5.0,58.54841904438934,0.6264349477116639,0.16307388220225758,0.7381416489264252,0.75,0.85,5.0,59.26540059577942,0.5206368312054899,0.3343853457978933,1
7.639772214011948,65.06914734835368,90.89454799979659,47.022043687200224,59.14993123941166,51.13333306722271,76.87840711005603,81.78389426094596,3.0,50.75479501993166,1.0,3.0,44.06188121082218,0.8664455382557401,0.2033423817258098,0.35871636159019543,0.95,0.9,11.0,64.0219723692691,0.3092562475048191,0.308071781785371,1
6.082959288254084,28.05968772001753,43.55545864273557,41.042452020475714,51.701855381622636,39.73247541139794,36.774929953670934,45.66101162705229,3.0,57.76819508923867,0.0,5.0,27.548893980731123,0.3005805033318778,0.6658821835934917,0.7867526580282026,0.65,0.85,31.0,71.81141181075324,0.7620088715964176,0.4257744672127755,0
9.297408024348844,75.84465503540254,67.62058601652572,91.23238425195878,51.45866205524429,73.15096967124511,78.42275908073023,88.50200193742013,0.0,20.544695586746272,1.0,3.0,61.04595839783256,0.4230695668976173,0.2927262532216376,0.4592727768315344,0.9,0.7,6.0,78.12735551551611,0.4654060633594331,0.3544837214107578,1
8.037561569823225,68.43256949880214,67.28483477579192,57.410130969496024,84.96202467198714,71.66575945446972,45.54351458922419,63.33480034698425,0.0,46.46299987055312,1.0,3.0,92.55647302936515,0.44698396371064064,0.3666447358804683,0.45006247133571775,0.75,0.9,13.0,58.79276247376939,0.5029799022317104,0.6744591899784531,1
8.903489003000905,86.7992522529454,60.729469520726866,59.109815457698346,65.78768403688429,77.94122868789661,76.72445841868137,49.1699028607585,6.0,56.60670210479617,0.0,5.0,33.25217363538955,0.7324341910581089,0.05962896714657054,0.8290419119031432,0.92,0.75,22.0,61.13052401850686,0.35983777401352696,0.17288019193818965,1
8.165748510837801,53.93840458802371,76.41920789601825,57.372905520569006,79.61069406366951,60.37726224594214,55.73751564898661,50.43405070272665,8.0,50.566951888758894,1.0,1.0,62.04187173875088,0.4342866850211783,0.3947435984651099,0.3550587614189555,0.5,0.88,19.0,45.96472411129018,0.6060678572339263,0.46686001221998746,1
8.463911203772772,67.07255387630394,63.226902918011234,80.36728123954671,69.01090065494016,46.30679510604157,74.41135301560931,67.72694477459058,8.0,68.73768324391106,0.0,1.0,52.79011277922521,0.40369861512165267,0.454329631706519,0.22616838013991855,0.9,0.8,2.0,83.7988059778189,0.2141834040101226,0.4762420980774482,0
6.357280568241555,55.27802660570873,47.00891422576368,61.99667101773124,54.16003073302395,46.582982712255124,58.68352056418033,71.1289778281502,0.0,44.670435808983385,1.0,0.0,26.32520737508238,0.8657847720725385,0.027538529826274836,0.2929667983395472,0.9,0.8,4.0,62.88487928013843,0.055201595542040356,0.018366237641227894,1
8.086748657678783,69.13535303972722,73.69628282748046,50.54029510485888,67.22534504637682,57.373195601441815,73.70054016974876,66.45979760184449,5.0,88.12733942838288,0.0,5.0,94.80855799406294,0.9276228029310059,0.20069187625121923,0.1637708679911834,0.65,0.75,8.0,84.99656475229939,0.2536635020760411,0.5009788704341499,1
9.393860261024352,67.62882642694643,93.12027000112093,68.26399137777143,85.07529039403798,73.27811192844574,62.403256752695775,47.11431168422039,6.0,43.48104621317613,1.0,4.0,80.97859890349912,0.8391096663950675,0.26581987292468234,0.7362453543220584,0.9,0.88,18.0,51.98194654605647,0.777779061598028,0.6073538353240769,1
8.17341237743657,73.28797280268498,59.83143902157632,71.73406431475792,48.22187225351722,79.08952146273157,67.33173936216254,43.856000653402724,2.0,27.956997325977003,0.0,3.0,74.08675813057339,0.35943067380808935,0.3507846989573657,0.27111746345646465,0.92,0.9,1.0,49.372676815985315,0.2954362493033918,0.5296140448756759,1
6.583603160527235,12.688403798789373,74.15827452587443,62.04383407157907,49.32428603244097,48.50918397242563,40.69586488176044,58.3660702356111,5.0,64.4442772566677,0.0,3.0,64.44733682054753,0.46602554461759715,0.5747524160240854,0.3812885645640695,0.75,0.85,26.0,70.36701452582312,0.47247560102989317,0.07665171408328016,0
6.470964606875336,65.87914344743162,66.63552657813007,29.63275178048133,39.49903333281168,57.72538893553967,73.82847644700988,28.200720762393185,4.0,61.45670870865182,1.0,4.0,54.78011040741806,0.5680444887499007,0.27162097531110835,0.7473449456605713,0.92,0.7,32.0,32.98241262802763,0.8407066408540407,0.6688115146254721,1
6.674525013260476,86.35532439575707,40.84331443462531,23.053537249533136,67.19468409655758,98.2445342556507,65.71172122932741,50.81169706086554,1.0,20.544695586746272,0.0,0.0,58.05776141391761,0.5447512961229697,0.02678786622459989,0.2942790453178661,0.9,0.88,0.0,50.32135485373948,0.38353524796471267,0.4027420231716371,1
9.556321587642106,53.273592808959734,51.71644647626746,100.0,69.49879441685933,54.634761303107155,86.26439044840428,72.71504403167656,1.0,33.91381553881925,0.0,4.0,83.29551516783302,0.42602551084478724,0.6258341280250633,0.4559520198476336,0.92,0.85,12.0,83.69564348516126,0.23259207942916302,0.07794855195418948,1
7.827459627540299,30.876719358639477,67.20138802041383,60.825046025674894,74.56673713113008,36.66657709113835,51.89797601496463,59.31362879748286,0.0,62.126925323030726,0.0,3.0,26.067373352947307,0.30953015453220273,0.6376005306816065,0.2844192348389063,0.75,0.88,29.0,52.924875334468254,0.4428285286063272,0.25752511316806637,0
7.497606533853851,58.796763996577646,73.50716565329309,69.60759989942638,44.32736534871289,63.153083041232456,61.05900863373678,83.2803444274877,7.0,50.9675740355143,0.0,2.0,59.60444578190584,0.4915804915274981,0.30163758844633515,0.3355881432951323,0.95,0.7,32.0,82.61396357708853,0.5737946814806206,0.2924250893489199,1
9.175014752822149,75.54290718882821,68.28292770087428,68.81368149245715,73.06901571443673,81.87958322343276,59.15761774115467,47.16181588518111,2.0,46.41445529375504,0.0,4.0,23.652976351232397,0.3142043764871705,0.333242356269871,0.54488169748458,0.9,0.75,7.0,70.31258452480796,0.7755039462695557,0.8088440960440808,1
8.282788891678042,80.68921872170874,63.51239781215616,80.1192244027074,52.88123440534686,80.19712147070177,83.83188295585795,80.01480171576527,6.0,57.561174295287316,1.0,3.0,85.58396259531642,0.8762691319976286,0.25147460093328383,0.48818255332869065,0.92,0.88,35.0,74.08737668060007,0.8416490785879196,0.7488843706506652,1
6.576846585699559,58.872276991481115,51.481147687831516,73.7025152414626,63.970340823856574,80.04386545338996,25.36082240051566,58.661392111699634,7.0,92.15832352817226,0.0,3.0,66.54901479096634,0.7885432360331635,0.07175789751987771,0.44809885499279084,0.95,0.88,17.0,70.64676323873749,0.308703203967699,0.1987432175718592,1
8.80813921487906,100.0,61.29485810132218,87.61638962881564,38.785239448764884,96.36082526850464,88.47556001502304,34.65112645052717,5.0,97.88405354437343,1.0,0.0,38.678371807938376,0.4342866850211783,0.07726538980737922,0.6457656976734824,0.95,0.9,39.0,48.3256548903768,0.5625143093023016,0.3624379494779196,1
6.343550698193211,82.68878313724072,44.93835576310038,37.37599319036232,58.45098562801292,71.94031508529885,74.0585249297776,57.9273746374629,8.0,29.44327345908077,1.0,2.0,73.1923118891147,0.7725610787591011,0.1270548834114514,0.6017263928122452,0.92,0.88,27.0,55.684259455007236,0.7049456032457403,0.6395078974790529,1
8.261808793570813,67.1322291441609,68.73180657551946,63.39808772901462,73.65411561989742,60.917870685714526,54.0031267910953,53.55296475416382,5.0,62.126925323030726,1.0,3.0,58.78551480662912,0.7814213387385502,0.08047560183101195,0.34054355444286694,0.5,0.82,4.0,41.22199106674935,0.17072043250605484,0.15171155523301558,1
7.370883008769364,71.97116310791583,81.00772721168019,49.75981491050389,47.836672928163054,74.34817295155446,62.362244270235635,61.360754531973406,5.0,62.996317727913784,1.0,1.0,39.766334194647506,0.6114887499243316,0.10748747642813904,0.7385067611110343,0.9,0.8,28.0,60.01694807186753,0.5954872569585384,0.2530097598455091,1
6.54613091353103,65.87914344743162,83.68745887641046,46.716664642180646,40.621813909159414,60.020591442836846,54.39000299934162,62.997689501353754,8.0,88.48849885053428,0.0,4.0,69.77705393554162,0.8342631225384207,0.21229678460128296,0.5205249548358092,0.92,0.88,36.0,45.135222440097685,0.780942656837387,0.7512656758646041,1
9.41285630590416,58.76107841810049,96.43075438215001,68.10803445046035,100.0,53.17173337671845,68.2051774768338,75.30527728599124,6.0,43.873030373135094,1.0,0.0,69.2336792159887,0.6946695518024475,0.43284601656531774,0.16010715219708202,0.65,0.88,13.0,85.52477706065746,0.5460260253117037,0.5566935550549024,1
9.55444920435268,95.15871185422876,76.03989207387836,85.94497517247044,58.63669580738215,85.37839308970223,67.47531853415941,45.6000879217189,2.0,57.728053268899636,0.0,2.0,35.95773750771487,0.36583115337862815,0.16469832592479586,0.5550551558749007,0.9,0.8,15.0,46.55577939584477,0.45130944538358897,0.6058109959963696,1
6.72809143671826,70.06655860328071,77.88365876721309,45.3970518827016,64.33945458111232,75.80425771111794,45.219931940819734,42.33750375389727,8.0,97.69444139739771,1.0,2.0,90.75892415035314,0.8043777102582563,0.12528243956582819,0.7865229637705995,0.9,0.82,16.0,68.56082354311638,0.6441760065199702,0.4366821851954594,1
9.173478006106789,82.40423665176125,89.92761289090399,58.43920612217858,46.22324448487754,73.77316514046993,71.82243185373305,66.26438260405241,0.0,18.371447123099628,0.0,2.0,45.082666722259965,0.4752666739759596,0.10551687479302063,0.3367299563067112,0.75,0.85,13.0,52.26448559853281,0.32887860220081205,0.2933056992845051,1
8.038654110258554,51.116592742235966,63.290863178782224,75.9590080912323,95.27894752986151,73.63538084179619,36.30413307082918,65.68289238806777,6.0,72.60349716446302,1.0,3.0,49.374867613412896,0.6399750811389178,0.2214861082067075,0.5470144503098381,0.9,0.88,35.0,47.638303737165934,0.6595710690832797,0.2840588235871754,1
7.420128410952936,71.97794008338303,45.374399190022295,68.51803780837385,82.57908848329542,59.433509331451,60.71157968347346,52.469943106624854,8.0,68.58585761339839,1.0,2.0,71.30260402754544,0.5836729681728343,0.3237977314081815,0.5804670673979916,0.95,0.82,5.0,60.5017683961538,0.2640890377087654,0.5766354103669421,1
7.78128532865302,49.88652168090564,74.7684407828275,67.03787687437169,68.53546137850937,50.163123206401565,47.140920416136005,40.805921512063584,5.0,41.60519735721981,0.0,0.0,65.79620387822295,0.4011169233313088,0.41765040238677736,0.42932588208941236,0.9,0.82,2.0,54.79549982413267,0.40077966404616616,0.4861548021415108,0
7.17922995702036,52.61083392755313,68.49869774516992,68.72610845625961,64.98746891206011,98.75190813889591,27.87872354282745,83.10877279064667,4.0,45.07836005110303,1.0,0.0,84.16293487303767,0.9219735752409968,0.050943534063750136,0.4308978154140983,0.9,0.82,33.0,78.65285472138112,0.39905856603014395,0.13201712753510705,1
7.691061008445171,65.78962407420644,56.46304673384218,76.71138141416101,52.847163763193194,52.40565699070953,93.61023795416966,84.96243389627318,7.0,82.67623497711219,1.0,3.0,96.70400575517817,0.8976851495786133,0.4114968060059295,0.24307291552813773,0.75,0.88,27.0,64.03034107728816,0.5334209338909793,0.544909323924563,1
8.563998879927256,64.67710716656491,67.67980371394161,68.58944728708441,77.43018867640114,85.46645745496272,50.95599855613064,57.81070271110228,6.0,69.658118619234,0.0,0.0,34.21637460767913,0.35361013225843124,0.20584517235741026,0.5975569721397301,0.5,0.82,37.0,53.87196181549119,0.7212992733308068,0.284964013101715,1
9.46781442773934,66.5053581079671,82.0391396195235,73.28646701085013,95.55568164571984,69.72923049916031,68.30281886186724,34.65112645052717,1.0,68.25179523275614,0.0,2.0,100.0,0.8426836139648597,0.39736945030638493,0.6725005731715261,0.95,0.88,11.0,32.12901310196303,0.6145011381208161,0.5967512917097155,1
9.707796892680712,92.6142696517097,78.09481136246715,78.53574687610867,92.20666668183088,84.50482118660314,89.4656016573378,45.33413269092827,3.0,69.27901653140245,1.0,2.0,81.00497873325997,0.9253651201370889,0.12251879330759413,0.5304506359522448,0.95,0.7,4.0,39.690726264874456,0.645812028867153,0.701792369609833,1
7.676646444226121,52.25634160215832,40.1226809338853,72.30687775651616,74.14786493379546,67.87700037185284,70.92941209012668,70.10749418578786,0.0,23.98893357328938,0.0,0.0,85.48110806108484,0.5563738663539575,0.29788260140218725,0.574759201805906,0.5,0.8,32.0,64.03461407103255,0.7663397831752208,0.2092190029280624,1
8.000548344413053,67.0553782770594,51.59229288053842,69.7745536260953,54.536997357040974,84.55994120888144,84.1988417360803,49.90756300468762,4.0,62.65765905407085,1.0,5.0,77.05137061938282,0.9378029259886993,0.1197994365921926,0.5420477763724979,0.75,0.88,31.0,56.586899866923424,0.7973024678732683,0.3873817995580721,1
7.527781632996864,37.50169529766555,66.1884713498899,61.872236905227695,69.1604220152373,71.95487338521067,49.79416326254776,66.58360928308362,4.0,49.332291469678985,1.0,4.0,76.86345539880875,0.8028880929117905,0.32196237231800673,0.2715146133785746,0.92,0.88,5.0,55.582352464141366,0.3615657306981101,0.23616368689015776,1
7.567771963239986,75.98253857957263,45.931339476396424,79.42314720536575,58.61999227495197,55.533235070799215,82.77515102294495,71.43432043810454,5.0,65.47656021295955,1.0,3.0,78.56145405878496,0.49585565127409775,0.4620124583774447,0.6327578664412805,0.95,0.88,19.0,70.27736028766937,0.5165825735471319,0.5962984716942346,1
7.7668991335358815,46.915654752337666,67.45480814499643,75.9590080912323,74.19178883111795,42.57913793654468,41.292620651028585,41.131136257171704,1.0,79.11975017814238,0.0,5.0,71.16306637414678,0.6713486053579649,0.37380076417419805,0.6668488053249735,0.75,0.9,26.0,40.643998442647295,0.5139862393110242,0.3851357129544225,0
9.676853498790395,86.70216217159734,77.12594287188685,84.7338808012887,65.23463950897683,94.80244241117929,75.16065029631602,54.25430279218477,7.0,75.86240901038553,0.0,5.0,63.81663543899698,0.46109981544704337,0.26715645919009184,0.5367350607418162,0.9,0.88,7.0,57.89174906677212,0.5063794351915891,0.49625898620166253,1
8.158150075628273,50.87502067786627,65.4527444585739,79.68931136560612,47.9780341923334,65.99681713581928,76.12213852018044,67.51947695048072,7.0,100.0,0.0,5.0,82.93324933222098,0.5268371072617464,0.5486923115910604,0.5535146729572047,0.9,0.8,14.0,62.138806342248074,0.7218906162410479,0.3808066249262272,1
8.754303924538117,89.02883370736147,74.66590105366507,54.60788015621874,93.15937074526371,74.39121788969751,67.68550015900908,63.33264728596211,8.0,57.76819508923867,1.0,0.0,47.4234173342269,0.7254682487811517,0.15284613720917123,0.681883833475722,0.9,0.7,15.0,62.56843149346019,0.6030170448185793,0.802351491395839,1
7.302311842468832,74.28306517663027,70.65181456644729,59.15658344257864,42.504429147082504,77.47272543385161,58.5197700204699,59.66991552982924,4.0,64.74822018048468,0.0,4.0,79.60004678706397,0.8581402887478968,0.08774190714161274,0.26848602769802654,0.95,0.8,6.0,86.03262351600131,0.2881921748596443,0.4330145528735458,1
7.216611681792903,60.30802206388187,55.23585164282644,33.365023296806555,60.92795386136981,64.43151808121775,80.81812977861412,63.00890882745892,4.0,37.3244142316135,0.0,4.0,68.75944043724887,0.4245760563753339,0.41587385205796545,0.4833602603116275,0.9,0.75,19.0,60.404003635772256,0.65948259441102,0.43566003368426937,1
7.236302375963373,90.66911220835223,67.8702706098164,41.71684128875226,65.52932699631955,86.97458097576884,50.609783429075854,60.95097555132676,5.0,51.569487986564724,0.0,0.0,62.09235314173251,0.5464927125765697,0.0296541746086623,0.5477141144407391,0.75,0.65,21.0,70.88386514915291,0.49070510784791294,0.40569816730626,1
9.325319956405513,81.72915619502925,75.84319500376407,76.34095224515393,59.55476157496382,69.49375396242601,97.71554172536415,60.12363771235029,4.0,72.60349716446302,0.0,1.0,59.67922722305175,0.7144351755813094,0.28624159814984834,0.5644905524061019,0.92,0.8,4.0,77.18107696760364,0.733380894580671,0.7031483709382098,1
8.5191129158403,47.16608301324792,93.12027000112093,73.98622195425656,60.453817033432784,60.104052853014856,49.35345915318187,52.729306778633664,0.0,5.017683208996225,0.0,0.0,67.98500334889971,0.5564375497414769,0.2692982817926954,0.3341824319840948,0.5,0.88,22.0,47.15508138661721,0.6365038354874039,0.30969044895117886,1
6.217481372582389,64.91454861113122,27.404937058698756,31.916433091735605,52.48043083837054,71.08736075614831,60.67887329725973,62.02462801846315,5.0,46.61998980457875,0.0,4.0,67.19551904810115,0.33061669796194243,0.30942015903893993,0.3256301228595753,0.9,0.85,3.0,71.45146416637847,0.2640890377087654,0.3805830475676563,0
6.262725017371235,40.62452163223088,68.51611243978292,24.417119920831915,37.34202563471256,61.52800159515251,46.531377339193924,45.37559487700368,4.0,56.249830336002915,0.0,2.0,49.26693075860878,0.3653835522275031,0.22192509392770218,0.40133976046643466,0.65,0.8,11.0,54.98163653338445,0.3316890795750165,0.08263922185410957,0
9.53955533137378,94.1411734751835,69.48373218144667,81.15267446191044,67.54753491421233,79.7362286117429,90.59597393719575,60.5340791517715,0.0,58.76457409006453,0.0,4.0,78.56145405878496,0.9047306447267682,0.11978717426217209,0.32984447159273106,0.75,0.85,10.0,47.9908442463314,0.7543908850077969,0.8139583121279537,1
6.52439056592204,54.05633910987771,47.95907367416891,58.10145208311155,51.97016367131195,49.748000496102264,67.23323591408796,50.42414973764937,0.0,40.32398358271972,1.0,0.0,53.033082747778366,0.6469543167411477,0.18972926960837455,0.18212470814377463,0.65,0.7,10.0,46.99264740320011,0.6552685474633465,0.5550168882527784,1
7.573299156399099,34.3470983472036,69.1446021627357,67.4185157068646,85.66889965532175,48.889539648843055,55.38069282281039,89.33414649102973,8.0,53.170776887693556,1.0,5.0,64.1578196782739,0.8475724010621914,0.6034622902838196,0.7607565560653667,0.92,0.9,21.0,85.85659388476269,0.7973024678732683,0.6198696221846673,1
9.442428431507558,85.1586223631702,93.12027000112093,92.80067892779351,60.27190067573825,63.64150035018947,82.09957598363363,74.2506534125553,8.0,64.59769096163866,0.0,2.0,93.90936725105739,0.8745532360440207,0.29279851706164967,0.5639463204450726,0.92,0.9,25.0,88.7519618059847,0.39897476495308737,0.474540102177157,1
9.127873517810361,71.82960615496572,100.0,54.8408578326153,60.5599860843268,52.375029228172075,92.05847058193515,90.76902584330256,7.0,91.02711633525458,0.0,5.0,81.58189336967735,0.9380552407936409,0.32655179220093766,0.6048200773371438,0.9,0.88,7.0,82.07274404404549,0.48940703907721206,0.5624404471420839,1
8.851010754203287,46.6471192797391,93.11538860280233,58.37188761352271,73.59792992638205,66.27482374251808,76.83230719478289,64.55234557478013,5.0,81.96904121688951,1.0,4.0,83.55159536939466,0.8321579053334727,0.5046296408809445,0.8906188787988907,0.75,0.82,36.0,91.09066681013736,0.8464395549107484,0.2703531320959816,1
6.150189751022876,53.604502891866176,49.93449577198935,35.203568511800405,67.43693244879725,72.79334687275404,31.17964730536102,72.45859108540945,2.0,50.148532368862426,0.0,0.0,33.080704870353586,0.46602554461759715,0.06282811276096069,0.8849816584454065,0.65,0.82,36.0,53.49482304122738,0.8052997014505305,0.18142922191693292,0
8.255991616972146,64.22732025940502,67.15236578914563,58.808598443113084,86.71754447312813,85.15863472843854,58.60544184307773,72.68508602726638,3.0,65.08755670671837,0.0,0.0,54.86621984167753,0.5772131244862959,0.22855231425813624,0.5665847047891084,0.9,0.85,34.0,60.17527839460412,0.7374861279622207,0.46190393701358506,1
8.053811430248869,60.870559688563844,67.46031955712756,43.47367578627696,78.31597448480956,51.12918759860159,78.8092034323103,49.228653293509566,8.0,60.98635246976858,0.0,3.0,34.72431610307141,0.5318799957135658,0.33662266699128246,0.28550467286058784,0.9,0.82,3.0,56.45385044043273,0.41817582282207155,0.5030049840979226,0
7.409466821858343,61.04054835815922,61.44806659838255,60.605205372065,67.22534504637682,65.28185464852677,83.40120435453255,92.32116323417503,7.0,74.7971486375889,0.0,1.0,71.82264602600668,0.8913319498509189,0.27353314663594797,0.6059478382085587,0.9,0.8,24.0,88.7519618059847,0.7742138701998552,0.4963606423345255,1
6.730742580333506,55.38328160911665,81.59687181218546,46.40054263479558,59.46366437432935,43.2369314022428,77.53091557074656,63.248522647976465,4.0,92.3902932262502,1.0,0.0,76.6471327697704,0.8760083743749238,0.28992691443223323,0.37815346700929836,0.95,0.88,5.0,61.050588990816514,0.39749721049188946,0.31990450199735937,1
7.437577325018978,47.88543871753264,74.16456663545017,61.33624033675121,59.902774855647166,56.74687083198862,63.63503251930123,38.531112726340574,4.0,62.51846717698594,0.0,5.0,79.60004678706397,0.9378029259886993,0.23224415617117738,0.7534669781752366,0.9,0.8,40.0,47.65018077845653,0.856579461530331,0.39778053633911753,1
8.875267824183139,29.591383548784748,63.96461253160022,64.68472230647357,79.64152174364109,44.70845046420476,78.58454510223578,50.15687193683893,5.0,90.24896595891819,0.0,5.0,71.79172156420589,0.467627540905865,0.672810639234921,0.41645862795002486,0.65,0.85,19.0,48.00397432549961,0.36701144650631,0.0443258879993913,0
8.437879372695255,48.723976446777,56.82203793767806,97.24650182052437,82.4447370964273,62.8165332786824,44.56207718392306,49.228653293509566,1.0,44.90421128835473,0.0,1.0,86.17295678051102,0.38276407241289817,0.5871923146877817,0.5803213788245665,0.92,0.7,28.0,56.585304492116244,0.9226104729637474,0.8312452190171884,1
6.132385731063679,47.29384428664257,62.862187269509185,50.36327351719525,37.267917965511515,60.440284020272614,29.135771960596557,59.910235459711494,4.0,52.33515366014082,0.0,0.0,40.22303488554479,0.6399529755586073,0.059627217246575874,0.27395845610684216,0.9,0.65,3.0,45.732135575242054,0.5105204923532517,0.36970159834185506,0
8.799481616232438,100.0,50.58034692916106,67.13460930513317,60.8981866263964,87.74905269078741,87.66528198626634,78.29556798714785,6.0,83.52933324246607,0.0,3.0,74.61202518151651,0.4276176642300248,0.22430932362160733,0.5514131118212255,0.92,0.75,27.0,61.16951489191929,0.5273280879088494,0.5296140448756759,1
7.895504442419644,51.799165544417306,81.25027456638188,65.53776459058524,43.121058242640935,64.00359654927561,65.63309512615966,59.79091486111541,5.0,75.06218447310471,0.0,4.0,26.634331916404008,0.45413616027476156,0.28811378417688793,0.8290419119031432,0.9,0.85,33.0,67.5312819967597,0.7748262700157815,0.1456928557848393,1
8.2742133279194,53.4587671948573,52.65575107728931,91.23238425195878,74.1983073777093,56.58955349551694,71.46028217135417,92.74674193815677,5.0,82.04766198459333,1.0,5.0,75.7855722769493,0.7324213151107417,0.6316747293026466,0.6747990318108785,0.95,0.9,29.0,70.05314385775748,0.8068105061467409,0.7196255784793543,1
6.716414888721809,68.47480698027393,51.998311436639,49.176459257912725,56.028708977968336,71.48419638971482,65.37397565503204,63.13961488586652,4.0,37.82668358299959,1.0,0.0,75.2136010979344,0.5471952551566298,0.1505916787911368,0.49024375000866993,0.92,0.75,25.0,69.75462773801434,0.3512953460175116,0.12396098594521902,1
7.8327530603830215,54.43084981813596,46.66087102285071,57.34660178413823,100.0,56.11049030451363,62.21013426504288,43.41448279731844,8.0,76.0022934898045,0.0,4.0,83.00414958148963,0.3724481512960454,0.6767370186535974,0.4469587395032226,0.75,0.9,24.0,47.158663505584045,0.653505564284068,0.6893305725704848,0
6.578841498598788,64.7277343237748,38.311212849743335,59.927526083362665,40.62021370833247,52.87654348222195,81.48842065679214,42.20988361408381,5.0,19.93026081831963,0.0,1.0,48.7309046671257,0.42277031227844514,0.2579364811173487,0.49854347491674655,0.75,0.75,24.0,53.71064578016872,0.5521762292861642,0.34515617582480645,0
6.408131233896594,42.96221366978843,35.63664238547068,68.43775822231667,47.43644207751251,59.69861210381692,46.31754268325258,61.98559085838968,1.0,34.4171609183198,0.0,2.0,21.87391409970023,0.30278583153379895,0.4422507077655107,0.24557272420078977,0.9,0.9,4.0,53.23011362465701,0.4115258564207956,0.39747588257891076,0
9.614539708014597,67.07758203502783,92.13747453241375,77.21334579815183,78.0723781277835,76.70821303141093,73.47725525052664,51.64296503678416,2.0,79.96290102899289,0.0,4.0,95.19469949460965,0.7810688805327839,0.4445164133291349,0.4811869886558645,0.95,0.85,18.0,65.66687194018571,0.5159496645265559,0.5239561281379209,1
6.1860620973284615,53.01912410068498,59.98294067431099,66.75198600897515,39.83657836432509,45.84145606956041,49.6269127387319,60.941116231783,7.0,85.47996202191335,1.0,2.0,79.11784644737858,0.8781886243442236,0.21290305968878592,0.30266256863807145,0.75,0.85,13.0,38.31436634322628,0.44455638472858683,0.6018834202300912,1
6.055794805528269,42.041546451115295,40.77857376987205,35.192935234682864,43.34347579881843,51.440567807763415,48.68437030994995,35.811528126198866,0.0,33.14648364564204,0.0,1.0,28.660322144548637,0.5849627593127135,0.12165288059827932,0.34882807711638225,0.9,0.82,9.0,58.61053913274507,0.4867082445820202,0.2954520184143188,0
6.055794805528269,47.49707300096974,36.14187620167466,35.203568511800405,66.99670960737916,36.79978839674834,39.74380034360807,30.328498786336723,0.0,15.569761684500932,0.0,0.0,59.62990832355528,0.6264349477116639,0.1055086729809655,0.35468408353201725,0.75,0.7,25.0,25.77761534092452,0.48622159814537963,0.37708004745502066,0
6.670154244030688,33.85330786622332,49.804466222019386,62.24447779049443,62.051589896994514,39.83287410764169,49.852637981376645,65.83572769389063,6.0,60.785272757012216,0.0,5.0,57.490941152182934,0.3216775834863309,0.6408630639831638,0.48598067672340756,0.92,0.88,28.0,63.97422145768271,0.30730688359870467,0.10658518718200244,0
7.267823481647305,50.3792611557619,66.61936192068457,71.76301266094163,95.95745042407003,50.6119502978084,39.750457102883686,75.30527728599124,4.0,79.75140132234372,1.0,5.0,81.46271617317727,0.9437902774362237,0.1701543034227818,0.7680244671304874,0.92,0.82,28.0,40.603671401673864,0.7984875468006423,0.5582043366266333,1
7.420128410952936,62.29032947496807,68.58841891642635,49.40348145842155,52.60624141434293,54.36464158445121,73.8380207356074,71.72340523789137,4.0,55.0604589099794,0.0,2.0,43.53183351704851,0.3922100711512173,0.30682922607468005,0.664492000774507,0.9,0.8,27.0,60.33993335710814,0.523191975914539,0.17623675071557096,0
7.145017359117938,56.33114046637138,64.83556580943979,77.65809547516093,39.94785332039682,49.53303577092756,60.6164644166764,70.3151540245092,4.0,88.27063973767417,0.0,4.0,58.40512806473789,0.571408102993719,0.32196237231800673,0.4427995377273442,0.65,0.85,22.0,64.11813844078851,0.49312381229097113,0.34515617582480645,0
6.641717558128316,42.21935781937024,92.7798775616501,51.77118339630391,42.36915141539329,40.98749318953992,50.22132953428743,67.71491491674819,6.0,72.91101060261187,1.0,3.0,47.14000674042306,0.5024820898914192,0.4858459627594861,0.37422756077618435,0.95,0.7,19.0,63.23629901868523,0.4653833374115481,0.46566035868034855,1
9.171889124442357,66.6162603954536,67.28483477579192,89.83787210659958,49.69178627123887,94.72541591120506,65.18694616870881,59.28315938308863,1.0,42.17397011443366,1.0,4.0,73.3248263354252,0.7889981901519272,0.11271441353658673,0.22616838013991855,0.75,0.88,10.0,59.13714220311776,0.40759615170391605,0.17813219781376882,1
6.533290468842868,37.13904923316608,69.08859620886528,68.71594548358172,65.43197299734301,40.32769190604133,43.95451202710663,70.9391619328932,6.0,71.37833199789179,1.0,1.0,51.45029969153026,0.7010012770611622,0.33445279249484516,0.3820013257146517,0.9,0.82,22.0,61.00080780839144,0.5685757102856098,0.32771754243207524,1
7.776050085910108,79.61467154596936,59.56447425615214,62.34544231838272,55.08427838190633,67.51559185081008,71.35558307053402,44.95687003338992,4.0,54.29134770545629,0.0,4.0,49.36378425433986,0.6628728289896331,0.14713750913298873,0.7252161151400938,0.5,0.9,32.0,58.56130819315008,0.7441121280829124,0.6156299656992396,1
9.24379465795759,80.94361423038508,85.82524880908024,91.33156181789136,73.98761203406687,68.8348907140082,73.41705796379632,88.13316283666279,7.0,85.2509445313387,0.0,2.0,70.85664374358876,0.7609775705462887,0.4264732846453788,0.5272750833656558,0.95,0.88,38.0,93.16217410900225,0.775289810140835,0.8195817158478804,1
7.195409962336202,60.41895778513341,39.0269584043995,64.31786566949707,76.31257875820167,61.959016033965675,71.52587532758453,51.63873788920399,2.0,52.33400556668381,0.0,2.0,58.6895939672476,0.7754510730298465,0.127108512360814,0.5220035279045087,0.9,0.75,32.0,64.11813844078851,0.7379840085268032,0.19601826275294093,1
6.585061613794981,65.28300586502976,55.74728146436817,64.64121106768351,54.07796696814912,40.97434906240343,58.65406971979145,45.696620503131555,8.0,83.83688060531367,1.0,1.0,51.725499102013465,0.3581901507141778,0.4554818309424662,0.46334067383268196,0.75,0.7,24.0,48.22723765883211,0.5669924919869389,0.7723167633060094,1
8.87025465662003,68.2628205892888,66.31145139548013,75.8179509648012,80.58650073633748,69.89295714142109,72.70653399745373,55.860142733059405,8.0,62.567747868210475,1.0,3.0,52.799999170993466,0.6269178674514976,0.4094379717528465,0.4366989447976262,0.9,0.88,36.0,65.01979222639828,0.8017520546105884,0.7492896690011687,1
7.225463675677373,54.415929056377415,52.449097298619726,48.068846362526905,74.55355646550578,53.17105068973646,71.65771473825554,59.74014151634253,7.0,62.17195051969646,1.0,2.0,28.63090485659265,0.3769806664018558,0.36325022531336526,0.3020260389106846,0.92,0.8,15.0,48.40749472372131,0.4909021708831792,0.29106152101012733,1
9.724778182614992,62.07439188778759,93.71570480534903,67.98550631212845,77.42401047141614,73.39981600336314,84.64262551448671,69.77133022807413,3.0,71.75248452656265,1.0,5.0,73.04234441008258,0.4246524356016511,0.633735120837464,0.5354547537251203,0.9,0.8,21.0,70.68501746800672,0.5633155672580707,0.39386341479509573,1
7.421899364947294,66.8199355548652,35.66589682124674,66.53803503027689,65.713321060771,45.49357243222074,92.5754122488234,57.82859244979043,5.0,49.25517870850462,1.0,3.0,68.32389485117801,0.5906148161035483,0.41333491908536496,0.45687866210540823,0.9,0.82,3.0,45.37453600427265,0.5239267487248471,0.5910407746209779,1
7.86468657854718,42.98576365693776,68.49869774516992,64.47506704352004,67.98854280652412,61.67181708439228,59.33314701766929,73.73439337395433,3.0,58.76927520417457,1.0,3.0,30.214531320502275,0.4215104235406411,0.5247786803765173,0.5834699298102697,0.9,0.82,20.0,72.5785510866334,0.6871571823896315,0.476872878542108,1
6.546853045098522,55.72543461281023,59.59472761366698,31.901168737826758,57.92770067262778,75.36625377753553,53.416159262663726,44.39293199617026,3.0,67.68849663382589,0.0,1.0,60.56427305278913,0.41178790753248723,0.15839004913894517,0.5734647412706149,0.9,0.7,30.0,25.379357072868423,0.6838137773244636,0.18142922191693292,1
9.727818283144337,77.73816371203498,100.0,79.64125638998753,65.75263255266667,81.19392093879365,67.57566366607018,77.84989468037053,5.0,65.32011168379037,1.0,1.0,52.82819837379729,0.5508298341935496,0.28918765438754085,0.662627926958822,0.92,0.8,22.0,74.96101557364923,0.5830637637858417,0.4372775418028823,1
6.794046508441534,48.92940075164553,68.62781713673716,43.76707132221587,66.47361139473749,88.9515878970644,30.428360090743382,57.3339585291657,3.0,56.73956220285867,0.0,1.0,36.08886611721004,0.5057523603900465,0.08912668098928678,0.3997722234254257,0.95,0.75,14.0,67.97351399410533,0.4751967083992455,0.12555742891636099,0
9.642525010317494,86.35532439575707,66.56752890035534,96.38322918021836,72.88513178469515,61.267474306292094,84.47248553191163,54.35468847965076,5.0,50.149664613280336,0.0,3.0,84.96429348238371,0.4364203093134328,0.5067590629946482,0.4195685034793633,0.9,0.65,36.0,49.80071252377574,0.780942656837387,0.8450062157110487,1
6.354429440232444,61.17995371841826,47.29636035033255,49.91127688414514,47.836672928163054,40.53528621058659,60.016731481387694,23.75107975457427,0.0,59.516882183967944,0.0,5.0,71.43743330921352,0.7361419024966835,0.2242394052165719,0.3254240591804696,0.95,0.75,8.0,29.749764118551063,0.3990848274407284,0.6705435189103743,0
6.401850522353754,63.659187935483,51.42192738773722,50.54029510485888,51.04446688361495,75.30332529803044,39.064240467644225,36.97467553815366,3.0,24.632198939236936,0.0,3.0,64.36048564414581,0.7509581955154853,0.038695724674454736,0.7186222659181604,0.92,0.82,24.0,24.08792943836267,0.4879185803773521,0.18714901486818625,1
7.1864142371038975,36.91096726337673,39.70542608024931,88.41246394780725,81.77192946051596,74.34817295155446,37.11815441862696,65.43587295030497,0.0,60.63341740059116,0.0,1.0,53.113579288049536,0.6636509906867593,0.25928163739045657,0.5166702837914561,0.75,0.9,30.0,64.1138040725301,0.6852429721578235,0.26026007281628516,0
8.175169969842823,31.77601230277309,67.0952862032937,82.14100550996172,69.49879441685933,54.28375000529836,31.975646226479995,57.54379180943408,1.0,60.10525421125453,0.0,5.0,60.40305428513872,0.5282408826277156,0.3839593431089104,0.31053760383665,0.65,0.82,3.0,47.15508138661721,0.24771979734506938,0.185080764156478,0
9.581759921194484,100.0,79.01335248539205,80.36728123954671,94.51677591752612,100.0,82.1562211412743,92.74674193815677,7.0,73.05471963911509,0.0,1.0,75.17875801743979,0.89884999993824,0.1289500209934188,0.681895287964484,0.95,0.9,33.0,97.65288502992979,0.8697761145067783,0.7723167633060094,1
8.974393863551088,51.04938507372767,80.66301786039327,83.0950047400804,63.031524946083614,72.18279811706472,61.85215060176416,69.07952828609375,8.0,82.20785843113315,1.0,1.0,90.48891472102795,0.44116482618877184,0.4506801059791214,0.7452184201050001,0.9,0.75,25.0,69.40938783990471,0.37384958275002583,0.03334894003503411,1
6.76752034321737,50.27526277878406,46.085350889672895,62.021539080733795,78.50399469082825,58.584029465405436,56.27285700148068,75.58788914952437,4.0,36.27405666844932,1.0,1.0,75.84352830171434,0.8061506709050881,0.16211583852402517,0.2316575657870321,0.95,0.7,24.0,49.39938160580628,0.5930632267715549,0.23616368689015776,1
9.34046136270405,76.34498642050788,96.36095264151808,86.39749161081852,57.71481057098766,57.935243907772595,61.97533294958359,47.12332597782622,1.0,71.47898494381434,0.0,3.0,37.56617991156146,0.5915501432423798,0.23566802356103697,0.5449254326552546,0.75,0.9,33.0,52.29743129255754,0.7087515278229385,0.6750409126253805,1
8.318864288846335,85.18518926471933,53.81925980960277,89.13895852486354,50.4460243902853,100.0,50.34832136826863,67.87572606670284,0.0,40.03872705538426,0.0,3.0,59.72133400033077,0.7161051293881211,0.052660775843402896,0.44960020615647833,0.9,0.88,22.0,67.54364656267184,0.6642894523395441,0.6283783972024554,1
9.721053608087663,74.28306517663027,76.06144655208617,90.35360303685647,71.0352958804112,72.6374093584424,96.84270651268945,65.73820084962928,3.0,37.23222162125421,1.0,2.0,50.12340525869334,0.6202552958988303,0.37380076417419805,0.3993508540468991,0.75,0.88,30.0,71.3274895578741,0.6540043285492871,0.43299477129194386,1
6.89816965445747,38.71691253190924,83.28216864810113,70.20071585898079,37.24815236966534,54.97816169548575,33.02713124308222,72.70435296482809,4.0,54.0057641152884,0.0,5.0,62.44894640323733,0.6495788209141231,0.3434633240491448,0.5157826615028978,0.5,0.88,8.0,67.62605647973776,0.4910495445827338,0.46718773927077356,0
6.80155067625711,38.097214748118056,52.55596107672831,63.96479869520762,74.08877021241759,70.6456911283798,42.37077710028196,84.66486932798317,1.0,75.69076841922899,0.0,5.0,57.52416086081081,0.8938051614504763,0.1715819363072369,0.4019230586546712,0.95,0.8,23.0,69.87867985549582,0.5851517038565943,0.1749713256267323,0
8.303546429773682,57.127872403813505,67.39813913295006,68.73861989448521,70.20039533397598,67.4613940892721,68.83079013068553,56.41349880423325,7.0,39.070335065559895,1.0,1.0,60.809747507653945,0.7112983188839817,0.31011187158512027,0.44043770767379675,0.92,0.85,2.0,62.70964388556517,0.4545054879000917,0.46200391133991386,1
7.299322366473509,51.50611009404679,59.6724241347537,72.8258293798888,60.53679772974972,40.52939187608925,73.28506520267231,68.98293602539064,4.0,59.64437011662388,0.0,5.0,44.4572605400046,0.7315996999187666,0.4123995414040972,0.5491700780739239,0.95,0.82,24.0,68.77868397644477,0.8091262057909345,0.649283663950335,1
8.68054418883925,48.7866775734165,73.77973927210236,74.0420486481413,65.18471944403854,53.2028370219599,80.69070061318698,42.01524832539213,6.0,35.21931430301,1.0,1.0,73.41599212632056,0.8950018681948126,0.25298375283571534,0.6200528701779648,0.9,0.75,6.0,52.025409417199945,0.2763789513356542,0.08171972318447707,1
6.66426806768542,44.70206584536224,51.91922341439483,60.15110103414899,67.68517154377777,50.297482337654394,56.19188489283795,43.41448279731844,7.0,76.28229231839171,1.0,1.0,36.74733317889953,0.3257118655273958,0.557389326178435,0.27422978486188593,0.9,0.8,20.0,55.14190074381318,0.6750953902472138,0.6528915283383147,0
6.480942410071049,57.689024559438565,57.753865891864834,53.23190867771142,40.609102438768105,64.9896988538274,63.37066170095724,49.60898467684085,1.0,57.03507753052733,0.0,0.0,45.71068545237911,0.4519858106886202,0.21523881670821043,0.7184742299373119,0.95,0.7,39.0,44.739551972044445,0.8423972847626788,0.41699875517824825,1
9.557284360827829,84.99554345132492,99.06623898824922,58.716198748326924,83.80867849528114,96.80086736638069,71.38259149999463,60.904790873969574,6.0,78.0287922664368,1.0,1.0,52.04175428282166,0.8787325970896009,0.09548783244431663,0.7482678296873504,0.95,0.8,9.0,69.9756140620884,0.43770744998693495,0.3877846233184455,1
6.758259573018064,67.82237091711099,46.09799705222329,76.66427604580063,31.794415485408635,68.28286662473204,63.30807125882458,48.27420230764706,3.0,38.572913695622894,0.0,2.0,43.28412449239495,0.5529657037874878,0.1421902428591778,0.32463121971344405,0.9,0.75,34.0,58.26722324657097,0.6183965497328588,0.4613803617438961,1
8.422837061818145,52.88895319953799,100.0,58.45012912518662,40.80534664694173,74.81881441310021,58.534638434983876,79.29589082170311,4.0,45.89518113967882,0.0,2.0,49.048622341186245,0.3355948372967701,0.44395220445538264,0.5551809842539676,0.9,0.65,24.0,92.87309426039836,0.850999936769997,0.4520198897365674,1
7.037994854756976,54.04659591872835,67.83063729558755,69.98599609079358,52.593006562401875,37.83982433210982,79.07130110195106,78.98461084078954,2.0,57.59136081670069,0.0,0.0,76.2643854203214,0.784931950925264,0.4259585141435613,0.5970109763604989,0.95,0.85,19.0,67.16710314504671,0.5156764368076926,0.4191579304536865,1
7.995335551275593,43.85513832426749,73.5221983279761,84.95467067790774,61.72635060079573,52.9421007560941,39.65235564953585,36.987740648633526,0.0,33.05119010117906,0.0,1.0,54.668313537078376,0.7376218695151658,0.17973389184152416,0.6217299998893363,0.5,0.8,16.0,48.91329198864616,0.5190897766571362,0.29535031794116934,0
7.1948719247762,63.187699434528426,77.62149477100574,29.10066668989313,58.61999227495197,86.74745391471303,62.78305323433235,70.15416655172366,2.0,39.44587746338057,1.0,2.0,45.45241841600067,0.5388242054580022,0.24540938129454257,0.6303281553399371,0.75,0.9,18.0,84.7556330183615,0.5508886414698208,0.44657684855367874,1
6.0866547099128505,40.44341079738517,55.97780898885463,51.81873974549581,51.76406869583888,45.087999535169445,24.88656924390459,49.20913216883113,0.0,26.011267966981862,0.0,3.0,51.43709347576421,0.7982045415233863,0.08332756101358804,0.6362333562090424,0.75,0.82,33.0,47.70074417950475,0.7410838868047459,0.3211470153236746,0
8.49786905471982,66.32758437430563,85.74658112822104,54.43061015716978,75.82106391662238,67.45300049420636,67.61570898573774,56.81081016871576,8.0,82.67623497711219,0.0,4.0,100.0,0.7090633176619352,0.4138790754146387,0.8337207259065325,0.9,0.9,36.0,58.05849139162402,0.7608991296684766,0.40455203361105807,1
8.529601997204841,52.166161546771995,70.24226151109264,85.4315785720026,88.29967488172244,67.35741181526298,69.69355716724654,76.04329301950904,8.0,91.51149772365292,1.0,3.0,100.0,0.8982680907396099,0.5045246778025095,0.9232063744524892,0.92,0.88,34.0,80.7970833113018,0.7710387822591624,0.3037091663759337,1
9.365679649261779,75.24320048504295,74.03548022629734,62.38276156764292,88.30256075831304,87.62668454881063,73.8380207356074,42.9613881995808,8.0,77.69434489133253,0.0,3.0,51.23577134146742,0.7755074669397763,0.14781115869107272,0.7010911045186273,0.92,0.85,33.0,55.92116429870096,0.5563890746043506,0.2061932290948152,1
6.161340220746774,42.57877063312459,69.81836275534035,45.58235554977372,38.25849998320324,43.59932113522052,38.106421010844784,76.26911633187069,0.0,11.993383487821418,0.0,4.0,54.276648266161764,0.796378630523198,0.16407258791331716,0.5395255327071286,0.9,0.82,32.0,70.19691088530375,0.5847685619303282,0.3946598212391473,0
8.646017425295398,35.26029512859907,74.07860136959647,75.26085943611724,95.95745042407003,50.31050444237089,46.25986822368463,46.26367360016796,4.0,71.47898494381434,1.0,1.0,59.28266335109983,0.405638402164333,0.5722278871086849,0.32227112701021887,0.65,0.88,10.0,56.66079700671403,0.3876668142190658,0.2689366233639088,1
9.43135878294332,100.0,62.8034562172235,89.3053388277261,66.58770853803901,100.0,79.23727192948822,70.30917340270561,5.0,82.287700293352,0.0,3.0,81.00497873325997,0.7640489768317452,0.13000502594240787,0.5486273738529687,0.92,0.9,17.0,80.71148913967106,0.5068110392293447,0.6888795867471377,1
7.136675547832785,52.61083392755313,68.07984509940661,56.580916064130065,65.34891402887922,60.440284020272614,43.81571053762626,46.312703170195306,8.0,56.95298175858903,1.0,2.0,40.74310548091363,0.6138312218196915,0.16067486966547775,0.2213800099299539,0.9,0.82,22.0,23.756846880841287,0.44399048184257406,0.3569688966536922,1
9.724103282305933,100.0,100.0,64.37033503503692,55.625970726094174,98.23329305800968,83.40423261792998,60.886435287014066,1.0,40.15566544160417,1.0,4.0,46.73603435510449,0.7360098855119532,0.04818047131038432,0.7130515655217459,0.92,0.82,38.0,46.86098723413428,0.5725494151696736,0.30933245786874575,1
9.022996999668688,38.98322058001631,80.71777439450186,75.95996916426922,65.58721964226646,42.69539008707319,83.40120435453255,69.55941613620838,6.0,94.16747111452486,1.0,5.0,72.76068582631675,0.49637910328371526,0.8237709170776176,0.701710848163608,0.75,0.88,36.0,63.01343435647531,0.7695902828087251,0.3526890268841423,1
8.055255220390816,80.9475995170801,67.38880463274211,34.94743932218687,71.90281219939405,88.19281021293834,58.87653501779751,33.06370321357565,5.0,69.51742133491875,0.0,4.0,39.61376995182449,0.4105934034721448,0.11792645111061033,0.5022829417660026,0.9,0.85,38.0,9.764448283598057,0.7609850307603221,0.5269862873684935,1
6.759147476308219,59.98104979800949,63.25065792407214,64.48062289460832,50.85569422014099,51.993594161883216,49.7463706435518,48.017541086508224,5.0,69.22375591347782,0.0,1.0,47.821745567365696,0.5840548138286079,0.15060425812045,0.19213339128746287,0.9,0.88,0.0,49.067154954723605,0.2890828710160047,0.499855197549646,0
6.470964606875336,40.11563062684024,64.4347454239208,58.34834057052754,62.927487804378636,55.75492452229963,27.59562542569399,62.992926046224554,5.0,45.43326020558004,1.0,1.0,68.44563883533796,0.5776077651283621,0.24018445408038744,0.2052549157191107,0.65,0.75,27.0,64.15896995689855,0.3157235779571949,0.21677357610667808,1
7.168988244611695,67.72924164775607,50.82158043669916,80.30882031863794,34.23158334673971,55.35624340869953,80.19937894227144,55.623522563481124,7.0,82.287700293352,0.0,1.0,41.7414390958793,0.6353841647076246,0.1353602378558141,0.09433532243820456,0.75,0.88,24.0,46.46182357147395,0.41179151146577436,0.23993667919948972,0
9.258774147665719,100.0,75.04304550523739,75.19128580939133,61.86293918478169,100.0,64.32817485238012,66.56345783086584,0.0,57.13304084538368,1.0,4.0,58.29540201010368,0.5910197680996034,0.12406047513652062,0.5348554668214706,0.95,0.85,37.0,90.03580699759497,0.8357521197302592,0.8718519655470466,1
6.669325536857704,50.84642630574779,63.17527477037053,45.55920756681803,47.70326066359834,50.22551488888397,62.61455596483778,46.089673017761854,6.0,21.3296615077871,0.0,0.0,62.41403197532009,0.3348651944009431,0.3894331050769115,0.571651258963336,0.5,0.88,20.0,40.230004353551685,0.4540551508509943,0.21317935130693977,0
7.393008041296392,67.72397649945286,65.16876947203437,84.68892761490721,33.93563828549611,80.35590425260375,70.59258696222368,55.932041428652575,6.0,73.79967641333661,1.0,2.0,92.69527523797686,0.8923147197918389,0.20929814237127328,0.44631524564465636,0.9,0.9,25.0,71.79709559570334,0.6852315580419961,0.5424942415283265,1
8.966208322601021,37.667673330860424,100.0,96.12755929383304,72.91188085741764,47.480524133306474,44.70425046962456,60.95097555132676,6.0,58.82979588736428,1.0,2.0,80.19763329255929,0.768344204164779,0.5341223372502996,0.7922515550227843,0.9,0.88,35.0,66.0376351180697,0.7956167746331184,0.3813430841677888,1
8.172566599029087,50.03743989934526,69.98779078742086,71.59008188054197,47.327030739469016,74.29327655644845,78.88467720727014,73.03698887667446,4.0,53.431162112685485,0.0,5.0,53.517438462706124,0.87103558615822,0.23123859384998294,0.8124921694362071,0.95,0.88,33.0,84.68904307473555,0.5151152314671102,0.0443258879993913,1
6.240648219069721,39.39101372837531,47.85073321834696,47.902686837082086,77.0846707825862,40.32769190604133,56.38918746976472,64.66670652347021,7.0,72.89747957272226,1.0,1.0,46.451510899665536,0.38380225148555147,0.5963100504370876,0.8703884990152535,0.9,0.85,27.0,65.81977369640961,0.839193031945365,0.5860064941607311,1
6.57878599031004,66.638522982978,68.1851818613921,65.05257255118546,49.66968228061985,53.88714804569733,50.38565238110102,67.08482628690248,2.0,74.20154596742748,0.0,0.0,67.84437510609314,0.7982045415233863,0.13630181777193864,0.5525766684866227,0.9,0.88,24.0,47.46965566885741,0.44158724324902227,0.47917450928552235,1
7.857813545588549,51.50611009404679,58.679350879287334,67.97945379773016,62.54497328761631,60.318781235681875,44.44390055662247,60.53173418297068,0.0,37.367943998139346,0.0,4.0,43.2506855589252,0.36123339623154715,0.25954630045211236,0.24072156037339154,0.9,0.65,14.0,72.07504882372653,0.5029799022317104,0.3945017974895646,0
6.052353950117391,31.280528485982998,44.542947496914934,45.57917302254059,42.31201276924206,43.26447603702805,34.204090691753656,69.93298772841516,1.0,72.11746242158027,0.0,1.0,56.83846557475031,0.3097694617259877,0.544011678904203,0.3879410233583133,0.75,0.85,4.0,59.51769352910891,0.3590970352567711,0.4097500530333907,0
6.408131233896594,54.74307181525912,52.273585361982114,51.34892517957048,51.45866205524429,67.82487503589907,53.75742697013307,65.60308334978731,3.0,59.516882183967944,1.0,4.0,48.20339964080529,0.8068105124168752,0.13103768948642575,0.47834874633079727,0.92,0.85,16.0,51.58241846685571,0.45766501218789796,0.29730332182814606,1
8.40508699121696,61.53849691374187,71.4377425217626,63.96466248144357,57.08330325257001,81.59323559352637,62.976529703379065,35.62344605698167,6.0,65.81002623055583,0.0,5.0,63.08655318172741,0.6910952565000597,0.16764958062400767,0.45830632763793405,0.95,0.82,15.0,47.819839599041785,0.4345660107255837,0.13493650710630162,1
8.992841377671489,45.49251406021449,74.38571891877362,80.36728123954671,82.52430180802793,46.97719717951891,71.48650334746308,63.656325440306425,8.0,78.19406036813152,0.0,5.0,69.05759992485532,0.7527234378538186,0.5529221144942142,0.3921296534842651,0.75,0.88,25.0,66.27815158774837,0.6871571823896315,0.43359333283340634,1
7.878395227431548,79.56781909668514,82.29955327464171,36.32747430585874,48.33479288142205,78.90924538623744,69.9626987410408,37.69863664898113,4.0,35.9735099785633,0.0,4.0,79.19841327570673,0.5738828721885354,0.17891175807147325,0.7010911045186273,0.5,0.82,37.0,63.79352281567857,0.7668394978956706,0.4820891437835193,1
7.393008041296392,60.3077268664672,88.3075332018966,65.0105313315681,52.591454823800646,45.83274814610982,61.72687793011539,75.00217868456441,2.0,44.508188993959635,0.0,0.0,73.11913119383105,0.8551994041677164,0.20050542310743433,0.2925256143206011,0.9,0.85,32.0,65.5433322967383,0.4404540190612018,0.3300643758769544,1
8.142677133190993,60.06439260321085,80.02035854533324,66.23143013203129,60.12231772516493,52.936396180399996,72.01206755595972,61.262487237848084,7.0,41.402257436951345,1.0,4.0,67.57750081754006,0.8563158466178695,0.29900471181024424,0.41261316058827285,0.75,0.9,11.0,61.97572867483733,0.5246807194853803,0.5152365953990705,1
6.060061110672509,51.46318696448522,39.92447770400845,69.60759989942638,42.21313134843811,43.79233873696939,58.68352056418033,60.80800182231267,7.0,77.93588324219792,1.0,0.0,27.377167659945805,0.4752666739759596,0.3326492645789524,0.46933852299934864,0.9,0.9,37.0,38.42398697204324,0.9449587747667781,0.8139583121279537,1
8.993612832427717,54.689594381522255,98.45559486138656,69.99306278526235,70.66124174881833,55.105206404094695,73.13621558215873,98.70750606595874,5.0,66.69927860930778,1.0,5.0,93.06209698208455,0.8980703260744474,0.5567489352205245,0.759153977309492,0.95,0.88,23.0,100.0,0.37438497527170556,0.301436204038613,1
9.204626965895521,80.86453239711055,86.6245589434811,60.2616705249457,70.42541478389987,79.17028400710785,83.04573710652662,69.66454855959346,7.0,71.50700719802586,1.0,0.0,66.1716458936507,0.44785574132810635,0.2520919780369861,0.3108947818622099,0.75,0.85,9.0,69.63447827778556,0.44517428066201736,0.2839539499348858,1
6.914861670614224,57.81738969121812,68.66281752439379,69.69313394696813,37.87824462327417,81.87958322343276,47.10187660823977,64.96087361114891,2.0,31.927765521165668,0.0,4.0,94.87917802526073,0.9240943662605898,0.0702515230994587,0.5646145908286844,0.75,0.88,12.0,75.87510440036779,0.7410838868047459,0.39703843435393,1
6.657378891728056,49.969255700608386,67.02257572788963,70.57923196829822,38.37701247946539,62.259185375031315,53.86845228302204,67.71491491674819,7.0,66.76971906900465,1.0,3.0,96.0017878452251,0.5026664381746705,0.5185757854911931,0.5294320052889099,0.9,0.9,23.0,66.98315144841074,0.7028999924901761,0.569699023602703,1
6.513144765013697,53.690440347422985,75.03304403812827,49.66579720025171,44.92021369720654,55.105206404094695,35.370364899560286,29.25442771889937,5.0,82.95087237228772,0.0,5.0,51.656350339163524,0.5799112847255079,0.16867818230547355,0.301598429476697,0.92,0.8,8.0,36.492950353750345,0.4739988926286882,0.45463661795445703,0
7.036656454554176,56.222362873093,73.84939916296622,47.21574952040655,45.955691710379625,50.332389678001206,86.05739568606927,55.02516541268487,5.0,31.336424195604337,1.0,1.0,71.46812429794124,0.6588837130703711,0.36476749754310145,0.6369721755122787,0.9,0.88,40.0,51.3247931220608,0.5473477318285502,0.1060184790953341,1
6.187165655724857,12.510163051306002,45.81301168787357,62.927513825001725,64.53625953627534,35.25114499754137,40.92422913553897,59.11337694247239,6.0,59.3557316717337,0.0,3.0,42.181769364274736,0.40847511534936626,0.7083377578003307,0.37033067496332045,0.95,0.88,5.0,89.92553736078014,0.29955850411108,0.2896230855758589,0
7.387179538162082,65.34502239534048,55.699831960407465,44.83049569920228,77.49474432730317,52.15290519391676,60.696288802845444,42.906640104363234,8.0,54.6925499787564,1.0,4.0,49.474787968407824,0.41395354943579016,0.25954118633938655,0.33061062297062943,0.9,0.75,3.0,49.09019242428506,0.19094102170931615,0.26717782997610484,1
8.493822349444462,67.49590917227646,85.80337016898622,67.95213685956449,26.56216736574769,80.25609231383244,69.75886046828793,58.626197656296625,4.0,53.81665972532609,0.0,2.0,69.44876168395946,0.46604927086027403,0.2416046843578085,0.5245110369270377,0.75,0.85,16.0,46.1267027623648,0.45874154283293417,0.22874341359486708,1
7.976273266593655,47.11743610292467,93.84634842158763,71.62253457182507,58.443482057817285,55.898900344394114,59.54517136736963,49.22994586007988,7.0,51.407291081728204,1.0,0.0,72.80589786767922,0.9312708785590853,0.22443984666893857,0.2990374330478906,0.9,0.85,11.0,65.05568897593011,0.31250375783506684,0.301436204038613,1
6.975542693833632,56.51939946056251,63.03424202791879,62.030581148735195,65.42603391335791,75.33483788303118,44.022137892338634,61.259770103428146,5.0,73.39222052074626,0.0,1.0,91.1740498330911,0.4093991855110534,0.44779542375588643,0.7779578924859616,0.95,0.8,38.0,68.71550636826375,0.7671544574652508,0.5041340558148081,1
7.505432700225146,60.81554022070068,96.3825324559941,36.09069596553239,55.835324513384855,67.97984854694673,57.51186209573951,64.32192294871435,0.0,48.739883742872166,0.0,1.0,61.89899629888212,0.8795124250905937,0.048997469905181064,0.16710885110366025,0.9,0.9,10.0,65.29843645165357,0.27310056743255395,0.09857745178359681,1
7.0692587896835875,64.12586237011628,65.86276363420093,46.9260576681547,52.593006562401875,56.544935583617594,58.438339157019904,44.256477487102316,0.0,24.641126253290302,0.0,1.0,71.60140130534738,0.552833443515049,0.1429371403963494,0.3391031997291149,0.65,0.85,20.0,54.54090700249782,0.36476253403671716,0.23384880774750919,1
7.179271760911483,96.34307288024387,67.60355067888953,54.237661580968116,42.31201276924206,100.0,57.45170197546549,57.275056909213504,6.0,60.52181928899411,0.0,0.0,78.59811967065899,0.9163363288436122,0.006872249457834428,0.3160304785232822,0.9,0.75,4.0,66.04819601573216,0.47696768999254463,0.6487911122355354,1
9.021436388135728,43.93001355179565,98.27398315688279,65.72892513781753,66.01508210458776,53.010656470777825,62.403256752695775,41.85917969669893,6.0,52.27997128945711,0.0,4.0,47.66634720204628,0.7293111922592262,0.3689325717549803,0.7552421676389428,0.92,0.88,6.0,47.65018077845653,0.5563890746043506,0.23384880774750919,1
9.399968610515982,49.781812870840795,88.13273442159829,68.92837729592055,81.24094545822108,48.31367722644255,99.63259591754479,79.51143911438795,6.0,55.895268418675926,1.0,3.0,79.39303192144115,0.779783568477395,0.6461116294386309,0.7047092193057747,0.9,0.82,36.0,87.38349681393925,0.7118929073056302,0.2177368876314814,1
6.531192843785499,55.34980391917253,86.8307369136164,26.652227688844157,36.62944250300161,75.33483788303118,63.117393213297966,42.87630040205894,3.0,49.211901563172596,0.0,1.0,70.98336651422835,0.5747495391190922,0.3175429468269606,0.44523120652442744,0.95,0.8,21.0,58.05849139162402,0.9072378012425164,0.7778640517403863,1
8.493672662799003,77.5116528956606,77.15195755695665,57.10268397875092,60.515893469458156,84.39531901294643,69.1974988200533,84.07111158712797,0.0,56.321373678529845,0.0,5.0,100.0,0.8587912354856555,0.2320279003053658,0.522409735682604,0.95,0.88,15.0,82.07712096460732,0.40685113224592573,0.4485477709565169,1
8.347597852321217,73.37248458581472,76.98251258984104,52.21369867154445,64.15872420389996,54.280269343255256,83.49487256446493,61.151694430452984,0.0,20.388157532434818,1.0,4.0,52.70927747035226,0.7329818025206057,0.198457240499788,0.7354225390664066,0.95,0.7,16.0,63.60225564906944,0.6954371389059761,0.41699875517824825,1
6.424081399347061,64.91454861113122,34.61955219353026,38.26024983552655,62.129714557151495,88.75614258676367,48.8820908620453,38.14582188386166,4.0,67.9581962628358,1.0,3.0,63.49581010079874,0.5895235175181938,0.06777604377930363,0.6693356906771565,0.75,0.7,29.0,36.12201630719808,0.4984304707401669,0.17322728136691343,1
6.634497095649275,64.13595505503193,58.2840853538253,57.64195494820765,64.45774032971669,60.46083783543882,47.85403000128669,52.16852704292406,4.0,21.65252543113349,0.0,1.0,73.72124624445395,0.6615280675347333,0.18143756225334073,0.5268942546240248,0.95,0.88,11.0,63.275312690474884,0.3939585748999092,0.46566035868034855,1
9.255134279551028,76.34498642050788,85.42799541295321,76.95397181167641,59.81165825628348,68.50927809077251,88.77910296697954,63.33480034698425,1.0,40.17811420816868,1.0,4.0,97.83815414304193,0.8913319498509189,0.32655179220093766,0.759153977309492,0.95,0.75,33.0,73.93323731068561,0.8840858260227816,0.6669428291980857,1
8.54677237033515,58.48992120222046,51.721470632867856,90.43747574244773,69.91274759693385,67.92380874874549,54.37459689325093,43.41448279731844,0.0,42.50413832302704,0.0,4.0,52.29484179209887,0.4908230213986097,0.2519661227871587,0.7129888096042389,0.95,0.75,33.0,43.93632330490966,0.6625060357872758,0.23616368689015776,1
8.031482854899247,53.68516659319346,60.3781851137647,85.94309050458341,74.2292633342958,73.65263678738921,50.595877443880056,56.50674729258841,7.0,70.27404349347408,0.0,5.0,75.7855722769493,0.8924350290108047,0.24909107419862417,0.7385067611110343,0.92,0.9,39.0,42.36741685647837,0.8466709439431882,0.46190140206249786,1
8.564288459142306,50.54307110273143,70.50729931377262,92.30972678667729,45.151262471155746,60.90441590063188,63.26981598861938,53.26833478195412,3.0,60.10525421125453,0.0,4.0,70.72648084213307,0.5530361183369766,0.4947057476844462,0.5989733061468859,0.75,0.85,33.0,52.47190666345128,0.5886619420741936,0.3810360921958182,1
8.855774329061695,52.75454730713162,67.20917935993793,67.43864738494008,68.20414911463973,57.73519697018828,75.253079940184,46.12713249129668,1.0,36.666112722451196,0.0,3.0,62.4816270734994,0.37939760028280267,0.5619053656304719,0.3031536428936531,0.92,0.85,33.0,48.658207242302026,0.6035875171171153,0.39601845727663343,1
8.792594016779105,85.52599196127228,72.97544868071891,93.42110876864928,48.713425795120955,95.510132754048,61.9488417817529,71.31857632112687,3.0,66.42823433368494,0.0,2.0,71.05508684574725,0.8900184787798413,0.08306686458229036,0.5605477885157693,0.92,0.88,13.0,65.96716967349275,0.7374861279622207,0.7619408669004027,1
8.993612832427717,68.5088093931845,70.84754591528716,87.68912886599622,58.14320694210284,70.5579530141367,64.24407780825538,59.51809044535622,6.0,60.970435226974864,0.0,3.0,63.49581010079874,0.6326704464627056,0.2618006339272106,0.4703158045605062,0.75,0.82,13.0,64.20545640489586,0.4878933430223246,0.45143887917420633,1
9.526288311030132,75.47864994768459,59.6724241347537,100.0,75.30870164944379,72.07457647366134,74.22108125129165,58.760593972900615,8.0,59.30440457080773,0.0,3.0,38.68543928269039,0.4942320930423154,0.35694982095549915,0.6124086858926742,0.95,0.82,10.0,73.58868418450938,0.6247488998593761,0.6445926803495114,1
6.826988401448456,45.052323159863576,50.83099643319774,64.67972751950519,89.29232115181085,52.026514893768464,41.840183645585086,61.64613415339084,7.0,27.956997325977003,0.0,2.0,66.99017631155623,0.6243505625155463,0.29609321375174263,0.5726557401950839,0.9,0.7,34.0,76.3876827117074,0.823302511069916,0.44651675935279705,0
8.571279053536625,68.50156191297194,89.958896067715,84.95467067790774,61.70040903837374,62.740493209737664,62.76911590847747,81.30504562529993,0.0,31.761154353996872,1.0,1.0,81.58189336967735,0.9283197688770755,0.150725058442453,0.5787422914161079,0.95,0.9,33.0,57.61008366614228,0.7248679060367467,0.49233203033253364,1
9.32239458810507,65.68472034836954,100.0,51.52142348485153,61.08719393925504,61.53419909218473,69.71222861514727,44.52928843299744,4.0,51.59358558040242,0.0,3.0,45.74083187016048,0.612618117753789,0.24150790443505973,0.501239752874988,0.9,0.8,18.0,73.4351825611117,0.2880407211617288,0.19638084522484817,1
8.842669644503593,100.0,80.74505378672741,35.81806631967359,62.14572586742122,66.13146883741574,100.0,64.43554280344095,3.0,57.13304084538368,1.0,2.0,41.583881831640234,0.45811472954235793,0.21229678460128296,0.5155167982026448,0.95,0.7,33.0,74.18677440863458,0.6135963017694586,0.6689347037800708,1
8.106716288843103,74.93026196409494,66.63552657813007,53.70069908015646,49.69178627123887,65.27045784442684,94.08192206111417,65.68403768318964,1.0,46.529203896384956,0.0,4.0,54.57839899880008,0.6807506170263498,0.19965759455902005,0.677307714518455,0.5,0.88,29.0,87.86669502222006,0.6708686487351204,0.21803383465760875,1
7.466500907560217,30.383419026566347,60.67382515901695,59.31253332084154,81.37952491868018,52.86646115381075,41.12602347981549,68.64202251494495,7.0,47.347855427060146,0.0,5.0,51.845393324549434,0.41369469674761705,0.5215588248997978,0.48879293265185514,0.95,0.7,16.0,49.598302982806,0.43185997649018854,0.1858932482558995,0
7.137656507756337,66.32758437430563,67.52622876180304,64.7959031923,44.662338158665705,73.16801992893807,71.52587532758453,71.01308137979906,8.0,68.30201390442475,1.0,4.0,66.97950545282364,0.802295195895643,0.25088575128956775,0.555209612142749,0.95,0.88,33.0,66.58637692362528,0.7824995079320066,0.4963606423345255,1
7.1098254551952085,66.638522982978,60.58134676757589,61.96831790422258,82.56213899120925,75.20152243946423,58.8094064332719,61.933367613035514,8.0,100.0,1.0,1.0,71.82264602600668,0.7784369988239928,0.25805730071448313,0.6111456576314054,0.95,0.9,29.0,73.8799850235205,0.738525112861607,0.5756691006461413,1
7.59323507402306,68.87042962063305,57.08029271953827,59.4123472077734,63.39931261100288,71.83738157194104,64.67940878322979,49.05762773881804,6.0,67.77059008519768,1.0,3.0,81.05632417604699,0.583831793200309,0.20171694371199986,0.48733353417964115,0.5,0.88,26.0,34.968279161269095,0.7084846508542061,0.39195086103226995,1
7.777032975181067,42.883167340762014,87.30755363762131,48.068846362526905,78.12918339922845,28.823108021933294,80.52612321984095,75.42310094031224,1.0,49.35162193685265,1.0,4.0,48.72436501024103,0.9307935766358313,0.36009046194292993,0.8858415527846273,0.95,0.65,40.0,72.13795594071979,0.9085547756841623,0.41054749486727476,1
8.341429660091661,75.62813063614,57.012439170140766,45.98593536867725,85.77679054593459,78.79999559607174,83.31194389129745,71.9403197132827,4.0,61.514343383736495,1.0,4.0,33.298149029759486,0.8198487949110649,0.0788696640196677,0.4132862007767181,0.75,0.88,15.0,75.0610400065905,0.46973623440814877,0.20190577172610846,1
6.067871644865687,30.776993055130486,62.51102409429279,46.70054755241138,49.04795577363911,27.273229037149257,31.64973113190479,62.5689765444831,0.0,40.05232797900264,0.0,0.0,38.597440661066074,0.6188517659320418,0.16336758749067504,0.5234201331694872,0.75,0.82,5.0,67.24924962602714,0.28083458524069704,0.11150604903358233,0
6.196300084654716,22.351532459563444,58.462961651785534,57.414643488848505,55.43721433760658,44.368521753532896,23.380614404457894,72.81486916852238,1.0,52.13970953885516,0.0,4.0,100.0,0.42020283059102626,0.61959907641737,0.3562045285053407,0.92,0.8,17.0,56.28941184654524,0.30431237058151794,0.2189323173226768,0
7.083465121577717,72.35625197253626,70.61917771251808,64.74275464757044,35.217317165148316,79.29267123770748,48.5485655758726,58.826538216409375,6.0,62.95704946013494,1.0,0.0,42.923015960900365,0.3208998455813353,0.20195612973624927,0.4427995377273442,0.9,0.85,24.0,46.67770506007083,0.4792229571540699,0.36685485273725615,1
9.60560380662198,78.87541259149563,89.59914708650993,75.8179509648012,48.14570853553312,64.45263176615568,90.01287720517553,48.980558019675186,2.0,33.302435337824605,0.0,3.0,43.54234677142452,0.37532465072801285,0.3326492645789524,0.658443852284625,0.9,0.75,32.0,46.760982593870374,0.6244411129362911,0.2811828588374374,1
9.325018780491513,77.53557532481639,72.27808889548636,91.98332186531997,65.07559433230111,63.69974189390321,73.82847644700988,40.925109231955126,2.0,44.670435808983385,0.0,1.0,43.00582309980497,0.7760426768433017,0.07324104186457908,0.26163235257953893,0.9,0.7,17.0,46.45452744351937,0.6272901796057558,0.4177440572179138,1
7.200530396957014,67.3285953867671,62.80756897047952,37.372509562873205,66.460699801846,64.45263176615568,65.71645540340958,49.22420139532377,1.0,45.42164294335682,0.0,5.0,90.2909764493623,0.7738617720087684,0.22415198184759919,0.4567690474003938,0.9,0.85,10.0,52.39798933828072,0.6558496185982919,0.6774388061762338,1
8.663347838458503,77.58470605723676,60.08286280460158,53.487249456669886,96.51563913421003,78.6827279251982,69.41337402973876,68.8320611985311,6.0,77.62438345060482,1.0,4.0,63.74088742352744,0.8329042549812968,0.08961659985162249,0.4721065961042313,0.65,0.7,16.0,61.856505332235685,0.6932602796607561,0.4366821851954594,1
9.368072330945491,68.49801986536593,89.94760250312748,64.74275464757044,66.27778413158543,67.27067154748819,74.11374615032926,53.90824655454843,1.0,44.832762493129295,0.0,4.0,81.46271617317727,0.6685203663142463,0.34744045922308636,0.7121394966425431,0.75,0.85,16.0,49.16340593767248,0.6363135240795672,0.4861548021415108,1
7.489828085178685,47.99377084650935,50.82158043669916,78.7614322282572,56.87739944361286,61.97986959816653,64.56446400201355,71.20113872866425,8.0,62.567747868210475,0.0,5.0,64.33351972344647,0.665812619278437,0.4943356277542605,0.5908679062800527,0.92,0.9,11.0,65.1585408088156,0.6742252477569899,0.5236952652032016,1
6.180021276020831,68.67094595883717,27.91118626670898,43.76707132221587,61.651010169055944,77.9573422499257,55.276887718229794,53.90824655454843,2.0,44.019852955783,0.0,0.0,64.44733682054753,0.6029534244028553,0.052660775843402896,0.5315138714968831,0.92,0.75,15.0,46.22051459318171,0.4383567474097892,0.20779429514526068,1
7.806161347957696,41.085796011203385,64.4465366133006,57.410130969496024,77.40362535497039,60.020591442836846,62.070832330571946,78.59763260672872,1.0,57.75743842990384,0.0,4.0,87.05787278582604,0.37314354990134435,0.6740851775758215,0.5076670660099751,0.9,0.88,31.0,78.28225410716618,0.6766802486570764,0.3182977190723899,0
6.462963517588419,37.285088127764446,49.93449577198935,82.55497718649974,44.53716366422462,41.02425083661579,50.97381123478225,49.1699028607585,6.0,68.41453625734667,0.0,2.0,66.47636903369863,0.5251276893770674,0.49137739436585653,0.481093383223669,0.75,0.82,27.0,52.097023678927144,0.5634503803635755,0.4054133301802382,0
7.2308247983332965,58.046089905105966,63.98559402655882,86.22839360727667,47.22237346833333,70.87355184133548,56.69410704321322,53.17999832810546,8.0,81.66058047582425,1.0,3.0,100.0,0.8551994041677164,0.30421160776366407,0.7108025616953638,0.92,0.88,30.0,62.193817678186115,0.4983049870727729,0.29180905625663656,1
9.270732459638399,85.09027140984884,73.641102975437,63.69783672828453,77.52331738947711,97.6450133889472,60.531531583716735,58.46412675626265,4.0,70.05433557544272,0.0,5.0,54.55071961647692,0.6804059985001389,0.12019997167372869,0.7801848132516915,0.95,0.75,20.0,81.00142596469163,0.5532030167096954,0.45320607206682606,1
9.204626965895521,85.38824474996372,83.58715747226272,56.65862668476794,67.06085801384036,100.0,54.615180366106145,79.10266192305099,8.0,52.29876593731328,1.0,5.0,98.42108628569426,0.39487332653995233,0.42111370397251646,0.6696154496562764,0.95,0.88,28.0,90.37912744749228,0.4560394198015238,0.5379641696025194,1
8.990187249510106,55.56445804601837,84.97136555754093,93.09900908936223,51.868360093619785,65.79993875535992,39.03119770377545,41.55871193512445,0.0,15.569761684500932,0.0,2.0,43.91253848292412,0.37298940255772817,0.3010737055498885,0.7145716791660749,0.9,0.82,31.0,36.32755161595617,0.5175027008287908,0.29585479504058315,0
7.5281246846335055,33.20091198648179,78.65412314706765,91.23238425195878,68.67030202364694,28.48045243426018,49.84443134035607,57.197385951665524,2.0,50.295415349400685,0.0,0.0,55.75007750906675,0.6605315050765403,0.470722918225745,0.25422737850619487,0.9,0.82,26.0,68.91034836664596,0.6971586043237403,0.49180093755448967,0
9.457230790766669,57.25537729715162,83.09585716429623,76.28054395856005,64.9941501919911,68.537283100063,74.50092113860767,83.06526908696473,4.0,46.91987963879178,0.0,4.0,22.287742708560366,0.32905729083821866,0.5144058574263531,0.35643737349366095,0.95,0.82,23.0,73.73685412115572,0.4747200330465397,0.25585300498793695,0
7.8091486753789106,77.94234176574918,59.544122736533055,16.73790005567662,100.0,64.43151808121775,66.80182177498321,62.28895724518228,0.0,44.300040564876134,0.0,3.0,59.54292052413797,0.37426419973473274,0.21067243558739074,0.6079017633953091,0.75,0.8,26.0,67.88808229661348,0.5533049670939012,0.3718547788262599,1
9.250867858804227,79.53193407967075,92.99913362472384,62.927221795450755,49.21220451646647,85.55157118861669,75.83028032175157,84.58504051008238,5.0,69.67464574870445,0.0,5.0,81.34275977743853,0.6788827530021375,0.34372027183542986,0.5802342781974072,0.75,0.8,26.0,84.07510524789555,0.4345660107255837,0.555989018397061,1
9.05027890928214,87.18445487052958,67.20562004505459,88.51313113218416,71.91184806429698,85.80988516263253,62.78305323433235,56.162429266715286,7.0,74.95234154137002,0.0,0.0,71.52406032898851,0.7773790059775203,0.09867276466125999,0.43598753904618526,0.75,0.88,35.0,45.166330035386196,0.5942973020857562,0.518574197815375,1
9.442428431507558,97.52338586264608,74.27674053477384,71.95660201943454,71.19959802077335,72.02655259925345,78.1941646536487,62.1161690175439,8.0,100.0,0.0,4.0,35.23032520257529,0.7077987711845777,0.05284436660469779,0.2779708981226975,0.9,0.7,17.0,37.433931023340214,0.26742010904659536,0.3068535771022094,1
7.691061008445171,75.84465503540254,38.75298236520453,66.75915027436204,73.3666988610764,85.39553555592641,59.468722255496516,56.910035248703345,4.0,62.73757197914751,1.0,3.0,66.97950545282364,0.32905729083821866,0.3204650062600706,0.6649897243315316,0.95,0.7,30.0,54.46239277629938,0.7702957903939286,0.562535314513678,1
8.818522359974994,73.92547033606304,81.80621747510916,67.34063273773629,70.31707107447015,83.16780060073987,55.69832802706619,62.05680669496235,7.0,69.658118619234,0.0,0.0,81.95625967242901,0.5427873252691711,0.15195053164356406,0.3813651327740115,0.92,0.75,32.0,54.79549982413267,0.5198181593824757,0.20499594150426537,1
8.323865702712865,75.00093464920404,90.43316022802603,64.7197802055744,32.71300115913965,73.13686838321674,76.5880731409143,78.65726382576669,6.0,64.32739181038447,1.0,4.0,49.525634910984934,0.7835808568408629,0.134843203784408,0.2303402581239349,0.92,0.8,14.0,61.360432211998585,0.5273280879088494,0.43041823898500225,1
7.6721904112875,62.381575583222585,64.13071860138405,55.447971863663234,51.557104730069526,71.27390399211153,60.81011377013329,33.06488162556992,1.0,31.508200078311198,0.0,4.0,42.372308710020185,0.8307695911632429,0.047050699702640975,0.31150272281535085,0.92,0.75,4.0,40.230004353551685,0.3265489903600643,0.1987432175718592,1
7.89106126898844,78.1739950425671,69.54034656431699,64.40282593520422,65.8362006770834,84.29347735041229,56.16271861243262,76.04067203747243,5.0,65.9069078391665,0.0,1.0,54.14338786245317,0.5285438222708773,0.1393945300417816,0.7284595521993862,0.9,0.82,36.0,71.70985217238399,0.867869688127152,0.5489656739274296,1
8.529601997204841,53.27484629211811,68.28292770087428,79.79216429302535,50.376323092934356,65.0457440490498,67.23323591408796,73.03041009291606,0.0,28.768842776305767,0.0,5.0,76.03177543582339,0.542103287332283,0.4506801059791214,0.6917516496212187,0.92,0.88,10.0,84.11711069515074,0.3259927413917057,0.17263831227293133,1
7.0793949800007585,55.253688653778504,59.974558185374384,82.63465023871264,35.96322874960157,38.589526549743,62.04962270416078,39.11121813518139,4.0,46.178882680936496,0.0,3.0,39.14746347713951,0.3962056763460832,0.33074715403676924,0.5764609927268776,0.5,0.7,21.0,68.1250956924501,0.6714603093024036,0.4306808051686125,0
6.4747099813614435,28.86134898872878,52.34126538016344,68.35492214894316,37.20930291082239,61.459599837167694,27.56485991544396,34.65112645052717,0.0,15.664718773491657,0.0,2.0,36.43268334487493,0.38507123496916945,0.14255936804801242,0.2844192348389063,0.9,0.7,4.0,30.223090259407616,0.12846935720854646,0.015244731184755072,0
8.848550751906897,67.36279718543146,82.41735820576775,87.67733413494962,75.3453961451682,67.70397746691957,58.87653501779751,58.00393266847589,5.0,57.39350416152196,1.0,1.0,74.813279197631,0.8324979037468172,0.23255646403049038,0.7460313492251649,0.95,0.85,37.0,58.50511767268469,0.8445551265310647,0.5520403469297582,1
7.143605028767571,60.70402533608381,68.54839496601312,55.79650767326744,46.69545272385916,64.04565152803552,68.07143042375529,41.61018550541492,4.0,70.05433557544272,0.0,0.0,32.00780686197456,0.6517244657684774,0.07283880880741583,0.29568162223476674,0.92,0.85,1.0,44.1550860856979,0.16809611997202412,0.05752036515914603,0
7.168633275198988,81.42422802783577,57.043006116365724,26.1630680832775,68.20167076932098,83.98407936097162,80.08791573228999,71.21230935598257,6.0,47.03909127983216,1.0,3.0,74.85564250590727,0.7717652843303102,0.11626410969403878,0.3697283443096512,0.95,0.8,13.0,65.45539839008853,0.2947051771971269,0.29645063357595686,1
8.400188460251009,60.19464198601865,79.29202734412657,54.70419665466993,72.75404965022243,61.79945460857876,73.58103722580985,73.00006563188333,3.0,41.301108174676585,1.0,5.0,100.0,0.8060836345916822,0.4602920078593639,0.42632982461863106,0.92,0.82,24.0,78.51179403503936,0.6838137773244636,0.5257273030996608,1
9.267888066066103,78.00823256790228,86.39802118409892,59.78676452090709,54.360711763613466,92.15662120309506,77.37010964816548,59.04466647590401,4.0,39.068914944878806,1.0,4.0,68.36877978430667,0.5527935247730142,0.24111503971150183,0.5991927196013769,0.92,0.85,24.0,57.95211771358339,0.635380866444081,0.393123600590507,1
7.915878696685093,59.20765478841679,89.28359073042955,44.71831570034069,48.14570853553312,55.88613024946892,74.68438135601772,54.33841891700839,0.0,15.664718773491657,1.0,5.0,75.71746458880875,0.7615153247646449,0.325998858271419,0.4388471645074122,0.95,0.9,7.0,56.645188803315186,0.3408980625689435,0.3163829513232137,1
7.435783047932731,47.9277758648001,70.28450558820978,45.58565320945278,68.7370001633232,53.428920859626714,67.7008569721522,62.37451145301948,4.0,67.58020495261968,1.0,4.0,46.36284985554785,0.6910952565000597,0.4068636978117846,0.23412638228376023,0.75,0.9,12.0,53.51100977721095,0.43825595799681794,0.4666847444604621,1
6.088264812917682,45.83568043854434,60.343387266390806,58.38214636238868,12.562676667996058,57.47800098659994,45.219931940819734,65.88765899677249,0.0,28.682742472750718,0.0,0.0,81.27990528019299,0.8434053396542087,0.06001550653004257,0.06369795725274584,0.65,0.88,0.0,49.372676815985315,0.15255606811383798,0.20568273647457233,0
6.513303210426591,41.6242440786147,44.62374080424685,92.70650550920631,38.37701247946539,44.665828553335146,50.57036625439437,65.45581246546749,0.0,32.295717328791156,0.0,2.0,60.56427305278913,0.45146755410472755,0.4211581972137705,0.6120013556437444,0.9,0.82,37.0,68.27143333894388,0.63094216661556,0.2778067179068022,0
8.48020959250317,49.77837234166432,75.32306959600358,76.49827576497093,55.38988904695242,68.5030117581637,66.65661333458262,37.39512150910689,6.0,88.9798640320142,0.0,1.0,70.00505626476061,0.4489938214230409,0.4632465962170735,0.6066501874630807,0.65,0.85,13.0,36.943969777962906,0.6932602796607561,0.39601845727663343,1
6.020797813571584,45.68346890947913,28.070519942640075,44.229455813750135,38.51747011717873,61.4946166233207,46.31754268325258,59.92657108485792,5.0,52.15086248124162,1.0,2.0,71.34853891122705,0.8068689058833172,0.11711723222342088,0.34493521292078144,0.92,0.65,7.0,57.22365364431894,0.3011315204811706,0.2530097598455091,1
7.915442844945294,38.20047261042592,58.63937840181184,86.97208226624758,57.47259455907334,51.993594161883216,55.73751564898661,60.92431286047065,2.0,32.85592310774344,0.0,4.0,55.74752431735742,0.36185925933226815,0.5875476053502682,0.6055690831036842,0.9,0.85,36.0,66.2470798483823,0.6994495347086791,0.2941442257837597,0
9.199574201949961,52.332254187809966,90.09836518459205,73.63815979598772,55.81856163202333,72.08732106442527,57.38198819479893,55.69990771682923,4.0,52.86006835708163,0.0,5.0,47.30962496905281,0.4625538007198266,0.41325208476487135,0.5069708880519458,0.9,0.85,5.0,76.98639371318187,0.5253603609963018,0.42683269159335846,1
6.04738553617661,38.9734285008452,29.63480393248991,26.261154281772967,44.75390170819813,28.598704300069805,64.95281005166571,44.67617070918005,0.0,20.40192796721707,0.0,1.0,58.6545461030247,0.30178563198941455,0.610442916075118,0.3879902620890489,0.65,0.85,9.0,45.525429270260545,0.3939585748999092,0.2980673627796812,0
7.1261758166424265,57.31588464986382,76.49613016096212,52.37336481164151,66.63751817984932,58.917318568019304,56.78770649293338,60.98340564991918,4.0,55.22914482997922,0.0,0.0,57.743899427671295,0.6744828285506952,0.24478498094052675,0.43391705606048026,0.95,0.7,10.0,70.82426289218141,0.5807409637757891,0.5569087868869818,1
9.513866335435578,86.25181834904406,83.38898197370341,77.48717088976112,74.47771877519718,74.99533608902287,74.32095604073578,56.223981092151504,3.0,64.06143007651826,1.0,1.0,43.94726981384268,0.7680277000813932,0.100534870019808,0.5269875390680409,0.75,0.88,13.0,53.60567052978063,0.3092562475048191,0.2919679083469747,1
6.1609152331950785,34.1390090106816,54.5586678833633,49.369789817800935,61.05276345844403,32.41851606206991,38.655491614737514,39.952570108179714,6.0,64.06867246679063,0.0,2.0,43.28412449239495,0.3631829669019794,0.4680779263260436,0.4832888002747358,0.92,0.82,31.0,60.43906028500693,0.5285774785600496,0.3511560140918669,0
9.126494130429155,70.49617223080533,88.0407289588805,80.678865755155,42.14657544372852,78.52538126628795,73.28506520267231,67.98474594770205,6.0,64.66521996165933,1.0,5.0,57.49577664814449,0.5264679582060449,0.3437934076964477,0.7607565560653667,0.75,0.9,31.0,41.04230066142023,0.7755039462695557,0.43400325131007134,1
7.328341723517729,60.937240088509,75.36581907213179,71.5092456772668,48.10458734010366,79.24570607938908,45.47750272139471,79.24635951097967,0.0,69.67464574870445,0.0,0.0,78.11704910121816,0.7109937482278335,0.17714719849105287,0.28770792751603463,0.9,0.85,3.0,96.70032224247095,0.4293803754642961,0.5210503848113875,1
7.785832573091892,61.10737445812509,73.72944550227213,60.671020775787575,52.48043083837054,61.88581932438536,85.59556846090388,71.99207312846164,3.0,72.89747957272226,1.0,4.0,70.47536283614983,0.5147262586370022,0.5613777090241433,0.4972392650168325,0.95,0.82,37.0,60.364427884172365,0.9192462372860951,0.6970504412642878,1
6.64721253482495,43.15234902620382,66.61462689743182,49.47162851737192,72.83666381044577,48.15173713758083,58.65406971979145,71.20070938733129,5.0,63.090353764695216,1.0,1.0,82.8434328391879,0.49637910328371526,0.6423082953925204,0.357589123882629,0.95,0.9,31.0,42.224998451686204,0.5980348555925029,0.6064372285442198,1
9.605660121518294,58.785704577910636,86.4920553390329,72.1755809611717,90.83217217135945,60.01397612250801,79.22446156161135,57.441741587335216,1.0,61.818742871985364,0.0,3.0,61.08376581989818,0.7717652843303102,0.44312914149088506,0.22681625536102262,0.9,0.88,7.0,78.0193916339836,0.4879273946888616,0.6424165352813139,1
6.572273491523413,22.12495791913753,73.43187463914046,51.79535718020266,84.3770770274821,52.107990329950525,25.151452489691835,60.41335821774855,2.0,47.77093416043948,0.0,1.0,75.99808348272316,0.9203245407440774,0.16764958062400767,0.18123164944077869,0.9,0.82,11.0,69.79444013404208,0.24927519981280713,0.08353464489627808,0
9.703443570354203,86.52424839200383,69.44085708676164,65.3805545509417,90.52977959319813,100.0,78.3426126792828,50.97060298101686,1.0,79.36979843606453,0.0,3.0,44.18110771663184,0.5111415827355348,0.12611423350581086,0.6800565363134928,0.65,0.88,11.0,52.539677959216654,0.7917917048797186,0.4788627722495822,1
8.926710407887896,76.48785018552282,71.98136068459411,73.48900997010637,61.40792076119303,64.15417949088784,71.51020990722878,54.25430279218477,1.0,70.39898298742825,0.0,0.0,61.04549944598342,0.5285689163022785,0.17873770389842628,0.31225892534925487,0.65,0.7,7.0,54.58703919106009,0.3226873464504109,0.3907855901473156,1
6.511298391969959,53.139552402223046,45.374399190022295,46.92915198894434,70.47320788895487,37.60857085407932,58.81060856812306,58.080000297459584,0.0,32.57680579332045,0.0,3.0,67.86345710224818,0.6003673338919039,0.2274298783254102,0.6586917595358792,0.95,0.82,20.0,51.85623393353718,0.2721394671940114,0.11015423858547087,0
7.650527143256124,15.90672705814481,76.29092751349644,70.09557460439028,64.216637208469,47.36443798891254,39.73161080231566,55.77281298447204,0.0,8.788647490493744,0.0,0.0,32.216719666533024,0.41057405609820385,0.3367395588061075,0.5446800154426322,0.65,0.65,31.0,56.645188803315186,0.440698845626028,0.02513043216629475,0
6.609479431457397,55.25379525107135,49.83839633712337,67.37255370866538,38.971399530827334,60.917870685714526,69.24350976934622,56.81081016871576,7.0,55.447993460335105,0.0,2.0,59.964868872735615,0.8124138511555206,0.13646138917861894,0.6080901107777564,0.9,0.85,10.0,54.361866719509,0.4280705209243373,0.13482025079786097,1
8.612628953417513,45.95246981590335,66.83841698551697,75.31574866414473,67.17131694951763,77.02212839565844,48.176400691659666,40.87817671829339,2.0,55.13180724468146,0.0,5.0,41.49241178739221,0.5471952551566298,0.37895315569655896,0.644342284397775,0.9,0.75,24.0,59.9122977138793,0.867623179203989,0.6880908740344693,1
6.483458655188946,48.28415257111418,79.93033120689614,61.72092373821384,19.08425820455591,52.66036551845217,58.17114320038884,58.62946627126881,1.0,59.34516974550374,0.0,4.0,67.74931259232397,0.6788233539011046,0.34890342767218263,0.43391705606048026,0.95,0.9,5.0,50.595234259281206,0.46973623440814877,0.4638204205031029,0
7.888283065295328,40.5353253179154,69.49565564486137,66.85300292675349,64.14534988726966,54.32647838170784,42.048283278409826,50.30073231945257,2.0,34.343402689764595,1.0,2.0,52.84202264839858,0.47313256483255184,0.2872545992740456,0.08471943093116613,0.92,0.65,3.0,41.84296734503608,0.0875704327524102,0.1284181039374417,1
7.447880659166634,53.96830524174928,73.33064316005145,56.32503570545058,72.91188085741764,76.709734037341,48.81008589058827,61.81652256515777,7.0,90.33126388990891,0.0,1.0,46.42895838846512,0.4465546786480947,0.32942654022876594,0.7436646588431328,0.75,0.9,37.0,78.41559513882645,0.6532271030206946,0.2537093131056893,1
8.17523595332863,59.24184271535214,61.985022817964236,68.76181919687389,57.631284983681645,61.0604049270243,66.31232205247709,30.711637785069932,4.0,56.66584156016129,0.0,4.0,63.24016928540728,0.366806336670194,0.44103745455869053,0.5557875486720639,0.9,0.7,40.0,38.173586242950236,0.8423703425644311,0.4408082350620758,1
7.290996601446316,46.60052384764563,81.0874775321458,40.134738863670066,55.0151216411177,47.82755957885628,69.23399788622417,73.29123362277232,0.0,39.03651748491493,0.0,1.0,50.77931925014555,0.4696748464477356,0.26648666692960343,0.21293636055221304,0.9,0.85,2.0,66.33593901736857,0.20502202921988047,0.05833177915437492,0
8.89762215886848,92.17870636842254,84.98077050816019,59.239866283041415,57.094729742454085,87.17807262681954,73.92159420287827,72.35239313041573,6.0,80.59684620691678,0.0,4.0,58.75222648276076,0.8419356654043626,0.047050699702640975,0.6239730626477286,0.75,0.85,29.0,65.38782162918316,0.6701600390678843,0.3388789430786384,1
7.538448864820829,64.07325589675023,76.99740163190977,55.365726709765916,68.55088640865466,53.428920859626714,83.20839322849638,56.2871494945792,5.0,83.75237824678823,1.0,2.0,75.95698315444842,0.819708600339538,0.35479848866097674,0.7986334531361077,0.95,0.9,34.0,75.93308415268775,0.662435776431607,0.2792997961224633,1
8.400324716663846,95.30833820918757,55.813982621651945,55.852462221166064,69.1284702197652,86.90774474569658,86.45948118435467,66.12197984440573,7.0,85.15788841956554,0.0,5.0,70.8816145975542,0.8804671200778154,0.09881732699705109,0.4027007423226762,0.92,0.9,4.0,79.97587802241802,0.3237445711582028,0.49218024582690506,1
9.391657680221332,51.799165544417306,74.561726522923,99.40350743076365,68.14113186475943,59.06072520616493,66.00995589769316,44.29079440543366,5.0,79.32281929293133,0.0,5.0,62.833029895405566,0.723646114495583,0.4843912255167114,0.581665865574468,0.75,0.82,30.0,63.24718420210258,0.6999115591425583,0.5056749345602956,1
9.694915742147673,98.2384361863028,75.72176355443615,75.46415424238938,96.7816600559408,95.3070346656862,80.73803515937865,67.16552266947721,4.0,45.40633288933734,0.0,2.0,80.12245914056689,0.7779009080912936,0.15195053164356406,0.5492654117902814,0.92,0.88,2.0,89.01332981870249,0.5074447144950641,0.651200711495737,1
6.48225790697035,50.87502067786627,22.056978152385383,82.19744281124171,48.4543913679945,72.1560144063884,56.188851334875615,57.441741587335216,6.0,48.59518682497785,0.0,5.0,76.25698067865585,0.8479882541492316,0.15217102673024818,0.3439946293041611,0.9,0.8,5.0,69.24444351684194,0.5491192321063917,0.37147316732206775,1
7.001107394556242,30.07853830142575,76.99740163190977,69.496148087789,63.34116482962053,38.32586535474745,57.427830076083794,64.8956094056274,6.0,71.47898494381434,0.0,1.0,66.42259336332218,0.8164352352201989,0.4954460880336981,0.7409754184730263,0.95,0.75,7.0,50.38258768378329,0.738525112861607,0.4618711702362258,0
7.41626889696559,73.38277146618438,64.90101109148755,84.95467067790774,55.43208315781963,63.14293119880105,53.508012921892565,76.9128610012328,4.0,67.9581962628358,1.0,0.0,41.8330523095275,0.3829773931681863,0.26142898521949565,0.4484218060762936,0.92,0.85,27.0,70.18724393765105,0.6897263553928956,0.6157496165462855,1
7.659336459487591,53.23195590532679,58.88706438566876,47.14505826253804,67.84403328747526,61.77700293556034,66.97145344353423,75.76243508577153,4.0,66.42823433368494,0.0,2.0,59.62990832355528,0.4050518453995183,0.28291819880706875,0.05864768698835629,0.5,0.85,1.0,66.13612432876141,0.11293458887655877,0.08752305411228999,0
6.1800155255720615,35.638417370355405,90.15212946797311,54.957794933772526,36.08370075623979,35.83947115020072,42.952958126335474,79.16078712524278,6.0,63.090353764695216,1.0,3.0,69.00578435975802,0.8068689058833172,0.41659530719925114,0.5135416114889003,0.95,0.8,24.0,79.44377346621334,0.8357807716513028,0.7053081190733363,1
9.77546338779002,83.43081221962254,98.33884106997351,59.44650908615705,94.18144799975633,76.5051375113616,81.54956335990931,59.64561709118944,8.0,68.87244459342168,0.0,2.0,52.42628946294368,0.3195381345867341,0.373956412653015,0.48850929124699577,0.9,0.65,28.0,53.67727431515982,0.48873358772954895,0.23810460257991786,1
6.741705013310892,51.48747200200386,49.81523857562064,65.13387605210323,63.926479669165175,39.8709931767293,57.691442310400326,72.15665944262324,4.0,53.169626097770426,1.0,2.0,42.56260014964771,0.3265287579440515,0.4322980263615244,0.2947214862026933,0.9,0.85,22.0,61.714505157391095,0.3250146279050902,0.21034288780544408,0
9.177956304090905,62.65665360105616,69.89421705856354,77.88391407564835,100.0,77.95293302019059,51.994464879611314,67.1050960018784,6.0,46.60300282168511,0.0,3.0,82.18824984632238,0.7991204248910909,0.2631852150787161,0.6656075815971129,0.9,0.85,40.0,61.475718895844274,0.8913742192393812,0.4471906043998321,1
8.820808207788312,81.88091045370022,52.23236079099364,72.63324145488338,58.45098562801292,68.58067136327733,99.5758797547472,51.721761196455205,2.0,62.51846717698594,1.0,3.0,49.765680617821545,0.5104730522296067,0.32711788242514994,0.6905655123439053,0.65,0.9,30.0,35.6931134955629,0.6501907629899752,0.43893786331051843,1
7.8794808511029215,60.05179991018648,93.82365375945372,62.766241624547526,47.327030739469016,58.985130592845664,76.97082284826566,74.95680167732007,3.0,56.044783697327524,1.0,0.0,95.38925607181835,0.6192642477272935,0.5810932580063337,0.4244484990250142,0.95,0.9,17.0,64.34186953061597,0.63094216661556,0.7014607438080592,1
9.48610323921134,58.59357746176895,72.76392336247515,100.0,74.777199864562,69.72923049916031,68.78300485383716,71.20113872866425,8.0,88.55910819847448,1.0,1.0,82.30564397690765,0.879746186657034,0.35301674222993185,0.11770454135540208,0.95,0.85,3.0,51.387590156243526,0.24927519981280713,0.4203905620396986,1
7.240878002152764,87.73617414446753,39.32277260372743,59.778984712460094,40.63360243110248,61.618718194375845,81.54745124097954,24.897589843737045,3.0,31.26974526160486,0.0,2.0,43.41211802988609,0.41057405609820385,0.08289208813873161,0.41700334008002327,0.9,0.65,31.0,34.84770759579494,0.5206368312054899,0.3709941972815916,1
9.034103710346619,48.46348299569193,66.35778635589399,74.10328970198294,67.57627945978098,62.631813263352385,70.59258696222368,42.10141495358538,4.0,65.06041441107094,0.0,5.0,71.34853891122705,0.35936717768218107,0.5845677408358464,0.4582948639166121,0.9,0.9,13.0,36.78729421180367,0.6431278136538807,0.29810188114796254,1
6.874813165400547,59.31196573271304,44.30421954208363,85.25934044951313,50.654101315381666,61.85901675982405,53.079081758079084,78.86675701839255,1.0,49.267573025058525,0.0,2.0,65.98919884179828,0.7210104617580978,0.19155418799185886,0.3660597923180616,0.75,0.82,8.0,60.69843021723491,0.4910495445827338,0.5342402760578837,1
8.653120957317672,47.898781029860835,77.93217922235905,84.61210317957793,64.7408146071204,59.22686535172028,89.85326160739123,98.70750606595874,7.0,89.77105466866126,1.0,2.0,96.45386753706353,0.9220158863572581,0.5835700112444866,0.6037682398478926,0.95,0.8,30.0,82.04516130736886,0.7295370354416768,0.4014638138081179,1
9.514857396286393,76.82697668678826,97.4695327982463,69.04031856507542,65.34891402887922,83.29390853420642,53.759762015864844,51.79072062479115,4.0,88.72851351870518,0.0,2.0,38.52354509619738,0.309837592140218,0.331576241664569,0.5723849621139843,0.5,0.88,8.0,44.208198372225894,0.5165825735471319,0.5451655061730495,1
7.976874254774777,80.93338748949536,50.300424775809866,51.909287713596484,83.25466450278118,73.65263678738921,68.52383327523958,61.41913414592467,2.0,33.13349682977332,0.0,3.0,41.51171387439966,0.7653954044900607,0.054650224355197154,0.4075302905996981,0.75,0.82,9.0,75.6551834806854,0.4389946954689863,0.4116905948312941,1
6.742884144107032,47.00127335232956,68.08311264187697,52.386272466027705,54.591375271330215,55.5031915861046,48.81008589058827,54.6056422839881,8.0,67.28925164908883,1.0,2.0,65.16940533226628,0.3653835522275031,0.4529965049735336,0.124775702436593,0.75,0.82,5.0,57.532593820991735,0.40474522996859835,0.5016842908212539,1
9.39145322081184,60.89002425428227,67.10497279159208,100.0,63.28839353089425,70.28212442962949,67.5365616752421,45.88854569110559,1.0,32.57289165198889,0.0,3.0,66.45215951912114,0.6453547685535991,0.35126510812875433,0.7638522364379101,0.9,0.82,32.0,56.4721460906107,0.7537767240468232,0.4485477709565169,1
7.918207635033293,47.883346839526766,65.10258984592058,61.37591606432337,87.98195785420715,41.77167518425544,69.1369910546852,82.11431836414533,4.0,76.09199211667746,0.0,4.0,40.93722909943036,0.7736113559104023,0.37092263855959356,0.4567205383841162,0.9,0.8,30.0,72.50436696079282,0.6136633121138974,0.3471606145733182,0
6.630446097930828,74.02756118403735,57.168165946571136,40.57287015164853,43.941744799033216,84.38037590473576,62.60986636329675,39.642327065753875,0.0,33.008216731739395,0.0,0.0,67.18294387756661,0.8877946945165842,0.006133790051985396,0.2249805402922283,0.75,0.82,9.0,38.69813066195116,0.28571620726279023,0.11015423858547087,1
7.402156502541311,55.72543461281023,61.767610036412066,78.97718723978183,37.62296995754114,58.10967997256374,47.88525871709916,52.687328560816795,3.0,20.402013944118423,0.0,3.0,53.645446649754554,0.3203953673401341,0.3474273765395586,0.5364128198929687,0.9,0.75,10.0,38.4067577561531,0.6852315580419961,0.5246046197053215,0
7.809777772629558,72.23137144234674,88.62123024845982,54.25137760036039,28.85912618164025,65.60353681304618,84.80236388811589,78.28296272085126,0.0,30.111762481813557,0.0,3.0,53.23793798241026,0.8198651258702447,0.08712069618182304,0.55019180496514,0.75,0.88,11.0,83.65772510222578,0.6101174736245701,0.1954048423996051,1
9.297408024348844,75.24320048504295,79.64848327567363,65.91455737602924,81.37952491868018,69.02839928915797,74.24904790070948,75.36615436656135,8.0,63.38393837994178,1.0,3.0,47.69395617202598,0.30656349173251296,0.6461116294386309,0.5250380431925269,0.95,0.8,25.0,80.63121093038822,0.5910668749914876,0.633437080486496,1
7.194912628627965,59.604624043797195,60.02814646539808,69.53331806971073,58.08932380235685,77.50259583128597,47.45283736229984,72.32122999595563,4.0,64.36820020453506,1.0,3.0,49.474787968407824,0.73129231876358,0.09551344944584803,0.5755644219094838,0.9,0.9,22.0,40.643998442647295,0.4355232932837559,0.13912721102569198,1
7.285560993491264,62.837237063865345,48.439756141581185,42.72645574009613,61.806623949565214,92.98557340779234,68.245934110896,51.90188426836539,4.0,40.15566544160417,1.0,1.0,51.09798189125189,0.3682706622079525,0.19549323748709332,0.5438099081590131,0.9,0.88,8.0,30.390154456096944,0.6071237951198137,0.22148524566326,1
6.572282258481603,60.22046391267885,52.441235806015655,45.32958556824538,49.291638337844795,68.48130437509147,72.28358616478124,76.53961823526235,7.0,63.73766912100403,0.0,4.0,86.2706777872013,0.6277701566274303,0.32567361126996913,0.610669114561773,0.75,0.88,6.0,90.42905309994114,0.5074447144950641,0.31177750936318865,1
8.690746695597635,60.5400711821115,86.22082211746671,81.57583157417476,67.97164797115333,72.78096863567713,81.19493430249545,99.50956497403382,7.0,80.59684620691678,0.0,3.0,80.33054237283523,0.9487460751913912,0.23160853167192647,0.6487199489600726,0.95,0.9,37.0,89.01332981870249,0.777779061598028,0.45047649010278695,1
6.340978855416755,47.16564701588942,51.80634919494122,57.697721122790426,37.65127773503864,45.72795252414937,50.97052042703555,33.9989408932094,1.0,23.023342536653217,0.0,0.0,45.979778024038126,0.3142043764871705,0.39123365925520825,0.3187106454299916,0.9,0.8,14.0,46.28725885984695,0.4767168529408316,0.4041190216131593,0
9.645462921015312,97.68068540262061,75.19703480077366,87.33235444499601,99.89599863227176,71.94316866605571,85.80742677199082,58.43413367693478,8.0,91.29675040580841,0.0,1.0,71.43743330921352,0.9217766529538955,0.16768653151504145,0.662627926958822,0.92,0.85,36.0,64.80390894044926,0.6919730742020563,0.753078361514802,1
6.415272706235321,33.08737727068312,67.20562004505459,48.644106653718424,61.9065130819134,39.74954218389024,41.09204889777469,64.50195112688141,0.0,46.40239355070314,0.0,0.0,45.029403136343305,0.46954118962643515,0.41188985773317544,0.4559520198476336,0.9,0.8,11.0,51.8789683800738,0.4034583053765603,0.3950542152223465,0
9.255134279551028,100.0,66.27881440999865,71.18972694994241,66.60392242341294,91.56519086926416,68.88257589243639,74.6871485063557,5.0,61.93360168871073,0.0,5.0,39.167337819330015,0.5879919140951807,0.04467345143855296,0.3020260389106846,0.9,0.82,31.0,55.112219191094944,0.6235531841034395,0.6439484886557545,1
6.935053123718767,50.78187469796957,71.64526342022289,44.43708652072199,60.330043421625355,55.64623022557458,61.184936906072096,62.37451145301948,4.0,53.13811459668598,0.0,3.0,66.94215241573396,0.7188282306298149,0.36001676963338547,0.6451697988600581,0.9,0.9,14.0,81.79528892098327,0.3019307224338641,0.27957658399406043,0
7.731949901367722,58.638353573521655,64.62619568741012,72.04969473145103,55.20972182798097,63.481207527737254,65.12810531180959,99.50956497403382,8.0,74.95234154137002,1.0,1.0,27.835877079521445,0.3194426083523236,0.41334102128277583,0.48670143179051656,0.9,0.7,7.0,94.48603098832511,0.2267227606308531,0.10923026124208009,1
6.5837309017298224,50.775154826671525,55.891342918108755,55.42306123352514,60.27190067573825,79.7362286117429,50.96064633355231,61.96900888886472,4.0,64.66521996165933,0.0,0.0,61.62182503141279,0.5612968171301884,0.20716936058215604,0.4422282662984138,0.92,0.82,13.0,52.04460308057431,0.5454611958674677,0.35409746697904015,0
6.899630510196705,36.184000265763146,81.02708482251793,56.21477117841893,44.67462965208703,33.77552593003712,69.9626987410408,69.37899306693814,0.0,52.670900425688004,0.0,3.0,39.08162197435317,0.6220186855827928,0.5018994312720776,0.7831276770513158,0.75,0.8,23.0,67.56685416563383,0.8655592559361496,0.49838934009146946,0
8.258847922274517,68.05922671929217,55.891342918108755,76.95397181167641,77.97294257017634,61.97755280834493,66.35587893371994,57.18090910223515,1.0,54.50416245863515,0.0,2.0,29.47955845717155,0.7119876267176033,0.19756565682917882,0.44216360258241716,0.9,0.9,7.0,43.33616131103295,0.7824995079320066,0.8186820187100147,1
8.825147852645065,68.99393026302587,81.40727530336376,68.60525874382725,75.60704770923418,100.0,39.17552405555513,64.97914750586611,2.0,51.851543794294884,0.0,1.0,69.5466024492523,0.7784369988239928,0.07444120376030118,0.5061745725578117,0.75,0.9,22.0,75.85925351977262,0.5994728359282137,0.36809809946076655,1
7.409466821858343,30.800581196334583,59.94696300693801,67.80239067817237,57.02048146481516,43.73708706079452,52.59415716205018,55.50946141636424,0.0,26.14459534276561,0.0,1.0,42.58267103647925,0.37558188885065186,0.29351573495498073,0.399529053917558,0.9,0.65,30.0,56.645188803315186,0.25590083040472883,0.007134373504941889,0
7.006267273822003,57.689024559438565,83.09585716429623,58.41865228367523,43.841617368499655,64.8448581109653,39.89964976961913,76.72601314987104,2.0,42.329753558164555,0.0,2.0,39.22803596571509,0.5045311321553844,0.14733554916815733,0.2286538322349737,0.92,0.65,3.0,85.93777590014662,0.41905397023314367,0.4622173988871213,0
9.320776292034445,87.68572581007645,93.64301923439403,62.15093445375671,64.30393335264283,83.7001604032864,84.80236388811589,62.81437654702578,8.0,76.09199211667746,1.0,5.0,72.34776159794833,0.9377909271267053,0.1293739547867383,0.27190731652037153,0.75,0.88,24.0,82.49878648075274,0.6582834923558459,0.7177189034880763,1
8.303546429773682,86.90696650147399,70.05855693451437,57.93474983443206,47.97462101351665,65.93429364443182,72.93145169151582,58.37927337681195,3.0,54.422171886907556,0.0,4.0,35.38950004745901,0.34937687505232873,0.2201323073866871,0.34987294811649094,0.5,0.82,33.0,61.15527530731624,0.6429410984083639,0.6435331668387779,1
6.299224501555085,48.28415257111418,60.298220194263365,32.66816217853732,66.460699801846,48.50903714593562,57.48839595708087,59.753086899548144,3.0,94.01969880602108,0.0,2.0,68.03870995312958,0.5180569139729302,0.43042360204894575,0.5171896707489697,0.9,0.82,18.0,60.002291694493046,0.5910668749914876,0.5317408297430049,0
6.08462151839248,64.8637323594021,51.721470632867856,68.96821617142761,23.94861163498996,74.81881441310021,43.38326243383034,70.27061517477777,8.0,72.00208193794273,1.0,0.0,58.90749032201288,0.5688433241447424,0.14119812345722021,0.6747990318108785,0.92,0.85,34.0,87.37249940904783,0.5243964437789681,0.3290581696711822,1
6.338359619285202,13.331281758679879,78.27573445475771,55.93305989060336,34.39692983655153,34.2607431684486,39.750457102883686,56.756056969650736,1.0,60.92599052491907,0.0,3.0,48.92608792856216,0.49085978309113054,0.4620465268641783,0.5171896707489697,0.5,0.8,10.0,47.96156243814139,0.5156764368076926,0.1633731244652263,0
8.42291412487039,72.1077407831536,79.71397367163783,57.64195494820765,76.97580329008542,70.5715805658491,70.26847126167229,69.63417192640458,4.0,36.80112720389792,0.0,0.0,58.81834692166706,0.8411889711616396,0.15465189990392925,0.7135749091432995,0.5,0.88,33.0,74.3518846791739,0.8881832609742186,0.7071606746525773,1
9.686765975765406,75.58751406453277,100.0,43.57352040416679,70.77042432259161,74.38299730187535,91.27672381048569,63.4791322090995,1.0,60.79330624228758,0.0,3.0,56.79634921033128,0.38507123496916945,0.5127446601928584,0.3705060829882758,0.9,0.9,18.0,56.99211720970256,0.5508045282846605,0.4750300121386731,1
7.894830278129998,78.1739950425671,36.416910826865234,61.872236905227695,81.21775562146121,73.9540138063112,81.98305555391687,65.4393682734463,5.0,67.4877851460758,0.0,3.0,69.9855888332292,0.918302998223675,0.03912201925474802,0.34375182283505124,0.9,0.85,7.0,58.71040689633954,0.2479089006843828,0.09179574109835767,1
7.8091486753789106,50.738766084774866,63.13104656154478,59.864751988538494,82.3671139575127,71.00723196245967,37.164811423539206,47.58430342891667,4.0,55.13522122776713,0.0,4.0,79.74323171796954,0.46768613714527996,0.2655976508374957,0.45775671229497594,0.75,0.88,7.0,73.63848542274745,0.2821524113328022,0.13201712753510705,0
8.17534014586404,54.39390230962257,69.48373218144667,71.92249844127505,91.05389879927803,63.602314499960734,52.25657983148143,83.01289798936094,7.0,88.72851351870518,0.0,1.0,89.07803665082734,0.7249157312127451,0.34740627800377494,0.2705010875197673,0.9,0.9,1.0,92.92161948596362,0.11390576911471212,0.1948776974335676,1
7.902816507568901,64.45981711256898,50.00736758663365,100.0,64.72435680392061,75.44653366898793,52.984860615888444,70.66100311043517,7.0,73.05471963911509,0.0,1.0,81.48861002306785,0.9007427952552647,0.10280365617458584,0.4174211356860695,0.9,0.88,12.0,63.4958784240211,0.39146971517907375,0.25648330467638303,1
7.795712736680057,56.90306008004289,67.57529996521599,85.4412243446912,58.87413278508601,79.4043047106991,37.28946221980085,64.24030483001287,4.0,97.56152274402362,0.0,2.0,64.1143033901426,0.6434597241948228,0.22566039309950722,0.3482195285588999,0.95,0.8,14.0,62.66799893246839,0.3154046222425484,0.4048307290300686,1
8.25535925128033,57.7758173133993,58.84088905550555,75.36872066369654,59.4616083435807,65.88558867099711,68.40926385146528,56.27244190705423,1.0,23.040172796173163,0.0,4.0,77.9329100259745,0.5057876247132952,0.41188985773317544,0.5629061045791134,0.9,0.88,20.0,83.2045162528839,0.6392967311663857,0.37147316732206775,1
8.313216289813338,86.6132274992916,49.93974629245911,84.65265851093001,59.14072493753727,79.63336998743695,82.85959238495441,67.21283519045464,7.0,54.481544958403575,1.0,1.0,48.22018363106856,0.4979932978566522,0.19591632691781632,0.3160329987020388,0.95,0.85,16.0,53.48332406526107,0.7837307754002527,0.6767792961462646,1
6.0866547099128505,38.21544671038515,48.43651601610135,44.81479900163522,51.23642935403517,28.86482848297902,45.10910247408564,44.43295281917459,3.0,40.69846420829703,0.0,0.0,32.13393839545867,0.4489938214230409,0.2392627869346872,0.3182323833022274,0.75,0.7,2.0,45.508191908139196,0.19348137899946272,0.25095434969610364,0
7.31245689404407,73.25381475043038,70.1081149237706,48.2068027754407,48.279517962498176,65.05368128655459,78.6335315022684,49.05762773881804,4.0,66.50141844849279,0.0,3.0,40.12062058746403,0.7357770830214883,0.11833932931102405,0.4713659968863498,0.75,0.9,28.0,48.4841358901326,0.6558496185982919,0.385868951811991,1
9.41285630590416,82.99318951758477,71.37675090557603,62.70335285340773,100.0,76.15197713775572,74.62180561525605,72.44874720662395,8.0,67.79213030070945,1.0,5.0,73.8443481985498,0.9217766529538955,0.19925263584451383,0.6138084524109356,0.92,0.88,26.0,94.06160312481275,0.7212707782374609,0.6260917839221095,1
7.777079319310808,74.16761940452463,49.16509690556642,34.02472371819732,76.48378490402288,77.14274704078886,75.00595584449319,56.36867214112158,3.0,38.98159328206458,0.0,4.0,83.92479833928331,0.46405792965621173,0.28134785884533514,0.301598429476697,0.75,0.88,27.0,44.739551972044445,0.47587772356797187,0.4585675801405547,1
9.454446294807205,81.42217350625003,58.71294563786587,74.67599846303679,87.5297993906007,95.50234525794895,70.47642029608237,70.26293624232534,7.0,64.26173632324537,0.0,5.0,59.231929800835836,0.5108878138805367,0.20461600953535578,0.21236741346138968,0.9,0.9,32.0,79.40051028364581,0.5239267487248471,0.29122855142909126,1
8.374090411801449,58.046089905105966,47.29636035033255,62.66203341735347,76.23255113716489,68.00885388615576,59.54517136736963,52.23601651283964,2.0,16.546818257472694,0.0,4.0,24.97247365556649,0.3313878288233652,0.20638218388305585,0.5442060355726207,0.5,0.85,33.0,58.25337795591937,0.3375800944985806,0.0414634625281188,0
7.809777772629558,63.647475906299505,52.48608711289824,78.30155281630613,71.19959802077335,69.69169752605497,45.07237602647926,65.83572769389063,4.0,37.88525145917835,0.0,5.0,71.23485566745742,0.8597007120157754,0.15593738678117008,0.3519756722063506,0.75,0.82,0.0,77.11971258445105,0.3615425482443304,0.6777540612903578,1
7.526314209235631,39.36711545033534,83.81800544813123,62.15093445375671,67.22534504637682,51.016689330120556,64.51847593877267,56.392584934213254,3.0,40.51234838468156,1.0,0.0,36.60820817231652,0.5200574508806418,0.4823743072691856,0.7327959895967678,0.9,0.75,40.0,57.62014337067444,0.9509206102856893,0.5023429922676524,1
6.532210537820064,44.98538206627923,69.93563492880853,49.95600182353936,35.50097555817591,52.026514893768464,53.416159262663726,65.06785551344572,4.0,33.05119010117906,0.0,0.0,29.47955845717155,0.4746851020655346,0.15858817506306147,0.4439730847164308,0.5,0.7,6.0,32.18498213860988,0.33005053690408204,0.13710784546146845,0
9.021436388135728,41.476674911323784,92.36746768935134,73.08090153919403,68.61981547606337,50.233552805489666,63.65664985102276,49.635476752434144,4.0,65.33749893639924,0.0,4.0,88.01568114744356,0.6713486053579649,0.6019219467770625,0.41645862795002486,0.92,0.85,7.0,50.36013934277973,0.45954989018195436,0.4002869475112855,1
7.785243375064346,76.84888201305385,73.20021123115563,60.9650764084058,64.27378624333352,80.35590425260375,67.50134993251054,83.2656451880046,8.0,96.48972827515979,1.0,5.0,66.49535898019013,0.9426201827182046,0.07318900511594999,0.8143425424059707,0.75,0.9,40.0,90.03580699759497,0.5412000884909419,0.20250052849361297,1
8.172566599029087,69.53298334190691,58.05721666794942,68.31850376641869,82.19125137629781,93.53635715459966,50.22132953428743,63.18289972080888,8.0,74.29248128430054,0.0,5.0,72.80814044636662,0.8532727606319108,0.12237725596105556,0.6833086451753505,0.75,0.88,33.0,64.25550347205348,0.7773589658954063,0.4771793603943998,1
8.965145676855691,69.00749703987938,69.98779078742086,50.277530378055594,72.25122501827425,68.33017819444895,88.47556001502304,50.30612110348292,6.0,79.11975017814238,0.0,4.0,82.78055445786605,0.6031276709503073,0.38625409177339665,0.4068418020274517,0.9,0.75,14.0,61.363673849569,0.5840140887855385,0.4306808051686125,1
6.402410134252863,32.490981701637764,77.35463149417477,46.304001384330775,59.46366437432935,55.66352126576878,40.04926561587904,64.17978461103945,7.0,67.62438547140503,0.0,2.0,60.2471558696751,0.7123009324912686,0.2871635729146297,0.7103536111311982,0.9,0.75,24.0,60.86445890968464,0.7452817011133366,0.24509246469065354,0
9.407670412044654,59.604624043797195,71.06331388432453,71.85594366389182,93.79604352108244,68.58165712897387,74.16194435892146,50.61873030324938,1.0,42.22826393657708,1.0,5.0,55.754582982859645,0.9223347959835575,0.2330837402743147,0.46683603021715087,0.95,0.88,26.0,62.49389686583642,0.5655132176056292,0.35318098197491693,1
8.103455192340524,55.32896503628248,70.04387459380239,71.79219415090145,61.70040903837374,70.74721935436364,72.83832985996796,49.774789166948814,5.0,91.64006570111465,0.0,4.0,60.9096823446167,0.88462327041483,0.2492062400391278,0.6655624288202087,0.92,0.9,24.0,65.85349282283005,0.5412217995639016,0.19720258734927307,1
8.844354974193763,49.4314514564685,79.70811664244751,72.1234033639523,81.76451208209393,60.46083783543882,45.62434586701535,51.87023461622712,2.0,46.755447945246665,0.0,4.0,69.20453466254324,0.3305384545143498,0.6411805539532673,0.8008410017245948,0.92,0.82,27.0,68.30330934195898,0.7608991296684766,0.575570591442004,1
8.142677133190993,57.90642864639818,65.86276363420093,69.5131519396368,69.69737913780173,54.36464158445121,64.8396028090015,80.2560829475321,1.0,47.58472228144612,1.0,2.0,47.37377913568544,0.3859111285047127,0.4095840266620289,0.7247448658371641,0.75,0.82,17.0,77.53872518315768,0.5638787783441376,0.2804283352257001,1
6.670154244030688,76.06126169402735,48.148618598551934,57.8300670775113,55.075555085712615,82.99214570099215,42.71232861617124,44.23136795730391,2.0,64.05682901784634,0.0,5.0,94.63754734408889,0.7967123665944658,0.11281240961229462,0.41123888173174933,0.9,0.85,30.0,56.28495399022357,0.5063794351915891,0.69363602115524,1
8.4730194409274,75.43552795339329,84.98473913821019,81.0479504072116,48.217358834586,66.58053322798213,71.44770722385618,51.22968565895242,8.0,65.08888244518053,1.0,0.0,52.29484179209887,0.7717652843303102,0.13712571301227947,0.4417295414181887,0.95,0.82,10.0,39.725268868888364,0.47308700506374196,0.3805830475676563,1
6.067779779112554,19.565225738228314,63.96461253160022,37.372509562873205,59.42653827470415,28.437048215226362,49.21540779783115,45.34319126227017,4.0,53.029367655310935,1.0,0.0,59.58407770610593,0.6700559844456606,0.400221556934044,0.49988412077652494,0.9,0.88,16.0,60.5017683961538,0.5159966296884697,0.11015423858547087,0
7.860107624727391,52.21190952165098,71.01060287242402,46.63454034959383,79.00183955111872,61.16765006133248,65.84027351051344,76.05993174210339,8.0,65.08888244518053,0.0,3.0,83.05663372509106,0.402821336682061,0.680224680095817,0.5088455434963062,0.9,0.88,10.0,71.7552042872475,0.39847987636833404,0.5566935550549024,0
6.196649033294762,48.52250676834348,39.92447770400845,59.603407874528685,48.70544152834076,65.47138754959755,53.7012225012105,41.28526118549949,3.0,35.419564606014205,0.0,0.0,75.15881671686383,0.405638402164333,0.3054918327400263,0.4086586869159764,0.9,0.85,23.0,43.65656412632485,0.7309567595556753,0.43041823898500225,0
7.967113780893371,86.34669037561781,63.07785751780009,54.24772914294181,48.3089823123088,87.88049122844637,88.45361153762977,79.2244791750086,7.0,87.21603791613211,1.0,5.0,82.58528177371004,0.8502897585256337,0.1225991619393243,0.43243401131182174,0.95,0.75,7.0,78.78475630312357,0.3425299929808944,0.25748567831701397,1
6.342005285971341,30.78105627591978,84.07447759833609,36.410437590627566,44.370428720416186,39.71409224629505,27.56485991544396,52.16792645519811,0.0,33.7290823008696,0.0,3.0,43.677195415775955,0.4161736657324485,0.31124392382524046,0.5022829417660026,0.75,0.75,8.0,59.747255276589215,0.43225324168037493,0.3139524560255238,0
6.4875143823422565,50.34573028736865,50.83099643319774,43.189591782635894,58.41849117528127,61.24952227619541,62.092973641107655,64.47348964639484,1.0,31.291137838135448,0.0,1.0,67.38234345137181,0.6861384778622142,0.15896493838852832,0.7099694750273762,0.9,0.82,27.0,46.42307002970937,0.5794288512999904,0.11490229900055221,1
6.615377966948598,38.318056005060214,67.57529996521599,58.324629292548046,61.54704104723142,36.2595891477079,60.22173015723676,42.15495918765125,4.0,60.8493090136157,0.0,1.0,81.00497873325997,0.6429170458337437,0.495774685975522,0.21200664087181456,0.95,0.9,3.0,50.82537369601044,0.39183697243197363,0.4210128598561346,0
7.785832573091892,48.066454070323104,65.3284479977055,75.22660265423708,56.60248261870017,51.40299928422462,57.691442310400326,66.83034827513926,3.0,38.98159328206458,0.0,4.0,30.792725298830568,0.5070724304627164,0.37193328040022444,0.3092799774869075,0.75,0.88,0.0,87.37249940904783,0.2120588163770274,0.3660578929295046,0
6.634497095649275,35.035284042961166,67.76793855744796,64.32235298948616,46.2998180878364,29.75107193680224,55.90405836629969,59.64561709118944,2.0,49.2457408345949,0.0,0.0,19.804632421090673,0.405638402164333,0.3311377624206351,0.13592743341189475,0.65,0.85,0.0,51.55903500019638,0.10079163232690999,0.144775838566714,0
9.781035785830479,86.35532439575707,100.0,92.57457211101277,87.91725870675998,92.98557340779234,58.73376604304462,48.01313626925353,8.0,60.20272318246344,1.0,2.0,55.29340846597181,0.5802265743217954,0.18963796354422519,0.6174139419676499,0.95,0.7,11.0,50.78231301000417,0.45231492790663436,0.4260588701170325,1
9.644565040810221,67.81549864288222,94.45238465839614,79.8177240071767,91.6477069376665,59.433509331451,81.6958228932555,44.23136795730391,6.0,58.31005346048735,1.0,5.0,67.43664895551272,0.9223347959835575,0.33419564034575444,0.8954291890546286,0.95,0.88,40.0,44.177181104263475,0.9253337777949416,0.555989018397061,1
8.903489003000905,41.27131639865679,70.7622045936736,76.43883414560644,61.528614835799274,34.2607431684486,91.20362748366841,55.57443991682232,7.0,61.818742871985364,1.0,2.0,65.02692687104853,0.3100920676461418,0.8910589823172048,0.8071018190216672,0.75,0.82,26.0,54.320595515584614,0.5649462690837284,0.218390181048976,1
8.433669005993838,53.01912410068498,66.75654464777669,90.39886925025836,60.846840409627646,74.84875059715509,61.0003334192316,63.24006662986105,4.0,68.21716955468638,0.0,4.0,65.28680287331592,0.8165666300165446,0.31278307178715464,0.7407562684287489,0.9,0.82,35.0,83.6749757906428,0.9090182601575547,0.5567494197764423,1
7.77927934163562,37.37378876744051,44.62374080424685,100.0,59.870432902373196,52.018839820325084,61.372471629618616,84.8548602363067,4.0,42.87475901704294,0.0,2.0,62.20909307363156,0.5687558012952156,0.501121562971334,0.32425720027704885,0.95,0.82,5.0,62.270442807287395,0.4741269017214484,0.2508864417364621,0
6.682069874915133,64.06881040845823,43.71702060079715,60.605205372065,63.34373037009282,52.054318803099676,68.07747944391,55.495283342951126,6.0,68.59985843270461,0.0,2.0,67.1710859727062,0.9027200571590945,0.11595745745249965,0.4134488624009212,0.75,0.7,22.0,58.669244144092616,0.6297340382190737,0.5651492996144383,1
8.42088075916659,80.86453239711055,70.27020400485112,66.8866027146565,56.64100815592349,71.58448625686226,72.68699230608621,63.33264728596211,1.0,30.111762481813557,1.0,2.0,19.460345279968543,0.6630758687802111,0.08177172951813673,0.5612236021302672,0.9,0.9,17.0,35.18050140410148,0.6710413360705385,0.536075959223097,1
6.931984097488197,47.444651542294004,75.59908864519184,89.43923753567216,47.37006599390949,45.43317155147149,53.94924228479906,60.2479254658721,4.0,58.10500650081948,1.0,2.0,52.46957069084792,0.8139711867828396,0.3057936350116849,0.8672846630294927,0.95,0.9,37.0,64.55987068633941,0.8203377491459162,0.34664512554871485,1
6.741705013310892,66.59348033160829,72.8731643661024,52.401529707209804,43.9265694420599,89.25856078229417,51.53629775807137,45.92443967323847,7.0,88.72851351870518,0.0,0.0,82.58528177371004,0.7587266711749303,0.12406047513652062,0.5151203877979273,0.5,0.88,29.0,42.36741685647837,0.6952846809486092,0.5221932636719929,1
6.8726929139956505,77.5116528956606,41.244126678581665,57.711678017973625,49.98407717018334,73.72510535155823,61.439112615158855,78.28296272085126,0.0,47.32210655257838,0.0,2.0,71.41096872827814,0.49450818974671473,0.149892021337073,0.3031536428936531,0.9,0.75,1.0,82.99622917441708,0.21927378608459555,0.48681861104594976,1
7.643559254320992,65.22005081069325,66.37818742674618,87.66037792958393,58.15789430080829,60.94577060398674,55.5094122363781,66.02547772877674,4.0,38.819399651714946,1.0,4.0,59.1859700898092,0.847140047904865,0.24396617928648862,0.5287538410302236,0.75,0.88,18.0,71.8975108971442,0.8422043687050682,0.8788596107767126,1
8.171965181125532,73.65705158995212,75.05974379156108,47.3748995128831,39.9961261884462,84.91216174597903,67.34645444788418,60.95097555132676,2.0,45.22089152241309,0.0,3.0,37.35120395425585,0.4800114790317159,0.09043187118215898,0.3355881432951323,0.5,0.75,2.0,51.865645145534764,0.38945390325091556,0.3600918183512986,1
7.8478663281482115,48.78534056093596,65.20743406003822,58.79542598448079,88.62283523480542,59.433509331451,59.84290320462705,62.47910990966546,5.0,63.08762839965022,1.0,5.0,71.05508684574725,0.6004925073658565,0.5486923115910604,0.5649272359807395,0.92,0.88,31.0,73.94825721407813,0.6936540037632496,0.5197640447971275,1
7.446782972625152,100.0,54.5586678833633,65.67477918625842,66.63751817984932,76.97281134679156,72.21402618803734,75.30175459548383,3.0,52.29876593731328,0.0,2.0,98.64818572172248,0.9176966354234943,0.051318365697011356,0.9078782521890895,0.92,0.88,18.0,58.26722324657097,0.8239483336081288,0.8024666260936196,1
7.915442844945294,53.273592808959734,57.383918307800954,82.19744281124171,71.65416528963833,52.15290519391676,62.092973641107655,50.178055353227066,2.0,53.13811459668598,1.0,3.0,72.05321741717124,0.6443262042242974,0.40006364971238817,0.6238985739567255,0.9,0.85,10.0,49.35625881721241,0.5402785858119816,0.40804679859495835,1
8.425249501120081,55.34538658624205,87.72854943116423,82.25497722253888,50.16432550052031,49.815429911638766,59.74362191588569,50.646575365932414,4.0,70.22017027498221,0.0,5.0,90.95986979325161,0.8822524678077608,0.3511173383247787,0.6017263928122452,0.9,0.7,35.0,60.74349792516553,0.619372788877677,0.5121282313981955,1
7.86468657854718,56.07703390313211,81.15246344096079,72.04969473145103,64.93176761699613,57.99818265220717,48.81008589058827,78.29276164910453,2.0,25.918887987831823,0.0,2.0,65.38914353024086,0.8142686425871444,0.2248665743519614,0.5726557401950839,0.75,0.82,21.0,85.52394038425608,0.4857779044506006,0.44685608191722465,1
9.707796892680712,100.0,81.0196990152239,74.61296878447632,88.33744908866802,100.0,76.42523418343046,92.97965774238952,6.0,67.41125403262168,1.0,4.0,100.0,0.8658517816863398,0.11792645111061033,0.7576687211268044,0.75,0.75,33.0,77.36759649952617,0.7624763870214668,0.5651492996144383,1
6.729300413362124,30.051025197582916,75.89835875740361,66.29564926959983,61.33522807878487,46.51490305669417,31.449541698384103,63.7046660941989,2.0,34.94512621647897,0.0,3.0,50.44147570739308,0.791942675570549,0.20929814237127328,0.37973296257585404,0.95,0.88,27.0,57.95211771358339,0.4190097774122001,0.1072415840551594,0
6.223624441863241,37.483085044652256,47.76986515439063,74.30983895126737,38.707571184758024,49.13581988440139,33.38814484094825,65.2568886780465,4.0,40.788784746200506,1.0,5.0,47.220960437023095,0.6888238177587092,0.2020903403869289,0.1847202608305514,0.9,0.75,1.0,65.45539839008853,0.2743564651706632,0.3504992950450974,0
7.6849739555438585,43.08804981380332,65.52201261304344,82.36857813089921,85.40261742472573,61.798598359029384,44.13212129126772,64.07745975511956,5.0,71.07656190327235,1.0,0.0,44.91940564732518,0.6113616406612581,0.34290306337880067,0.4741670668624798,0.95,0.88,26.0,70.9861630340815,0.5269032502697706,0.2741144963889579,1
8.200114594050921,74.37845933212007,67.48015472880532,54.141157409664345,66.63751817984932,73.00956382661151,72.01558852755947,78.98627337440445,2.0,53.31365511971651,0.0,1.0,49.525634910984934,0.4622642521085625,0.25541954050288995,0.6433817298019169,0.5,0.85,36.0,81.32923206299822,0.7608991296684766,0.5415478853217497,1
6.006310689164242,32.092911444706814,21.021427718837288,42.418120734778505,60.27190067573825,48.50903714593562,23.840258375662934,53.67263971703608,6.0,49.329152371543756,0.0,2.0,53.111789268678926,0.4429230014660467,0.3290829935152028,0.6429631281877076,0.75,0.7,26.0,67.59222618185984,0.5034241436002329,0.44124960487802656,0
6.765832906491056,61.08869396497416,78.7793243808658,61.949800486528645,58.406512154343346,59.24884530352048,43.64636684296441,78.98461084078954,3.0,78.71086674521977,1.0,5.0,64.29875309665809,0.7527234378538186,0.34138273980577327,0.7329333772221253,0.9,0.9,40.0,88.7519618059847,0.7742138701998552,0.6731928075782845,1
6.998911062207174,42.883167340762014,57.03931287198169,68.10803445046035,52.90533543984653,33.143419213803575,60.623923280622655,68.8861526485091,4.0,28.2603889917106,1.0,4.0,43.37399370124344,0.34856188141622835,0.5871923146877817,0.22806197099208475,0.9,0.75,1.0,76.45220238672508,0.27310056743255395,0.507439641751583,0
9.12788380618151,64.06881040845823,87.06607806290214,71.1649227314067,61.17443146912179,66.70353663437322,71.2009390955947,67.4624799897553,0.0,30.547774415049368,1.0,2.0,42.11812165276536,0.7609775705462887,0.19549323748709332,0.3415452904044153,0.75,0.88,11.0,38.815580695064405,0.7086454814410728,0.5969922369314359,1
9.681258821174076,91.29322411036435,63.16966057042798,75.76420429066596,100.0,72.6910060068158,95.35828509995326,57.06604291697329,5.0,34.343402689764595,1.0,2.0,63.78788529077434,0.9367275704839333,0.10333874258684482,0.34681265025140917,0.75,0.9,5.0,58.04162921570373,0.5033405982294732,0.6403650317500927,1
6.905686411575829,44.94164595849484,53.868217672238416,76.95397181167641,59.40898554959842,49.73301607161118,52.706532774002056,68.16666148700719,2.0,48.470386528494856,0.0,5.0,71.80053510992424,0.5464927125765697,0.46966935926832837,0.5158788451800514,0.92,0.9,15.0,67.89984802280743,0.5304391992558968,0.3756508849356735,0
6.893974275979451,43.804359478586285,58.70069504160723,63.54910648627423,58.71045968185094,52.016740089729446,62.9041463005831,44.82860907611685,5.0,75.71642137203533,1.0,2.0,72.24106289151361,0.8245364506647015,0.2520919780369861,0.3662435744186155,0.75,0.82,7.0,46.86098723413428,0.46040405159355957,0.22225176894209478,1
8.06528326130347,51.61942719930496,81.38560061767178,45.237376445192325,68.82631008320865,70.5715805658491,55.276887718229794,46.102722798804635,7.0,48.739883742872166,0.0,2.0,49.29426950858226,0.6617251656079175,0.12982742601227346,0.2865945235455108,0.9,0.82,2.0,57.3299322009652,0.20502202921988047,0.06573417967223878,0
7.022695902746662,51.78100142145137,77.31796339179354,71.37010683213317,56.66797687529625,50.332389678001206,53.92169318795513,69.64508342121985,2.0,50.295415349400685,1.0,0.0,66.99017631155623,0.7067067423273512,0.27701548350060407,0.6270105878216097,0.75,0.88,39.0,54.889443783348504,0.5817209728086311,0.21585275966074904,1
6.075112492302228,35.5896441172382,49.94599677656821,68.10803445046035,37.15677394130585,16.372530242643364,56.663479388096945,60.57291710918115,3.0,51.60079997823913,1.0,1.0,61.30217809094694,0.5791131316146116,0.4445164133291349,0.5386625810923112,0.9,0.85,4.0,64.34189097288217,0.5273280879088494,0.42590196100611516,0
8.233012903681564,71.34385396322278,75.56311277801687,60.62575650000051,73.82048569073888,69.60318537451067,51.888872069868675,68.05782506633477,3.0,44.8856071318604,1.0,3.0,61.796204531539104,0.7484578783230507,0.11305800050974577,0.5172825790039166,0.75,0.85,6.0,49.19756689976472,0.342620863886834,0.34171911296534196,1
9.407670412044654,70.49617223080533,99.46265921066852,57.32510437273186,86.4282470259813,69.14209632524077,64.01048588869111,69.55941613620838,5.0,68.73768324391106,0.0,1.0,69.05759992485532,0.44558079769254955,0.40447055962938583,0.5936706158006206,0.9,0.82,16.0,79.55717916231228,0.48430210425887804,0.43810172881625903,1
6.500668364989856,41.51011891470303,56.402073247356846,62.360131997837165,75.50740650326291,50.22551488888397,39.73161080231566,64.60969018173802,1.0,10.215467574258092,0.0,0.0,67.22193866782936,0.8745532360440207,0.1715819363072369,0.5798325254641953,0.5,0.82,36.0,50.96826543792085,0.8022710120335487,0.55125054843431,1
9.004804300804777,29.426894559489874,92.06614994053032,62.927221795450755,94.58296220636072,32.278801983174795,65.12810531180959,35.274163677605884,1.0,56.01872973114162,0.0,3.0,70.47536283614983,0.6893074281019809,0.5560113647884366,0.594673003436594,0.95,0.88,13.0,49.66895001612491,0.4439543362220737,0.08171972318447707,0
9.375788721638795,78.00429171548613,71.01060287242402,83.3872502027287,73.54734876274321,90.37597832369157,58.17078115441302,45.24267283657169,4.0,26.460298503895242,0.0,3.0,80.84634277871635,0.6705961538406534,0.17807855362600744,0.5640286516198648,0.9,0.8,20.0,53.23011362465701,0.7509415230712823,0.6783460385719763,1
9.039507560902578,68.11655434082775,95.18050836618178,54.86188664087767,79.49126361672538,56.11049030451363,71.25049673770889,59.59399142282417,4.0,73.02754870818875,0.0,5.0,89.53596553514416,0.8229870078781045,0.4457506262378259,0.37784362556883705,0.92,0.88,27.0,70.1156773479,0.6091865652799788,0.7258140598081944,1
9.381616226874858,84.19154737956217,81.01814150097668,82.23628645946701,39.49903333281168,60.46083783543882,100.0,71.50505193506322,6.0,63.13755457036697,1.0,4.0,71.29059970768135,0.6203131989721938,0.46499495867659096,0.611286828537139,0.9,0.9,19.0,64.0219723692691,0.6392967311663857,0.5765448892474788,1
7.671274361425774,54.33045973584082,75.10507836225202,61.04255296074139,42.82963634614763,55.64623022557458,56.8546687423553,61.933367613035514,4.0,53.07676117040669,0.0,4.0,52.14730484984463,0.3305384545143498,0.42411266163513517,0.48412332120264817,0.5,0.8,9.0,53.38761114138684,0.4696542117052627,0.3440645949044575,0
8.24634650122169,50.68865998345642,73.35712886643309,65.796800552351,56.17845435755398,65.0457440490498,67.23323591408796,35.274163677605884,4.0,78.00478235962282,0.0,5.0,72.09786203375266,0.7897319793439517,0.29342496520194333,0.3927390140669303,0.9,0.9,15.0,42.45181254645426,0.5154878724313429,0.263210067741338,1
8.160564915874195,41.6242440786147,73.69628282748046,60.182342477831355,61.85210081083176,68.33793238905498,46.361497045192706,42.9613881995808,1.0,24.90654896424946,0.0,1.0,30.284209822252077,0.34127991400930024,0.26882986972948797,0.19358591323065064,0.65,0.75,2.0,57.345570073063364,0.44158724324902227,0.23299948477140095,0
9.35741337841009,92.72181752754152,54.04094667965732,79.27287830031726,56.161137181144895,89.8338305329745,97.57372828798607,65.87281219648884,2.0,66.50141844849279,0.0,4.0,50.00616410344492,0.6353841647076246,0.13630181777193864,0.25560142835333527,0.9,0.9,27.0,62.77706103351183,0.48276830731571607,0.3175880533598824,1
9.7399040068024,72.35625197253626,89.66375594603569,70.09557460439028,87.92747235712157,83.96121353217166,100.0,66.20784806300118,1.0,76.29926498278688,0.0,5.0,67.91168645716165,0.9465733143173916,0.1583405590610734,0.6570699333748503,0.95,0.85,33.0,59.46661916990236,0.8767988156003643,0.3579258462844409,1
6.017551435604645,29.83892131079162,50.00736758663365,44.174442382230524,58.42740339973077,40.52939187608925,24.88656924390459,58.4855636955462,8.0,52.26535167075002,0.0,2.0,64.08576708862209,0.5540964504777154,0.398164428060742,0.8230858007468114,0.9,0.82,34.0,60.75378263058893,0.8376907982733175,0.5253818044743014,0
6.08630587790867,60.06439260321085,40.46451964359346,46.03881530714791,52.95582164306168,76.70821303141093,41.09204889777469,64.44358435472435,4.0,56.09632976818359,1.0,0.0,54.370676064740664,0.717589950960979,0.08473944641920782,0.7231608613620099,0.75,0.82,30.0,45.04228958876965,0.6033152330840749,0.46200391133991386,1
6.411347877604457,59.91553682050821,55.97780898885463,62.927513825001725,49.55508624529684,52.15290519391676,68.9690413409957,77.26860598233918,7.0,53.792483077788475,1.0,0.0,66.47714433289438,0.9349560384189177,0.07303369636797383,0.4624871530096999,0.65,0.75,18.0,81.13711117736528,0.5089716873054472,0.24656902689081198,1
7.160826327010446,53.92020283495307,53.642707582877755,60.47140510606426,60.39744738151444,66.44174233844679,61.013906081375225,58.14745216775482,7.0,75.44256541052548,0.0,1.0,50.41709788598249,0.3172544819856268,0.4897625846535162,0.7799716135499696,0.9,0.82,13.0,56.95469972475082,0.5139220774533358,0.2729356728270057,0
7.6677380710578,44.16008631942769,81.30035113109145,57.50684202697345,54.467826040457076,56.219560895549904,64.36612095526104,73.29123362277232,2.0,49.329152371543756,1.0,1.0,59.14680896932706,0.4738428970516452,0.3986589688930393,0.62934491597548,0.75,0.88,7.0,41.476227656405314,0.5425669857764627,0.17851554506692477,1
7.157877494291159,58.48992120222046,63.59199653789618,48.2686388907462,97.94844466577501,59.407301040215955,45.62434586701535,94.86615817831994,2.0,51.59358558040242,0.0,0.0,72.76068582631675,0.6224303837688205,0.2276015114747826,0.7667985822252323,0.75,0.85,36.0,60.83450182436206,0.6011240213321721,0.24201053623845517,1
8.17341237743657,80.30558686828141,61.89039991522273,85.33969680411039,49.44948841473747,97.54424370997049,61.72912067788468,73.51868598573091,2.0,79.32281929293133,0.0,5.0,83.29551516783302,0.9242400003539974,0.0668128861181694,0.598200021068067,0.9,0.9,34.0,93.18432614199892,0.6175632391637462,0.35676145836145196,1
6.635986998647882,57.7758173133993,67.97641993296206,59.07713583007887,43.586827279307855,45.75728433902274,64.27028743461864,53.877591459116,8.0,79.30731940638037,1.0,5.0,77.9701461093572,0.44634635383798027,0.6211528274618673,0.7123187001035752,0.95,0.88,26.0,51.80447564385452,0.8091262057909345,0.824837371959989,1
7.007811133227751,100.0,48.14011857904834,43.39119922006569,60.96843153446822,86.22260579196721,88.35817100364032,76.80646370876934,7.0,80.55825324152747,1.0,1.0,72.26070066300416,0.5786540409467531,0.11928936810504043,0.53022532589792,0.92,0.88,2.0,78.49857797968582,0.6183064613573958,0.6929926888535551,1
7.2284103605873975,54.05633910987771,52.65575107728931,73.3318818553543,43.7637756839608,56.59830595266716,62.09712913285857,74.2342803013484,0.0,52.94015062667086,0.0,3.0,71.02768024793673,0.5890352578092831,0.2506119496833202,0.39310539135809597,0.5,0.7,22.0,61.18950067769954,0.6016966764690916,0.37471983543772897,1
6.371956464816467,64.32937166412565,62.85116357244701,44.18248805549902,65.79387287804903,45.83274814610982,51.54176281568161,49.87650386732527,3.0,49.065185436690996,1.0,5.0,76.9516291884557,0.8841362153166175,0.22443984666893857,0.5976542776767924,0.92,0.88,29.0,60.88077525751622,0.6625060357872758,0.8033802183514799,1
8.233049374275307,61.479048818334235,83.02563830022258,73.48094713233807,51.12062519089919,65.63042138954746,67.36089463455552,63.877908651124834,3.0,57.39350416152196,1.0,2.0,74.85009478996649,0.9360990712487394,0.06422653630861849,0.570502627495011,0.65,0.75,19.0,52.727012051307746,0.5462483406954174,0.12893530427087507,1
9.023996547634486,86.52424839200383,52.92340416731933,56.90812632676895,75.54294093762135,97.3875376248299,71.77665778165183,57.57146623615199,0.0,23.206184470787793,0.0,1.0,51.93736000060598,0.4743879492271579,0.06777604377930363,0.22083592594944923,0.95,0.75,17.0,62.88214441216452,0.2692568645999508,0.20779429514526068,1
6.8496432193289785,62.44007699455616,27.99623782950654,70.57923196829822,69.42033168238774,55.07075663553354,68.82609434997737,35.811528126198866,1.0,44.55243230725754,0.0,4.0,76.2768848372173,0.8439996360718933,0.1883732970865141,0.6452592539185007,0.75,0.9,33.0,45.74493447689907,0.7911410924373584,0.5611036132789706,1
8.680035156015077,85.16316072761906,68.35796631784373,88.83526458786301,49.57500845741123,67.28805940069044,80.19937894227144,51.87023461622712,7.0,47.818251938052136,1.0,2.0,94.54312733540257,0.9288812556039656,0.1270548834114514,0.27131353303332767,0.75,0.85,18.0,52.74884773074246,0.4811202013295172,0.6778346272675824,1
9.532377079155443,100.0,96.0835201345468,42.33232744537386,36.9445401893664,100.0,100.0,73.80733596225096,7.0,79.66846636740546,1.0,5.0,74.85564250590727,0.683041682484984,0.12168095760253972,0.29759654941916047,0.65,0.85,5.0,78.03912305681165,0.4568298405827152,0.44877069348652227,1
7.813362406475114,69.56651826516723,54.87048784756526,76.12883874070735,63.85212770984982,62.64073740635309,76.27898105691632,27.627443098352984,6.0,57.75743842990384,0.0,0.0,74.48587342252699,0.7562008897945893,0.2548891078447411,0.34152783060502223,0.95,0.82,36.0,49.68399550201675,0.7016001126018307,0.6436596189818099,1
9.396223889121835,71.96977376501897,79.46162335525662,80.52093744332166,72.91188085741764,89.0480328529249,66.60868990032833,72.15665944262324,7.0,72.80498494001128,1.0,3.0,72.02663456737385,0.7262558554034539,0.25925777592245436,0.24923808540714223,0.95,0.88,19.0,56.98216381892351,0.49418120032708696,0.45671255421943463,1
8.142677133190993,74.53541403480985,66.64891706287092,45.667520885346235,38.971399530827334,62.86043197409025,82.71885935486041,59.99836131224039,4.0,58.68676132408503,0.0,2.0,30.284209822252077,0.3656847825241039,0.11626410969403878,0.23412638228376023,0.5,0.65,1.0,58.221726773268756,0.06563557992430681,0.05445440382668978,0
6.08630587790867,36.57246159317801,58.65768745215763,53.465634117529504,43.822929930767884,42.53629921454013,44.50518329243617,84.44079197977854,6.0,22.664581375831652,1.0,3.0,67.60039962771816,0.6543950782516894,0.46559878362627133,0.5650346306349527,0.9,0.88,36.0,80.8484238995471,0.7973024678732683,0.6547809370911493,1
8.866231756763991,54.92504712345146,72.73371881296045,64.80942638582691,81.16955204216396,83.05913401929473,68.52383327523958,68.86488959840571,1.0,54.1217281432159,0.0,1.0,83.75905463061275,0.8421220617000562,0.22300334869516392,0.4728479409057307,0.75,0.88,29.0,71.3274895578741,0.49442360737698604,0.13064370051331012,1
8.493822349444462,62.09581148813061,65.7509659929865,58.43269454337577,100.0,74.91835674044387,67.37815784185645,73.2548124450104,7.0,58.09255688217323,1.0,2.0,56.68568340041382,0.8449723016321986,0.3647651629077782,0.3821967000949278,0.95,0.85,26.0,90.94943070274523,0.6218633386174315,0.7573320540370709,1
7.437577325018978,59.27896914757011,58.01071406361062,61.388428911685835,75.78562135806715,49.35154508719386,61.412499778983296,48.260556128106856,7.0,54.963672771395395,0.0,2.0,56.56603774295846,0.7706284456227168,0.198457240499788,0.685572156180983,0.5,0.82,33.0,32.0515374707695,0.5973778528557594,0.36645306717845416,1
9.685297443481165,83.22808057494571,87.36337178959113,75.66589806340538,85.29574014968156,83.92100350279067,65.01563546412538,31.83658864639983,8.0,28.682742472750718,0.0,2.0,56.559841116333466,0.6083484017103026,0.19126111104708524,0.55019180496514,0.95,0.75,17.0,31.589956412177127,0.6670702030699176,0.6912503659074085,1
6.094327900834576,46.22183316470246,33.90233554818312,41.496009905646204,65.64893501134995,39.49474885551497,47.456906932472464,61.91130495665803,2.0,16.282744930001456,0.0,1.0,47.906727966940096,0.47313256483255184,0.19155418799185886,0.8216173877792126,0.5,0.75,4.0,52.7479907990256,0.5494688187286102,0.28568105215385386,0
7.265757811840424,60.86024252520272,47.41228674238404,57.8300670775113,68.1358529101917,71.59395076718504,66.96479292564773,60.58050474698761,4.0,75.57027606965063,1.0,5.0,71.05508684574725,0.6768339111198558,0.3126237413298106,0.39182725196873003,0.9,0.88,28.0,69.3913998071528,0.5948203564286197,0.41864077599903843,1
7.349626570576714,60.81554022070068,79.9284532796557,57.711678017973625,40.43617629064383,75.41494520107602,50.624826358051465,40.12320534516054,1.0,54.27551189811634,0.0,1.0,97.83815414304193,0.45811472954235793,0.25734124727987934,0.4308978154140983,0.65,0.85,6.0,60.59150047549953,0.5152250027172397,0.39601845727663343,1
9.43135878294332,74.67466654951613,60.134349995930236,77.75783982719169,94.18144799975633,65.77021599924062,83.14941561939179,52.36365580859551,2.0,53.11833960857145,1.0,2.0,82.96544575488969,0.6319126363112162,0.34480578032662645,0.3429270175727189,0.9,0.85,11.0,46.55577939584477,0.5068110392293447,0.4661848337131585,1
7.829226509594301,82.53463020850485,64.028423436429,73.08090153919403,45.17730249162918,65.93429364443182,48.30659603614326,43.65809770783592,4.0,10.592062271117598,0.0,4.0,29.212777955350596,0.5246134284652337,0.04132021071636835,0.6153892075017224,0.5,0.82,1.0,56.44382594725241,0.3459515753581938,0.43979043280569086,1
6.202851343983267,38.56796472655682,64.72649833179238,46.60040587687297,39.46452240955351,64.04565152803552,39.576885532239494,68.08822766335756,0.0,33.813389301436544,0.0,0.0,93.06209698208455,0.7527234378538186,0.15943336823938617,0.3031536428936531,0.5,0.7,22.0,66.9311271291078,0.5412611688899436,0.22406863903053273,0
7.566582666563486,98.39796111536256,65.43958780671696,45.254126695372456,55.3770546708625,79.10491046741265,93.70063888972908,81.94232748581834,7.0,59.090388193990705,1.0,3.0,81.46271617317727,0.9065786270923795,0.0999192872488892,0.3254240591804696,0.95,0.88,7.0,67.35607686773845,0.7118929073056302,0.82444270427101,1
6.170545225409851,57.277193647217,64.0657606847591,51.08946488232526,50.39137928987363,42.69460438217986,50.33746934459928,62.30930820508246,6.0,60.55630164462523,0.0,0.0,59.67871698813941,0.6471123541623967,0.2492062400391278,0.5766935240533771,0.95,0.82,30.0,51.51659150612269,0.6124556235702162,0.6037329711445811,0
7.532746732346688,53.436515852372885,64.11960531137214,45.19638706724355,60.87067602729561,65.99824836815706,76.04342491180141,70.52732198986058,1.0,64.65201805864187,1.0,4.0,82.50621535366642,0.9000550276352004,0.1646648346828834,0.2865945235455108,0.65,0.75,18.0,47.97201434933804,0.43652189867977587,0.16219974497137657,1
7.641393511801832,75.95412536331285,47.024121339649966,59.94954065855018,64.00151352638186,83.35266934330411,66.28943663864365,47.32297341606591,5.0,56.04476366034149,0.0,0.0,68.9761638587553,0.45146755410472755,0.14730395358235304,0.5116871504315423,0.65,0.85,25.0,43.33616131103295,0.5441330499501584,0.3158012378840045,1
7.474984571396647,67.36279718543146,48.148618598551934,65.35851585582539,66.86447951101559,73.53213645444322,51.09495918104576,47.32750732331013,3.0,34.30499395478776,0.0,4.0,54.087490354595396,0.614424683175194,0.1225991619393243,0.7186222659181604,0.92,0.82,6.0,72.2530723868885,0.43077241731077387,0.31908256089248915,1
9.112959541317126,56.3859563794028,69.90862173459875,68.39786444780712,51.557104730069526,60.87538906696709,91.77298276688829,55.167248315964585,1.0,34.190447312854,0.0,1.0,60.32730104155753,0.4823510191781679,0.40204593706365555,0.4471923572728318,0.75,0.7,17.0,53.75778120054113,0.3357852056381081,0.1152147359879081,1
8.503262957303464,70.3939178990675,63.59199653789618,66.48361928358325,65.96428493097181,71.76922849191259,81.37044241486744,84.9469621011103,6.0,26.819718278864784,0.0,3.0,85.32322324132512,0.879746186657034,0.21816962562473033,0.3366107857343771,0.9,0.88,0.0,75.7648987837829,0.34385227440356,0.5277028458280253,1
7.742482710834494,64.54982055303846,91.92405235011047,59.32963289289826,62.752968492194825,78.37229101417182,71.0281355744588,79.95326770217463,8.0,96.48972827515979,1.0,4.0,85.77620371955216,0.9244109712145672,0.37092263855959356,0.681895287964484,0.95,0.9,25.0,97.46161057430886,0.8825089924981084,0.757540874769677,1
8.170435975811817,63.40142103681148,69.08859620886528,81.78512669403595,35.217317165148316,65.02203551102882,75.94215961660107,82.66966186133975,2.0,48.768431460624164,1.0,3.0,76.87620410040162,0.6877603951919782,0.3543775530037339,0.30163346025556087,0.75,0.7,10.0,80.87229568205498,0.5291257377192624,0.5862878815046899,1
8.649998510425583,52.39167308613425,51.77450423475619,97.13909824463713,81.47140617750082,70.48458130177072,40.86401739089411,47.85203890334703,1.0,37.47155539078969,0.0,4.0,71.245323417182,0.5550062335721682,0.31488121388821966,0.604775661160126,0.75,0.85,28.0,58.95247368308217,0.7187105535800887,0.44736728270285897,1
6.381503453469275,30.800581196334583,69.11365452038035,42.22785881034375,50.13426562800862,24.74533927935962,67.74487778076904,54.78999492652575,8.0,16.282744930001456,0.0,2.0,85.2719141370054,0.42020283059102626,0.6258341280250633,0.4857268981674819,0.75,0.85,36.0,53.87234124118724,0.5830637637858417,0.11891454714804031,0
8.723656650621717,65.94924805557031,62.202906909246366,87.14340105869694,50.57404050197283,63.092564545365754,73.09902710530696,38.76829871567425,7.0,49.50393119584133,0.0,5.0,67.39834622560966,0.5735359715534416,0.35126510812875433,0.5924301229286003,0.92,0.88,26.0,65.52241307012571,0.4967245841443163,0.30452719449075816,1
6.510594270589634,50.18325007726297,41.38854954073544,69.53331806971073,58.26851395591743,57.72538893553967,60.67476864232899,78.5401211078514,0.0,35.31989772552569,0.0,0.0,66.59752348671714,0.7172023550700024,0.1941878212320678,0.5491700780739239,0.9,0.7,20.0,59.02879210042532,0.6936540037632496,0.33533070868506953,1
8.84888185396962,65.16260821096729,70.91608815410852,83.2892094160905,58.42740339973077,56.77771944365575,89.4656016573378,59.35630542811578,2.0,62.28128378926139,0.0,4.0,67.12690560145835,0.805704540944356,0.419016166860919,0.8954291890546286,0.95,0.88,37.0,82.71980717039654,0.7410838868047459,0.36952706505016747,1
6.447806823442158,57.602080606768475,60.88720076217892,46.70054755241138,33.9134593279409,63.923725701644194,53.9715606094377,41.59277671719941,5.0,47.33174918740289,0.0,2.0,46.83738993028741,0.5481498334743358,0.10708045567191775,0.2989798575905637,0.92,0.75,12.0,48.356497970862264,0.20413050304234848,0.11893062972327947,0
7.921896796022417,87.84760624643197,42.37868441880013,64.68472230647357,67.7950449149721,65.88136310722062,69.01089476036532,43.71801996808205,3.0,57.03507753052733,0.0,4.0,42.372308710020185,0.4451815219445782,0.11609901873860311,0.4433688514265629,0.75,0.8,22.0,36.13798814089479,0.5495087810962697,0.546663082389983,1
8.263712343805764,52.75454730713162,88.56116761212468,61.938886399101456,64.7235794397166,57.03628649220932,64.31083608208495,61.584361216107624,1.0,44.0048126848504,1.0,2.0,36.72160648376742,0.6839816439569169,0.2910197909729286,0.681895287964484,0.95,0.8,28.0,54.31320611522359,0.7759157845736022,0.4312461373235488,1
7.590893131796246,54.01934216851171,74.40424416183777,84.05361670812944,47.327030739469016,66.27844096719036,45.54351458922419,16.561348847262977,5.0,63.360421564459855,1.0,2.0,59.54573870201174,0.4646113052045807,0.3620227995696779,0.7817754029443063,0.95,0.82,36.0,25.78569190939951,0.7240818717591435,0.4203905620396986,1
6.368351258799392,48.99751354038706,53.639109108884114,56.29436509417581,61.81698609186778,63.172451629375246,39.811801843497975,62.127668673863695,2.0,28.682742472750718,0.0,0.0,65.48838251285203,0.9393630624974296,0.029415478620601607,0.17639943664800534,0.75,0.75,14.0,51.38070252966553,0.33525605125174335,0.24656902689081198,0
7.783442349923526,51.91192142370129,80.66301786039327,59.39781161640587,82.45389556937002,56.20389473916872,51.78824671227794,72.54679775010155,6.0,44.32962973271248,0.0,1.0,41.6150146438726,0.5162738605104265,0.3862640785914873,0.6988117560295776,0.9,0.88,18.0,89.31908750560487,0.5304391992558968,0.3826125666574568,0
8.410090849073569,40.94701995538111,94.41321710048456,57.964431976268166,67.68517154377777,47.45142216088494,59.61819214619022,58.944318407945154,8.0,66.93927069852191,1.0,5.0,65.40591642878782,0.6696776601281023,0.5686432079568927,0.3728466061515214,0.95,0.8,6.0,51.177594550160286,0.43215755929282695,0.49706660391832475,1
7.630299261158169,67.11030802115852,59.544122736533055,84.37091054341693,45.72051027516535,67.97531289094327,46.56263430050368,71.32848769582513,7.0,52.6741059360241,0.0,2.0,38.597440661066074,0.3521288073767985,0.20171694371199986,0.08795295411093867,0.9,0.75,0.0,60.4173017127538,0.2881921748596443,0.5581842130717963,0
9.689361968473804,100.0,66.4271391832545,53.094892593304245,72.65734118458202,99.22064434525178,89.2535746595606,55.9949171924498,0.0,34.082477186211435,0.0,3.0,6.0057905043555735,0.30953015453220273,0.02812106370325225,0.26787541388154495,0.75,0.85,8.0,53.581645688095705,0.4651514855686081,0.6253385143258421,1
9.320776292034445,100.0,47.85869076076234,80.244752369845,48.63905788166725,100.0,76.21623835992797,45.76794297207103,0.0,33.951564276498516,0.0,3.0,45.10668190794434,0.5775081077874353,0.006872249457834428,0.6480942959934232,0.5,0.75,4.0,48.64266424916245,0.45130944538358897,0.41220405334706534,1
8.397162513386021,65.79556283758556,61.953892084907835,79.34106905882278,69.95579758567496,84.91216174597903,23.564877112332788,56.91589939974677,2.0,39.84557734944871,0.0,5.0,39.12389369225842,0.31895768075269043,0.23096989738844942,0.5639463204450726,0.5,0.82,11.0,67.83243813820202,0.5685757102856098,0.5859963695649689,0
7.21750937366977,64.04839217612533,63.14116289107174,53.55774514427391,36.24717628595875,55.07604557124599,88.10309587758998,78.68852752836818,2.0,49.989154843458365,0.0,2.0,44.881987857427355,0.3164924467951321,0.5278636604264841,0.5772501770602377,0.9,0.88,10.0,66.6081030334973,0.5664007892709229,0.40520767255578966,0
6.742884144107032,51.29490781206806,50.68097130092376,71.54810797780578,64.16949654944082,56.74687083198862,52.19486562776561,65.03435035997163,5.0,69.68231839488533,0.0,4.0,49.858741893574546,0.7001540275744809,0.22448792690780434,0.5554966615997292,0.92,0.88,35.0,65.04472287970641,0.5648235728134381,0.23498611282157889,0
6.734191625291496,66.66717754762834,32.6724517223255,61.8676126062811,60.7538030311844,78.92351153100391,56.059363279889446,49.005664265099824,5.0,60.71753370356342,1.0,2.0,45.5398179859087,0.3748905731342842,0.20467838797973253,0.6975928388475657,0.5,0.85,25.0,50.285601929035394,0.6698651383673012,0.42269866434888786,1
9.24379465795759,78.38182690891588,79.37234392661897,79.64429418634472,97.76649956832198,77.14274704078886,63.33117104419881,65.41125109605434,2.0,79.0518846152435,0.0,3.0,83.52651166507609,0.9464621868025189,0.0788696640196677,0.3981424571124284,0.95,0.88,22.0,47.819839599041785,0.695802319980182,0.6736382610523932,1
9.10956990107468,66.61941885946753,83.63532975544527,71.80165014501489,65.8362006770834,60.22029483409869,57.18629231077703,49.33960838837676,3.0,52.768020239993284,0.0,5.0,84.69983082772576,0.4388905850374747,0.49183052549627976,0.4142634693298191,0.9,0.82,0.0,66.94054707866968,0.17524463383383174,0.6596443185779202,1
7.204755463005505,69.10278958466972,57.731244667582175,51.00914545475801,59.195717524879086,58.4317106844305,61.372471629618616,50.65083844028038,0.0,29.281111685922117,0.0,5.0,68.33900305499259,0.8563158466178695,0.05284436660469779,0.6099371892862897,0.5,0.82,8.0,61.58810066719778,0.6436651188844209,0.40575077887648714,1
6.804734221171979,63.722516796732606,59.59548834652775,54.07453960855166,58.76969841387911,51.54432488371908,74.24904790070948,73.45832277043817,3.0,58.68676132408503,1.0,4.0,100.0,0.9296932675284821,0.17973389184152416,0.6037209651263855,0.95,0.65,34.0,66.15745044889191,0.3997999695647607,0.16973034176526458,1
7.396544878437487,37.194175852387566,82.43246814719367,40.3946647715657,67.09906229974575,49.96146921992722,53.86845228302204,57.665618446673186,8.0,65.3877816248946,1.0,5.0,66.17839482825221,0.5149246703514475,0.5061479459103426,0.4544073391394703,0.9,0.82,5.0,44.35555674418799,0.4315505444169897,0.25916666666681987,1
8.026349277360492,59.802490016514945,64.38994582046418,74.92562184324527,65.17836776599914,78.6974803709206,60.696288802845444,55.20544647376811,4.0,56.46437906139544,0.0,4.0,65.77501808121929,0.8400562779143663,0.20812598311133604,0.46723431519417336,0.95,0.9,22.0,58.0391379464861,0.59366207700733,0.393123600590507,1
6.052353950117391,36.493839564146256,53.211875375111816,53.2556084924506,50.97891901954624,40.29801066205528,36.86699413964681,52.495400534668825,7.0,32.1131415045886,0.0,2.0,65.90494344052266,0.8066256397789975,0.30205621636966784,0.3221432164660292,0.95,0.9,17.0,33.60097577510806,0.8291335211050439,0.8195817158478804,0
9.685297443481165,97.10250171515034,77.13335774865547,56.59508794194536,87.51294719817706,76.98806554149141,100.0,67.08482628690248,3.0,60.67590423643941,1.0,2.0,39.09060004863012,0.4447315648181862,0.2201323073866871,0.5166702837914561,0.5,0.85,21.0,64.11763060635863,0.4727593051011347,0.3153495678271719,1
6.5836869636434825,56.46450023509372,37.94946305899707,34.86674558037082,56.204637089759586,87.16505515555781,71.0281355744588,61.74587096372623,1.0,57.556725330757104,0.0,0.0,48.509912317190796,0.3613231619610337,0.1715819363072369,0.26374794491449177,0.75,0.88,4.0,54.1401238198508,0.2530131468571191,0.07920214945617025,0
9.67653698325,85.18518926471933,78.44311192754125,71.32725221274492,60.191137994013744,88.45051694069456,83.2707850501868,31.209654220327003,0.0,58.68676132408503,0.0,4.0,60.44479194577682,0.7968845683995895,0.04952514133961857,0.3183090305621877,0.9,0.7,9.0,33.166924100865856,0.2509158047200009,0.11599271047117342,1
7.501891684283799,66.23215897672998,67.67437310168447,13.875413047027195,77.32943729192127,68.94644440694097,52.50212911931057,28.15376996073105,0.0,23.78239286572996,0.0,5.0,39.08162197435317,0.3399036945480445,0.1790278462257837,0.589495904316855,0.75,0.85,28.0,33.473374645501615,0.43077241731077387,0.215763238034993,0
8.144692185364878,54.9145255166532,93.05420631181624,74.27695750477133,52.237924552769385,58.985130592845664,43.56913953735784,51.87023461622712,8.0,74.43266019486158,0.0,4.0,54.370676064740664,0.5601698209354247,0.3302686071645984,0.7537261002323346,0.5,0.82,9.0,61.41520316472149,0.785077296257386,0.675664876656847,1
6.462963517588419,37.58120268309595,68.36116109725867,60.22481719215829,46.903466908469554,19.135838075009367,62.94375800229077,58.56498550021914,3.0,23.12847100203562,0.0,3.0,83.55159536939466,0.832437994911783,0.3906878106260568,0.348368783739405,0.65,0.85,26.0,65.1585408088156,0.39965998862077223,0.24700695408453394,0
7.447880659166634,51.173705391937894,77.0352925833878,60.470330949502056,70.22281255748604,61.67181708439228,41.93489325373054,41.34672260419643,8.0,64.65109332689792,1.0,5.0,75.15881671686383,0.631033974725114,0.39456736782490814,0.8293301280649736,0.92,0.9,5.0,41.42785222883054,0.4913019534955657,0.4330154532693089,1
6.384534793662663,37.667673330860424,52.49546501721633,60.43950539919062,53.86360181057981,59.15825073693012,33.034975422059645,58.14745216775482,2.0,10.592062271117598,1.0,1.0,51.60764051142816,0.3399036945480445,0.4489237550449872,0.6586917595358792,0.65,0.8,24.0,39.117885089992555,0.7410838868047459,0.6292670269381055,1
9.269071167631976,70.63442955075554,64.4465366133006,70.09557460439028,67.26690554925065,75.67541204468739,87.37224207205375,41.69696579382652,5.0,69.51742133491875,0.0,1.0,83.70745258995981,0.5286447160208276,0.2594140644153469,0.301598429476697,0.75,0.8,28.0,45.76233667988525,0.3273838685689484,0.06989827019676732,1
8.612628953417513,98.2384361863028,67.07175147308908,81.86848878548558,27.744388495561594,98.28428738524944,74.84134165731949,64.94609875939538,6.0,68.87943011550931,1.0,5.0,62.90758807196876,0.717589950960979,0.051318365697011356,0.7846537874287853,0.75,0.85,37.0,57.93027679350988,0.5684105682358094,0.24096257896637016,1
9.337789788481047,79.89830842623773,71.3542235965956,65.21442973148862,70.73444093379327,82.26615306331496,100.0,55.13746576372607,0.0,52.65258438484324,0.0,1.0,56.34773142282949,0.919401687151775,0.08682874644243922,0.6832918702247806,0.95,0.82,19.0,59.22460822048328,0.6071237951198137,0.20068603989247993,1
7.878395227431548,63.325818709859504,62.85116357244701,68.63807981757468,67.48749405144311,72.03611282344308,44.13212129126772,39.806842257265885,0.0,52.90888696263791,0.0,1.0,53.75277793372767,0.36583115337862815,0.20716936058215604,0.8796334115236046,0.9,0.88,22.0,49.1632345701767,0.5257729503599501,0.2184744157781463,1
9.004804300804777,63.42587086047451,83.23493425078495,66.8866027146565,74.75836099521148,79.75497758642949,72.64800314580624,83.28494158044062,6.0,88.28323165792786,1.0,3.0,53.27281805008873,0.3944363522576257,0.6258341280250633,0.4340166665781692,0.95,0.9,12.0,100.0,0.581061346922542,0.6596943196803308,1
7.58992016779607,49.398487466374,73.5221983279761,37.73007139627804,74.29878361933102,65.96554275457403,52.59415716205018,58.04931720748365,4.0,56.10633652049009,0.0,4.0,43.7601858626122,0.3611109901810614,0.36927038553225355,0.5672476731096867,0.5,0.82,18.0,73.17845681706872,0.7365696256968979,0.38077414368847273,0
6.371956464816467,34.71754541275751,53.12674531137958,43.39119922006569,65.34891402887922,44.573985030952194,62.90091688784101,80.91584620099349,3.0,58.63895512687074,1.0,3.0,47.26345149185767,0.5601862868995734,0.3862640785914873,0.5404473658104101,0.9,0.82,21.0,84.05594903014634,0.36505990954550466,0.05991892298226776,1
7.995335551275593,84.11109863001892,48.99367395305036,64.68472230647357,69.55647971272451,79.22222040759196,59.05898042268429,46.12713249129668,1.0,69.69634133457419,0.0,1.0,61.945749116715234,0.4145340996728926,0.15841220761914512,0.2512770591293147,0.65,0.8,15.0,56.500458532944414,0.4857779044506006,0.6881250728774586,1
8.827179946240966,58.378584257094495,87.06607806290214,69.04314382044176,67.0622005446988,62.22345320913787,55.117706323476845,48.10927972987775,1.0,14.173547680606276,0.0,4.0,72.34776159794833,0.8674595409294366,0.25723276919085303,0.33587831973963483,0.95,0.88,9.0,37.981454624946714,0.4745230965611421,0.6495123910919909,1
9.205584816071461,60.43472043909162,88.62361567201951,69.7815687110143,81.24094545822108,53.8108255970118,77.21549689452922,59.93831531057055,0.0,47.930123798734364,0.0,0.0,40.805185815367906,0.5565202992439231,0.3726073335982924,0.6207759725075084,0.9,0.85,27.0,71.07628081298816,0.7826805175090208,0.4733442421936986,1
6.538064376561344,31.24880192683974,69.1446021627357,61.51764711622881,31.15079874189412,46.998004001730465,50.69322441720038,35.537851337886806,7.0,30.97442975422559,1.0,1.0,28.973399713914134,0.353263616423463,0.3209915375164443,0.5580939352186274,0.9,0.65,16.0,41.6849184839984,0.3249127059463885,0.03596591327202699,0
6.912859849366212,52.39167308613425,59.974558185374384,51.933290662036455,54.84989348784383,62.17184642751812,63.162149299747504,42.906640104363234,3.0,34.773134463145226,0.0,4.0,61.55214988155323,0.5530361183369766,0.34635285961096696,0.5612236021302672,0.95,0.85,31.0,68.71136015585951,0.7732713298485182,0.47501474724047377,1
7.30113397188039,48.16442951069361,66.42534972973,61.76415856884705,58.75553518145127,43.585298786938225,83.3964310674399,68.10536202811164,0.0,47.5233593168038,1.0,5.0,79.74323171796954,0.9305550527984989,0.398897214678336,0.5486990965254662,0.95,0.88,19.0,73.19000020643398,0.6802698014767911,0.48866445951385534,1
9.127808966666219,45.00038818874435,70.27822224933936,99.28397663917994,65.43277447164945,43.770081663409144,54.66238121915444,66.75032047549522,1.0,20.75214480219043,0.0,2.0,79.00540462761808,0.4829647809654437,0.49159340844975513,0.33979288488499293,0.9,0.82,2.0,46.669742920551435,0.10221804128873431,0.14163925553816853,0
9.253670214427109,56.74807305524458,84.89915522943788,75.51013617984627,71.95053241422083,66.50824703320026,62.21013426504288,36.09505037394994,7.0,57.53180714139578,0.0,5.0,64.54952068509634,0.7919953714944481,0.2683553554902166,0.8849083953478919,0.75,0.75,11.0,61.176810786141964,0.7609850307603221,0.35928498890920485,1
7.530942512328993,53.273592808959734,88.13273442159829,47.123074198238925,56.61684452185484,36.16931738303498,77.21549689452922,59.79091486111541,6.0,65.33749893639924,0.0,1.0,46.14730652478111,0.6029251156414945,0.3803163444169017,0.5323088472685276,0.9,0.82,5.0,53.136453855215905,0.4151711212059117,0.3075266974847364,0
7.269622814443272,49.9984846962766,69.38398400214766,64.05739552804309,59.22498119516775,44.573985030952194,57.38456125489638,46.34341906617819,7.0,39.03062641655601,0.0,2.0,39.25428006232702,0.43073764215176014,0.34964856773872427,0.21149472780843626,0.92,0.75,36.0,54.00873037206234,0.6708686487351204,0.4312461373235488,0
7.89693805660445,66.40890608680043,46.24730944684606,74.87414275317737,71.81079477143794,50.233552805489666,81.48842065679214,43.539919882198994,3.0,42.317800638843515,0.0,0.0,91.54134316932564,0.3980131110850226,0.5486923115910604,0.4885828258767966,0.95,0.88,3.0,44.812864902069116,0.4462408579258542,0.6035536577809166,1
6.578841498598788,39.94294760955606,88.58581151215364,47.3748995128831,48.279517962498176,56.477826418045105,29.045004567816115,75.26925239465464,0.0,51.66622950237567,0.0,4.0,48.61842987935375,0.4646113052045807,0.38559352873379826,0.8954291890546286,0.9,0.85,32.0,55.79355148553245,0.7513043194085062,0.4970628765338538,0
8.882004501302067,71.20724663454544,79.72610342071727,62.52716974100918,72.05858361976344,60.87028211257535,91.20362748366841,73.74317888466352,6.0,76.17083816927499,1.0,2.0,50.02464967997007,0.6000055934873462,0.4735908352637276,0.5858072526426824,0.9,0.9,39.0,69.6766588943021,0.7994091723532053,0.5967512917097155,1
7.095646794934928,56.30975230456723,69.17705117265518,66.99366468392675,50.80605706664675,49.455904544952894,47.252140936318646,55.99003209935164,0.0,58.2950420780943,0.0,5.0,53.29582704244396,0.6243505625155463,0.19863120805251133,0.604775661160126,0.5,0.82,15.0,73.25496164661344,0.5402785858119816,0.37112178784436944,0
7.402156502541311,68.65470666150433,81.38560061767178,72.28095771061137,74.83039570491293,53.88714804569733,47.45283736229984,79.28223718246319,6.0,70.45773320577031,0.0,3.0,63.91129125948551,0.9216928767534729,0.15385520314152637,0.4427569068528233,0.95,0.88,19.0,68.48176572423898,0.6331869640540352,0.7562495680447374,1
6.666756537000534,59.369947431298186,57.84053086899453,60.7346418460298,58.18513327029147,53.42180413896172,62.875591542810454,80.92011894734902,6.0,61.8749913494975,1.0,5.0,91.40229250914147,0.6544098570345642,0.5045246778025095,0.5726557401950839,0.9,0.9,33.0,72.82152386652152,0.757978144754136,0.7084715974715844,1
7.2882294142909405,48.99751354038706,53.12674531137958,74.53457674819717,45.72051027516535,40.02649072695366,71.40443530396625,44.29079440543366,0.0,15.005417053086148,0.0,1.0,33.206728177924106,0.35679799500344067,0.4109250092463234,0.4736644630135655,0.9,0.9,7.0,25.77761534092452,0.6351671386353037,0.4255010615407586,0
8.906995658180897,55.440288474843655,77.61341237813186,68.96456094155009,68.2959335037166,41.5351992993829,75.5646632438701,39.85813283564411,4.0,82.94380980149128,0.0,5.0,33.01601684506921,0.5803276537066933,0.42082095375036416,0.39310539135809597,0.65,0.9,31.0,52.727012051307746,0.6314266832471993,0.4210128598561346,0
7.181653737698912,73.16670309076444,45.68793209928862,70.1628229845915,72.42027070902635,69.16089976286204,62.9404853585937,62.10320994064094,1.0,51.33643927584403,0.0,2.0,83.75905463061275,0.8799175399488144,0.11816063154277204,0.6889537163552191,0.9,0.7,29.0,75.3793976136253,0.9087269318816135,0.7462594721909255,1
6.227332481805737,50.412546345207495,53.71195000556472,35.31434386316408,54.41658059595257,42.28881088508898,62.63267658482163,54.6152133700215,0.0,1.4584763863735688,1.0,1.0,45.137201905495104,0.5282227185814881,0.22192509392770218,0.6270105878216097,0.75,0.7,23.0,51.79845071876464,0.7984875468006423,0.4724509034773139,1
6.294257123989666,30.383419026566347,66.45929079987653,40.95294260404415,68.78590128657976,53.436899683899185,41.2680788336874,77.74090478163023,7.0,53.27102689171956,1.0,0.0,55.88280753656163,0.42149462254447123,0.544011678904203,0.5504784024125233,0.9,0.82,8.0,55.14190074381318,0.5029241074530143,0.40934772050302776,0
7.668878350182553,49.522634969435984,72.09641158447327,80.52258357449568,61.256215731858575,50.99082411680193,56.188851334875615,64.81467504797287,8.0,56.19786952758938,1.0,4.0,50.00777677706426,0.6107335788148106,0.4948265370937544,0.6570699333748503,0.95,0.9,24.0,78.40766148811171,0.4767168529408316,0.41815814676421625,1
8.86331733940098,72.57063791140713,54.538689188428506,96.12755929383304,54.809366694391215,84.63635952737542,67.08585788288894,46.039838432849436,7.0,75.98633069724444,0.0,1.0,59.63795310777124,0.5439277328273401,0.19863120805251133,0.12838436453622373,0.95,0.8,9.0,50.40069624807703,0.29259192714850596,0.3728397295323167,1
6.376629938003527,56.89982287326501,70.27020400485112,50.67230543234081,31.794415485408635,74.04264936903208,46.684510446133714,55.944964491816954,5.0,57.76819508923867,0.0,2.0,46.6294174163635,0.7764111594193823,0.0671502374926375,0.47665229464795184,0.92,0.7,17.0,69.79444013404208,0.5190897766571362,0.2703531320959816,1
8.134911934239398,73.65705158995212,73.68315368030261,67.89392362265045,53.3389959663609,62.89799593095721,78.58454510223578,64.46763677705535,4.0,50.22352331702065,1.0,3.0,56.090376073837106,0.7309290576551605,0.17469242871658344,0.6690195618031604,0.92,0.85,25.0,78.1557340814787,0.49569474913172445,0.21844284611953602,1
7.225470919240928,39.374293843351715,32.6724517223255,99.2349079049234,58.078914974474536,63.544520538453995,53.14427543716523,73.78979037955492,1.0,78.19149363024465,0.0,3.0,53.66582744692835,0.7145935462822897,0.27771174542325455,0.15267006447328202,0.9,0.9,1.0,68.16717882032741,0.2406354008129167,0.2092190029280624,0
9.393860261024352,65.29271756370125,81.81995296816528,87.40755915516446,75.66866840710625,79.41466981940833,58.534638434983876,58.73163151555431,6.0,60.58489458330047,1.0,3.0,71.81153076057504,0.7367953062654211,0.290604276331651,0.4876113491561897,0.95,0.82,39.0,66.37161989060789,0.5490073280941564,0.31238561717138214,1
6.703681510823557,13.331281758679879,56.990768125791014,71.1649227314067,85.23690207324202,27.7229262773548,39.573454407369084,66.03960276752026,0.0,46.529203896384956,0.0,5.0,67.40000051537461,0.7083938198047217,0.6250907282579575,0.6753390959920919,0.95,0.82,18.0,53.429133140304806,0.6524730249531783,0.36604877725174456,0
6.935053123718767,54.00581382142072,91.7789182127793,66.2948037320346,64.70503311797931,65.82725873264833,48.14209893832241,70.53811084881966,8.0,96.38396259113982,1.0,1.0,62.69365592453181,0.8752609693321227,0.38625409177339665,0.6174470271807474,0.95,0.9,39.0,59.13714220311776,0.9359972433018066,0.8650280211536577,1
7.056687073968778,67.94935151457672,40.15968965169816,52.630504077518715,58.1864777448776,65.02964375098259,69.5553920934961,52.794273396462344,4.0,19.572311762706263,0.0,2.0,54.42045134786866,0.3789952149823595,0.2658101231406705,0.3254240591804696,0.92,0.85,3.0,49.51669928666157,0.18504164651973354,0.28935279801710395,0
6.090274724537309,5.414006563554608,61.70323433724776,67.61692818232429,53.25404002002517,28.7016748325251,24.173849266702334,60.13078672823589,7.0,54.1217281432159,1.0,1.0,57.32401465797093,0.7484578783230507,0.4742264443099879,0.45775671229497594,0.9,0.65,24.0,59.98403849925433,0.5634503803635755,0.14730347269669455,0
8.38122902725043,50.70822333349618,77.31132230961136,59.95167998005247,63.78415435546812,52.87300838907452,78.09168435296604,78.07596538815409,6.0,49.781569175595095,1.0,5.0,62.06754080583093,0.43000261448928095,0.6996379748953556,0.5162470197135903,0.92,0.82,38.0,84.31991971602109,0.6590108073408394,0.4954122088696078,1
7.686982968304711,75.64695591010712,64.03993261598306,62.998420466691485,50.15364470635606,51.016689330120556,76.51353151416147,55.415822965491124,1.0,80.95333717209905,0.0,4.0,56.54856189463593,0.5766941016975902,0.28912020615386325,0.39919608276224616,0.75,0.8,5.0,50.80191941850158,0.5840140887855385,0.802351491395839,1
9.039507560902578,53.87884356969054,92.1444658554745,66.35653258241297,67.22534504637682,51.12629192898566,59.761433782606716,41.59277671719941,1.0,33.17539249274573,0.0,4.0,71.71710780962756,0.5282408826277156,0.4234696197051487,0.6509919519007802,0.5,0.7,20.0,60.31306703531961,0.7799670423721743,0.5428485053508367,1
8.106716288843103,72.44712736745485,97.8911420125298,69.37803639255378,48.73897421742073,81.95412972125362,73.82847644700988,69.87927576623031,5.0,91.29675040580841,1.0,0.0,79.11784644737858,0.8581402887478968,0.20889222722774475,0.8608265312096479,0.95,0.85,40.0,77.95700947728518,0.9555257902274628,0.57166328230442,1
7.077378913077071,74.77391358148178,46.261377790230256,74.0625261227457,53.93227421345006,84.23966178030193,57.20209544698274,67.18381522028835,6.0,82.90037079276752,1.0,1.0,61.08376581989818,0.7235853579253976,0.09130241837879907,0.3183090305621877,0.75,0.7,24.0,70.47570683102444,0.49447107283057723,0.4996684901386883,1
8.214048527395242,61.959495598925166,64.45600332453498,68.57958653321927,54.561428350973074,74.8744742465477,74.25055593378127,71.01308137979906,4.0,70.4046634764747,0.0,1.0,53.33249081952869,0.3859111285047127,0.4700707758141106,0.60680212761067,0.9,0.88,27.0,62.77706103351183,0.5291257377192624,0.415957005337488,1
8.476343978152977,79.75113286203282,53.21515746549979,76.39136274149446,71.79571869907635,67.46447929523306,77.05166941146314,43.92583248014073,5.0,67.68849663382589,1.0,3.0,82.27264127076823,0.650019491278367,0.3164478966871775,0.5062518753062016,0.9,0.85,13.0,60.178530706122174,0.6784399873678137,0.7695582206791488,1
8.4730194409274,72.62577031375503,67.30469446128852,41.55190950113757,73.31352102271893,74.41617349890237,72.4593199221888,65.84045115168514,2.0,53.91268622213074,0.0,5.0,79.00348969465618,0.46967178105756874,0.35062216529593426,0.5252460529824748,0.75,0.85,27.0,51.83209272099305,0.7335992230126842,0.6428868586619573,1
6.401850522353754,27.102452713936543,74.90337009809433,78.60981743310604,50.13426562800862,37.363225689282345,29.82457254920913,72.8932502030016,3.0,73.79967641333661,0.0,3.0,73.25283639111477,0.6204144578144515,0.6015438823498491,0.642594776871929,0.75,0.82,9.0,80.73161277666742,0.8068105061467409,0.7909353032266944,0
9.653888592255925,88.31238501585149,60.48019710922583,93.4482572289166,75.41549198450421,88.74953337294895,95.69339072686046,59.398496132641256,2.0,56.249830336002915,0.0,2.0,74.04226051108373,0.5466214668894432,0.33584173039770626,0.8632644643395584,0.95,0.9,39.0,62.90460141754932,0.7151080878859054,0.2469909345794895,1
7.597450731720054,27.213397623069014,78.27431834982512,67.13363426554105,68.82631008320865,33.562809835063575,48.07546774351914,56.92841946400647,2.0,40.63064304928681,0.0,0.0,38.84065016746243,0.4738428970516452,0.4680779263260436,0.11533913287025198,0.9,0.75,24.0,49.591237578289864,0.3872402646684437,0.24978356191866347,0
9.43135878294332,49.004098284739186,71.43454903496585,87.40755915516446,91.07613347430721,66.08472057103373,41.60290379147436,42.81725263071665,4.0,35.18188984092377,0.0,5.0,74.90479618224936,0.4500276699841407,0.41188985773317544,0.2990374330478906,0.92,0.88,7.0,45.03456485728702,0.2368993772087088,0.20009859831905696,0
6.027976625053821,12.57895043040719,67.98245016489687,63.96479869520762,26.56216736574769,17.619846226514944,42.293322395519255,73.91516060837833,7.0,44.232082836435,0.0,0.0,47.722884668668904,0.45262335546410704,0.5872990942721359,0.6629319012933039,0.65,0.88,35.0,94.33583049250026,0.4641640710116722,0.11856067644510594,0
7.5501794142988725,61.68323727339851,92.64272253279775,62.52716974100918,50.01181422209683,43.766086212593024,69.1974988200533,51.808096132308194,8.0,68.25179523275614,0.0,0.0,49.53626434191946,0.6434597241948228,0.29963235366765534,0.439834370550302,0.95,0.75,10.0,61.352811548517565,0.49722651510829247,0.49706660391832475,0
6.580933064080077,53.65159205567418,36.730913710189,51.59389448741341,60.846840409627646,53.16379539943014,67.35751559612861,39.638221459301974,2.0,50.85001235646327,0.0,2.0,45.60061125228064,0.4410221060175718,0.24063015013821681,0.8246804270373843,0.75,0.65,28.0,34.8451183398207,0.777779061598028,0.2861586606657654,0
9.226118005974445,79.54383843260365,76.77709186191615,82.63465023871264,60.03444045630636,48.65826682082075,94.3231574775558,58.91531899639029,6.0,69.76297832666069,0.0,3.0,72.76068582631675,0.646767859939155,0.4959753486121767,0.8778637756956084,0.9,0.82,39.0,63.38047825159091,0.683730174412826,0.521389310611403,1
6.64491359937453,55.38328160911665,54.64087554488623,46.63454034959383,64.40898095207406,51.690738767027284,74.3799506970103,53.538880602453105,5.0,53.53417418218578,0.0,2.0,26.634331916404008,0.6590540375181678,0.26354443288331325,0.7284595521993862,0.92,0.88,33.0,67.22091301993635,0.6330630505888671,0.31238561717138214,0
6.832919022618803,50.30713322729304,69.18649730818733,65.56240927024814,45.00406325567302,51.00423624585093,61.82664401599633,77.40678104163051,8.0,81.462376045009,1.0,2.0,82.87943481324885,0.5879919140951807,0.4270511107148053,0.30358324145464133,0.95,0.7,21.0,72.48280818316027,0.2512799851970812,0.191450177209097,1
7.8771651131291724,55.399781714290604,87.21845845643858,70.26908371112695,49.66904469763867,70.48458130177072,61.419286484966726,77.45773747254155,4.0,65.85696101673079,0.0,1.0,64.0488836116656,0.8561413746156974,0.23846896176301258,0.32149029102150906,0.95,0.85,21.0,90.94943070274523,0.4168308485552286,0.3287563032606585,1
8.933647242021756,70.73356816659873,56.44807876038969,98.49578646033288,69.39019769197037,83.98407936097162,57.20209544698274,46.410475235074344,5.0,64.51697142140823,1.0,2.0,80.49312079101892,0.47614484215470976,0.3113992628198299,0.6244881018032035,0.9,0.9,24.0,43.61535514005729,0.6404656795475228,0.4522002876519648,1
8.960186147396891,58.77501212215856,81.90839728533186,67.33376689319535,84.80230194598357,68.5030117581637,66.73035194136722,97.65448483436448,4.0,62.44048482404733,1.0,4.0,64.39504544395392,0.8143242779472932,0.4489237550449872,0.5544197441232946,0.92,0.82,10.0,87.30838633812215,0.7624763870214668,0.8002460787103898,1
6.985871391447231,41.983203421534384,55.908987905726526,53.88778395088365,57.62935393279215,80.59190504893826,39.03119770377545,44.688683252934545,3.0,26.505841738505268,0.0,0.0,45.74083187016048,0.3814112068604596,0.17719848831821222,0.39919608276224616,0.92,0.7,7.0,37.872872102681114,0.3356991885119128,0.10123654122032534,0
6.438240464821755,76.0315295738861,37.57295871752683,75.58386774278677,56.204637089759586,69.32047227073485,42.25632738447243,57.10526665456372,1.0,70.07558161057428,0.0,3.0,56.69582314161583,0.7504511767810439,0.0749963754877548,0.4567690474003938,0.95,0.8,33.0,46.982794937152164,0.695802319980182,0.7430380212725001,1
7.28826025877839,46.97267925011297,42.772913650584805,73.86503738313392,60.84039072998873,51.13333306722271,71.86975847998349,47.16181588518111,3.0,38.572913695622894,1.0,4.0,60.55611020113113,0.5915501432423798,0.3326492645789524,0.38325480762410413,0.95,0.75,14.0,33.955377439584915,0.5273277695256128,0.16822464597779055,1
6.50092442758878,30.776993055130486,87.87105448440877,43.732973891198895,43.47203400051575,52.25437340831598,23.32923893498119,68.001656984975,0.0,28.25996697025092,0.0,3.0,35.30114637755327,0.35985701443342266,0.2541182734012549,0.3665036609717423,0.65,0.8,7.0,80.79591505985778,0.26021377902767684,0.08779716736144762,0
7.671274361425774,71.69296136553949,57.21219656055589,58.554805262226914,64.15872420389996,46.35318061256035,85.83043314783586,48.05791974135872,2.0,62.19185411088348,0.0,1.0,59.54573870201174,0.4617309676699024,0.36460204965469056,0.31706436089733436,0.95,0.7,20.0,38.31436634322628,0.6921700429077624,0.6774388061762338,1
6.583603160527235,57.7758173133993,58.13470836811297,48.46750036261196,56.901463457112435,75.74281697662303,50.77202969623923,45.93612997238028,2.0,34.77920012370084,0.0,1.0,73.7886461735627,0.8334151723396459,0.03710653086815437,0.5828707259178243,0.9,0.88,34.0,35.6931134955629,0.6340943204319294,0.0593117989808985,1
8.398048682913172,81.18233314496086,81.56097423950389,56.20820515902459,50.527012554018654,67.7451503153105,86.9371646362452,72.26175692423938,6.0,60.8493090136157,1.0,3.0,58.50385209171347,0.8398692668036729,0.11889676907874816,0.6228462227163462,0.65,0.85,36.0,71.61772709495052,0.5454611958674677,0.21480851323419958,1
6.546810509694753,57.18120511314546,54.422374148846366,47.35582916372229,24.372665164800708,57.3818622550199,72.29405302823274,41.56240744927806,1.0,33.14648364564204,0.0,2.0,43.28412449239495,0.3632061415765077,0.21403764296556368,0.5202831342009139,0.5,0.82,6.0,57.332261973773996,0.2618936406804242,0.09117943453785221,0
8.689806798725503,66.32128722755745,73.82205384962269,59.323781242312265,60.03335020001486,74.38299730187535,62.94035203222884,61.584361216107624,5.0,71.59139223709786,0.0,2.0,59.33369074252238,0.4357363404921579,0.2481415355330485,0.4132862007767181,0.5,0.75,8.0,65.65077759186525,0.3031582301103109,0.252479532654632,1
8.242288402361575,65.99568999817288,65.84041836168304,69.93621383381264,72.0362336652692,79.41466981940833,68.05176584681517,76.28277332014335,8.0,86.77041887182097,0.0,4.0,57.367696409574535,0.9185826723017958,0.08958656336546658,0.25560142835333527,0.95,0.9,21.0,82.04121004068489,0.149683948236872,0.03768719583682537,1
6.714033600338611,69.28181347555082,52.273585361982114,54.237661580968116,66.37102970945067,67.01898454617151,62.67997620245259,55.862003108676205,3.0,51.09778378305933,0.0,2.0,73.06710905727653,0.6624357276061733,0.2774490617586743,0.8613553253106377,0.92,0.85,40.0,55.11472703107012,0.9488174229464701,0.7943050000259831,1
9.482122474245077,87.33965849457556,100.0,72.63324145488338,81.98104796569845,75.05601077398833,57.89716957872744,68.21217762366183,7.0,71.47136766799711,1.0,3.0,85.39413338479615,0.7500402867965872,0.30606016936067704,0.6299042844142352,0.95,0.88,39.0,74.20171599146767,0.7952175515820228,0.793268542363571,1
9.124411475156467,63.54798317009388,66.11059351179502,94.98611039777691,68.81268162893802,67.23050107996333,60.35315223352664,47.91868576306679,8.0,84.21701675656006,0.0,2.0,60.99317914742345,0.44245459438209134,0.3491809888931388,0.34224247808778413,0.9,0.75,11.0,71.8975108971442,0.4572011217367078,0.3709941972815916,1
8.286744072297292,79.75113286203282,52.12044098069455,58.716198748326924,71.65329752929436,90.07595280292605,75.52361067006672,82.96667176172392,2.0,39.66060561319669,0.0,2.0,46.37715500068763,0.61568691524987,0.06820760408915752,0.6928951056947831,0.9,0.82,10.0,70.59438563583905,0.5466490083318443,0.16578957105467002,1
7.094627881144135,56.127613730771095,57.08029271953827,70.50640345906973,66.60392242341294,81.401485018202,44.44390055662247,63.196595271613425,6.0,68.87943011550931,0.0,3.0,81.52766308737556,0.5630940065834482,0.42198253316602224,0.7252341269528684,0.9,0.88,38.0,67.20452739364585,0.9438472466569664,0.8338277178695773,1
8.652858979118822,62.18444031230416,63.98731217127113,92.80067892779351,69.70306993730301,55.49497158363375,69.41337402973876,67.08406528557558,5.0,61.514343383736495,0.0,3.0,67.39790802908502,0.7887034424647648,0.3674268681311465,0.5619081153577127,0.95,0.9,16.0,58.14110516692653,0.5201473330246945,0.5047157658445747,1
7.682092857608982,44.23436439567071,64.47605857627592,74.67599846303679,75.13127845811405,59.97493628529981,49.14800445137497,71.75160554371928,5.0,61.349118697439785,0.0,4.0,79.08280722588248,0.7030412995629338,0.49183052549627976,0.36477018441230935,0.9,0.85,21.0,75.85925351977262,0.780942656837387,0.7194002141059954,1
7.514499525465855,66.12897790686426,74.30300760294881,73.88631851907704,48.78024391185515,65.99681713581928,48.9146980346662,62.81120074942407,5.0,47.74301560614608,0.0,2.0,64.36048564414581,0.5997799569447524,0.20812598311133604,0.3797482834244908,0.92,0.85,25.0,58.01552786071098,0.4412622323775149,0.44160847570532635,1
9.085555165740072,71.99432133702963,72.76392336247515,83.41832876950124,76.97580329008542,67.80200172200155,72.18288984586285,68.16666148700719,8.0,57.28702015307556,1.0,5.0,66.06329508116362,0.7312231424981188,0.4083160233610185,0.43955927603786504,0.95,0.9,31.0,62.0592302691409,0.7330916138518873,0.7086843628400752,1
9.363353355261843,80.44562120751391,88.23977072676007,56.32503570545058,97.22634550334462,84.96764105270142,70.33335413825299,78.3424863639746,7.0,74.50883113473245,1.0,1.0,95.54650634972351,0.6000055934873462,0.4263651740758563,0.6723065757643166,0.9,0.9,25.0,93.16217410900225,0.5441330499501584,0.5843623450723429,1
7.216611681792903,44.67265144845288,66.5542727966227,82.74320916730285,35.99231905449995,47.36443798891254,60.41331750740885,45.79721774771972,1.0,56.769014969254236,0.0,0.0,45.71068545237911,0.4646710910614854,0.36570339962477777,0.26586664897274304,0.9,0.8,3.0,54.39228137676635,0.5103416050542334,0.4622173988871213,0
8.87471158136378,36.9707761946493,73.2719729237297,85.90056618430886,71.8860160949407,51.79972011593006,60.498633136376235,40.95651370730869,3.0,37.61232503089421,0.0,2.0,41.563774855700515,0.5016236946322321,0.5299568263686975,0.2455087348147243,0.95,0.82,12.0,36.492950353750345,0.6229388810450361,0.4972917162640773,0
9.643744934454507,85.91261859425116,60.70366440201157,87.59509405332659,87.48947908214875,67.27067154748819,73.61132207722272,30.191494396133685,3.0,44.027100575818565,0.0,5.0,69.53606069088305,0.7413118745115924,0.2044402745626242,0.4668433092764224,0.9,0.65,13.0,33.014414179136935,0.7016001126018307,0.8186820187100147,1
6.572557300490313,46.6471192797391,78.04735131374657,71.62253457182507,39.06785158672093,56.73351683885613,41.93489325373054,70.25233722784505,0.0,60.92599052491907,0.0,0.0,51.85864460712971,0.7360098855119532,0.23410993214126466,0.7137930544831045,0.75,0.88,16.0,60.448883213973986,0.713338025847528,0.5919454756360574,0
8.638197255442968,69.91129059724571,54.85821752451292,81.78829358217297,96.0088524999182,77.71336831337412,68.05176584681517,81.21741451589807,8.0,56.09632976818359,1.0,4.0,94.47741467106945,0.9000226737842247,0.3209915375164443,0.8433013203999561,0.95,0.9,33.0,90.32836267254942,0.7121944028893753,0.48681861104594976,1
9.718809746821668,100.0,72.2989032094089,73.28646701085013,87.61638819971137,99.22064434525178,90.27008767947228,84.8548602363067,2.0,44.62634941880487,1.0,4.0,92.69527523797686,0.9078912816628772,0.054650224355197154,0.5910399204266161,0.9,0.9,16.0,65.38782162918316,0.5396274283691992,0.5411588799568595,1
7.09526733285404,19.565225738228314,78.08232467301062,54.516302096986514,85.29574014968156,50.91957327489933,28.929297493785263,86.72834196640582,1.0,26.54131485971716,0.0,3.0,71.60833815831226,0.8305265086695932,0.33964891397271546,0.3250992868584174,0.75,0.82,2.0,70.60321202577138,0.31147293752840743,0.16702738278806517,0
6.433272927071294,73.95726143700143,57.617688924606995,61.99335957291191,20.86985223232341,88.83171566976483,22.593483511641864,44.133210556461535,6.0,67.4212916914579,0.0,5.0,44.09790160319834,0.32285261841693097,0.07954024784126676,0.2116649584261545,0.9,0.7,21.0,35.00342082451395,0.662435776431607,0.6910271166620633,0
7.370883008769364,54.689594381522255,84.98473913821019,49.66579720025171,43.09347949257143,65.0457440490498,57.85860231764691,56.27244190705423,2.0,43.34940513918271,0.0,1.0,67.17948961583943,0.8703616784259529,0.0666574967518975,0.27239851566353374,0.75,0.8,7.0,37.433931023340214,0.21118172507265695,0.08643410158698615,1
8.956975405667247,63.42587086047451,67.3687092254542,71.1649227314067,83.57705900750199,87.83087509132068,51.066091141241714,47.04837215973362,5.0,63.840738767364776,0.0,4.0,70.47536283614983,0.5217548490900235,0.27946094827925955,0.7607254075890255,0.95,0.85,40.0,50.48446378651458,0.6958504569665976,0.2058396292912861,1
7.6186896662888275,67.56204240954261,58.089845843422935,72.78558396397777,67.20749452211192,51.40299928422462,56.994773994275974,51.64296503678416,8.0,91.87609229048769,0.0,3.0,55.41012010465454,0.4276061921296831,0.3334482766311258,0.36559391869751195,0.9,0.82,6.0,68.16717882032741,0.5411646248183,0.6925039814535646,0
8.138138452561346,75.30786846214826,72.97544868071891,78.62381003062191,49.61764081902986,84.63339908012588,59.24803610060468,84.93019722365074,6.0,48.51690378024707,1.0,2.0,51.933303979995074,0.588631355648702,0.1293912369609809,0.49825616027187813,0.95,0.88,15.0,83.34305789875708,0.45015646787083885,0.2107206929618937,1
6.281468100407084,47.43621319049166,71.08488381329009,61.76415856884705,35.81312081380166,61.01057276180835,39.90873111862322,87.59306382520566,6.0,34.773134463145226,1.0,2.0,45.550590652973966,0.6784707008698319,0.1730167743830145,0.6153892075017224,0.75,0.82,37.0,81.1092818211534,0.7178912558944957,0.29943751949465974,1
7.437577325018978,50.68865998345642,65.56798240034124,92.84426283777373,58.61999227495197,59.87922270665267,42.85442389170569,58.04931720748365,6.0,70.76759387008072,0.0,1.0,64.75043229051454,0.7966021127344827,0.2554531956672986,0.6480942959934232,0.75,0.65,18.0,57.125340518772866,0.8825089924981084,0.7943050000259831,1
6.884838682786084,49.183025008706664,99.99740777004986,65.045801214833,32.91331702426412,76.35525039001354,34.08024389572134,58.58120178230943,7.0,53.91268622213074,0.0,0.0,79.33790358973154,0.6946858857478535,0.1372772724888525,0.5642447296781392,0.65,0.8,33.0,86.08196902256977,0.6033152330840749,0.17751789397879064,1
7.596845420323265,69.10278958466972,68.05558026196212,54.09124493803434,58.88766425287619,71.5569422614656,80.73803515937865,79.25949692401937,3.0,33.67518287868502,1.0,0.0,71.4037785488998,0.7991204248910909,0.20461600953535578,0.3057670624185055,0.95,0.88,7.0,60.002291694493046,0.40142190090903024,0.43106516309273274,1
9.158228154074644,72.23199750070303,79.93189812305606,79.79216429302535,64.66832120914678,74.27673583305722,61.2205260202773,60.62271914553585,3.0,51.59358558040242,0.0,3.0,50.31379955632789,0.5955844567854198,0.20380001808598705,0.7828839579259063,0.75,0.8,31.0,57.98117266344197,0.8300694700752275,0.5609182976849193,1
7.703333330366535,62.681839900812776,63.903540740660375,55.28532662169582,70.57559242521695,60.09389075133714,62.425555974453175,64.80323445352983,3.0,68.8148603974235,0.0,5.0,70.97093003082948,0.5241908973045125,0.3937057994300002,0.48227326367380263,0.95,0.82,14.0,78.45375530517413,0.5842385027051441,0.5520403469297582,1
9.325018780491513,71.02174988805587,76.84941268044356,88.41246394780725,76.39402372623638,99.51617849705272,47.198782037939694,76.04329301950904,3.0,62.73757197914751,1.0,3.0,100.0,0.8081125789264074,0.16133803559445734,0.08795295411093867,0.92,0.9,6.0,71.61167945503891,0.14536274424811033,0.2378037618955639,1
7.823234310469583,55.64161354710305,68.15862808293613,64.60877090005428,71.39003376909676,59.85481058283332,69.09966877724881,91.87945057376291,4.0,84.75429881592703,1.0,3.0,87.26766200377028,0.7484578783230507,0.4529965049735336,0.1374884225929645,0.95,0.85,10.0,86.65411641481597,0.2666654146812767,0.41265695022215365,1
9.013418920046597,66.61685561198372,96.81351233129031,73.14467149749586,52.10037936453313,73.0246814125031,55.19822870692961,69.96746725015703,1.0,42.95468553016983,0.0,4.0,51.48975139055322,0.7343779299205049,0.1372772724888525,0.6996692521615421,0.9,0.8,31.0,70.9861630340815,0.635380866444081,0.24092839546224643,1
9.262672095663254,49.28524096191573,84.13558437239593,75.58386774278677,46.49190440502338,62.41523363046559,68.8562707322973,48.34466763733194,3.0,56.23214530985894,0.0,1.0,41.943382233872605,0.30009881911328545,0.6258341280250633,0.674465452349431,0.65,0.65,23.0,70.52745072171666,0.37898824246606033,0.0456684446263948,0
7.761967715789704,94.1411734751835,55.31048387303989,77.48717088976112,49.27483097675615,100.0,51.91893578753072,64.43554280344095,7.0,58.60808289167658,1.0,2.0,94.8533992265647,0.5303431802267096,0.08177172951813673,0.8778637756956084,0.92,0.82,39.0,68.0090049476652,0.8831255970971257,0.4972917162640773,1
7.325670477776311,26.539729424511634,65.26881605977225,83.43550394644271,71.3947382362405,36.66657709113835,36.48577235361269,47.59403575184609,0.0,35.155741624850414,0.0,3.0,74.700099118676,0.7846630537609915,0.37036623678670844,0.3245756029247969,0.75,0.82,21.0,41.6520229046367,0.5485149305985487,0.33533070868506953,0
8.519056913998362,55.55487194771886,96.6318553768545,58.56110595357333,65.78768403688429,46.71907339851393,73.25244187372803,77.05648774009455,2.0,50.75479501993166,0.0,2.0,79.18825422204226,0.9244109712145672,0.276936141025428,0.22636342862721734,0.9,0.85,0.0,81.48544883386336,0.21830045033656992,0.5055844758231938,1
7.875325005658096,83.7021166134552,60.83872067888437,68.96456094155009,60.06315225805304,99.22064434525178,68.73677567312113,66.47956464604295,2.0,72.85212104515743,1.0,0.0,97.9931082239876,0.6846736901440167,0.20399985143429927,0.5897944117272482,0.95,0.88,34.0,53.67727431515982,0.6550915285012682,0.5712518795500487,1
9.313996347613582,67.82694012042317,84.89915522943788,67.1060689828668,58.8572005651581,76.49174184401721,81.71360229891248,56.94568362537128,8.0,54.71107826529566,1.0,2.0,66.47714433289438,0.4702799782332283,0.41325208476487135,0.5088769806624294,0.9,0.8,24.0,40.603671401673864,0.5511751651105333,0.3719602033784986,1
6.191443005496507,71.18249688104194,40.07915367168467,65.14738708211343,54.83121808679235,64.60265658606983,48.664306353428614,55.99003209935164,5.0,65.5296480079004,1.0,0.0,53.45741718544417,0.7388328407493636,0.04328052888467128,0.6061948841209731,0.92,0.8,10.0,51.163018955301396,0.2778477116516294,0.19803562714231848,1
9.024908513979438,63.26243933059029,88.77589440572962,80.88542205914071,77.10244514669967,57.47800098659994,69.40198131720386,67.09531226483307,8.0,64.56887702392316,1.0,3.0,71.66560612794953,0.5936482346232717,0.5469137150889922,0.4580216940962615,0.9,0.9,40.0,80.29156892483923,0.777779061598028,0.5206241160721103,1
6.478066669586684,12.510163051306002,67.16094508909366,59.94954065855018,59.98326319678579,28.42342500884935,40.45523630248641,59.31383177229807,0.0,36.5756342625717,0.0,5.0,72.79580313452577,0.5579213703767469,0.6240145455846827,0.650046458133606,0.92,0.75,19.0,61.08942786421009,0.65948259441102,0.23745121061225777,0
8.7052876802366,72.9951385604604,66.71640980317062,54.02245371614717,88.94467480531716,74.69368634875401,71.07654019976785,63.389247239648775,1.0,43.19126725519775,0.0,1.0,69.17112133379725,0.6605315050765403,0.16863122220673132,0.23870329193165812,0.95,0.82,12.0,60.830917476517385,0.5311846116963349,0.3809997622598366,1
9.141123641700135,50.415899750888336,88.13273442159829,73.053077824867,75.71406214325982,62.951046194218776,59.97966631797466,70.53811084881966,3.0,33.91381553881925,0.0,2.0,65.64675222362717,0.42430252863076096,0.574364492067956,0.7635852311637329,0.9,0.88,40.0,64.27149579534449,0.7365742923223327,0.33094735117787727,1
6.962568882681446,58.813755450624136,76.42492711704104,31.927778739173007,77.82605501664352,63.91352961510039,60.16319222663227,70.63248481552415,3.0,63.255819701063636,1.0,4.0,88.38254701610171,0.781679880011393,0.3919526916990006,0.7737589602533043,0.95,0.75,30.0,71.84866005897263,0.8189470182893881,0.7059538629737357,1
6.486831804167075,51.67394556454846,45.946765668537815,54.28868458863123,57.87702730433428,33.800209443586084,73.62082071985867,52.263049377444304,0.0,25.859387947769218,0.0,1.0,53.18684721316119,0.5739348752114646,0.22430932362160733,0.6358502568386063,0.9,0.8,26.0,45.11548353800144,0.44284035911592184,0.09882898097991759,0
6.28141919680248,55.72209173837656,41.244126678581665,71.46847012879873,46.43678008121246,40.98749318953992,65.952315851105,73.53570611646228,5.0,69.57582769677565,1.0,4.0,54.55071961647692,0.8434053396542087,0.2305378275455835,0.3462707633335144,0.9,0.82,12.0,51.163018955301396,0.5022611531772985,0.5592798945060596,1
7.028883255007641,63.26243933059029,65.52201261304344,36.605569010604185,62.44141288420893,68.87687544942912,77.81838277513707,66.26438260405241,8.0,69.45940617138807,1.0,0.0,58.40512806473789,0.44495543713853114,0.30431538790284307,0.3973082165170652,0.75,0.82,22.0,76.45940534000016,0.5543570969146003,0.27367863510209517,1
6.223130990270569,50.276669725517394,69.12471826984755,46.81085723978514,56.13298846066556,50.297482337654394,39.809602531061984,54.33841891700839,6.0,45.70506540663866,0.0,1.0,83.00414958148963,0.6700559844456606,0.3470365240975711,0.7662788907764356,0.75,0.82,28.0,53.55435648591441,0.8848287701755063,0.8414762513070245,1
7.9832901889231636,61.979845004037976,89.05934080325018,52.60696054683413,61.85210081083176,63.33928222516424,55.90405836629969,49.18254712197547,5.0,81.96904121688951,0.0,1.0,43.91253848292412,0.4987453549837178,0.20653027911438332,0.48670143179051656,0.9,0.75,1.0,54.99967937944054,0.40722291450179104,0.3719602033784986,0
9.584852934855842,89.67243593416043,73.6900874942636,71.70432966172768,77.04499342913644,81.67733875661524,88.95519198409669,48.198996781131676,3.0,49.04506151781001,0.0,4.0,61.47575751320255,0.4191838482088206,0.427704045787424,0.662958945680446,0.95,0.9,38.0,60.31306703531961,0.7909700393828071,0.6833263741307845,1
6.56977761614943,55.253688653778504,45.10121214968474,59.086713170713125,81.93701843716973,41.39544104305869,63.505823277723934,58.427704430823496,2.0,45.149237687726334,0.0,5.0,85.48261346160757,0.9329450523777945,0.2214861082067075,0.4233821814920534,0.9,0.9,14.0,65.15973618288032,0.5412611688899436,0.5190361914135356,1
7.730338061485252,68.42161322555044,57.2374936665766,73.22440327938244,85.23690207324202,68.05410357902227,53.615731370429806,64.39780770985541,7.0,49.511746376858355,1.0,2.0,71.98720975492196,0.7706284456227168,0.2201323073866871,0.41167255531325325,0.9,0.82,11.0,84.05594903014634,0.6319880467434841,0.6964076360235862,1
8.4909674057036,68.16764958550647,80.19553605331433,81.50260900705128,57.93044496099628,60.876613211688834,77.68456551833171,51.74183826289753,8.0,76.84777134981591,1.0,0.0,79.26019512951068,0.7343779299205049,0.3474141502269723,0.810371714120573,0.95,0.85,33.0,43.23987460136803,0.7048418129045858,0.3849944351324571,1
6.470918392463357,66.6162603954536,69.1694209619006,58.66610568667564,46.41499933724655,54.07869868255844,48.176400691659666,76.9128610012328,5.0,67.28925164908883,1.0,5.0,52.31028874559661,0.9007427952552647,0.07055287399963336,0.4534315571555578,0.75,0.88,37.0,60.33993335710814,0.6357800455129006,0.4326513648760428,1
6.44025555247402,12.688403798789373,71.57864165075706,63.85634410140815,49.55508624529684,38.32586535474745,43.64636684296441,79.27463583221143,4.0,37.643673675238134,1.0,1.0,60.99317914742345,0.7047754214598698,0.44591078989659505,0.4376577044899596,0.5,0.85,0.0,85.05802682806328,0.14541668729299817,0.06573417967223878,0
7.219230281455313,55.333329026100074,79.01335248539205,36.410437590627566,60.64382739970124,64.1145164897895,73.49207930908943,52.26713367240308,7.0,71.01163775220142,1.0,4.0,60.27009504857397,0.9454964693609536,0.10757993598862535,0.2619479454082046,0.75,0.88,6.0,51.85978721270659,0.3927313665070218,0.38768401718301565,1
7.401737846802389,55.25379525107135,41.746768027308946,76.28054395856005,41.20382653259122,49.96146921992722,67.5316764358938,58.83379256743029,1.0,46.437035471426604,0.0,5.0,49.77879270647939,0.3164924467951321,0.47564596338834714,0.7145716791660749,0.65,0.82,25.0,54.3936141810871,0.6183965497328588,0.29518266387297887,0
7.703221132770432,58.378584257094495,56.402073247356846,47.48471227382002,85.8211767118383,55.105206404094695,73.50372299980158,64.44358435472435,4.0,87.21603791613211,0.0,2.0,58.75222648276076,0.6317394862881955,0.3126237413298106,0.3150401441525453,0.65,0.85,5.0,80.72567715404801,0.42057571501415686,0.3803920922536523,1
9.566343544052051,96.02826187894013,81.36364722394187,71.70432966172768,83.68888940295955,100.0,58.82175592385423,47.474221815164654,2.0,47.14006789915746,0.0,5.0,78.42555003114963,0.8619345315255054,0.08918110801502492,0.658458642041052,0.95,0.85,39.0,56.274775819841985,0.8840858260227816,0.824837371959989,1
7.028883255007641,36.707041507814715,69.09302356742737,49.91127688414514,46.903466908469554,56.219560895549904,50.469950479083636,38.78635288914706,8.0,50.483765968992984,1.0,2.0,48.06588592051243,0.3450463762844339,0.2918793959935373,0.10675487670536078,0.9,0.65,2.0,47.29718918580185,0.055201595542040356,0.015123291688834082,0
7.830048038982966,53.92020283495307,67.12942208141307,59.0680201609613,63.93746628094182,84.80350069222573,46.37527672913517,23.338488214216625,3.0,23.12847100203562,0.0,1.0,93.84842897203141,0.8230550428032528,0.05099574378682171,0.2116649584261545,0.9,0.82,16.0,36.89632795129934,0.24377848148983963,0.02956473558911455,1
7.342683241260178,62.767205415416704,67.52622876180304,64.37033503503692,44.662338158665705,63.83571191134448,72.52624471559625,55.50946141636424,6.0,48.91419451841549,0.0,3.0,79.97641347148394,0.6324407722705538,0.2316590536017343,0.809801872508368,0.95,0.7,39.0,63.06348173157341,0.7797566512285424,0.12493899735109937,1
9.15246255452568,66.99219523496387,48.43651601610135,89.33525973425702,66.37762987291039,50.13793057994373,100.0,58.4949440107852,7.0,82.94380980149128,1.0,0.0,83.01734423566427,0.46541732944854997,0.6380505411016719,0.31225892534925487,0.75,0.8,8.0,57.802863306158606,0.5182028900201119,0.437474984617832,1
8.700024532622177,58.95183487361542,79.70811664244751,68.83453914494334,60.98113881337062,48.36163483330944,80.76012534574343,47.705016989873606,6.0,34.4540954017866,0.0,0.0,37.45530026739768,0.37939760028280267,0.4742264443099879,0.6758849650296574,0.9,0.8,21.0,41.44681454511548,0.5617693085918201,0.4027420231716371,1
9.253670214427109,66.62210806724943,92.41780953041095,53.70069908015646,96.09257016424212,60.42461236295371,67.34645444788418,66.67120528518052,1.0,47.5233593168038,0.0,4.0,59.18200757620392,0.919401687151775,0.17390032483603765,0.3921405920873656,0.92,0.85,7.0,65.5433322967383,0.5381470416440933,0.5624404471420839,1
9.47813528908511,70.73220605965246,92.13747453241375,94.56495538319368,58.25556658249986,65.05368128655459,71.22069459816372,77.25806720474364,7.0,63.46776568491073,1.0,1.0,41.48292268876713,0.6094041126869036,0.2159191117790438,0.3367299563067112,0.95,0.82,21.0,63.60331413734722,0.30496823478790963,0.13470169297537746,1
7.086979746993502,19.984813240214507,65.17785972292855,100.0,54.591375271330215,21.464584095159296,51.7654127505244,56.89897919055617,1.0,20.340744232755412,0.0,0.0,80.04832977986759,0.7504511767810439,0.6057827472347771,0.32008196865707045,0.9,0.88,13.0,66.51922280255312,0.5074447144950641,0.3604333099958124,0
9.510723098094324,48.623832664019886,84.65231173824016,100.0,51.12062519089919,50.98514270343346,84.52979658262814,66.29421834486631,5.0,37.78345898427629,1.0,5.0,77.21261729747624,0.6489545334158333,0.6687980412371688,0.48842893300286566,0.92,0.82,27.0,83.69564348516126,0.722800303566291,0.4366821851954594,1
6.689021543310239,54.471168973451434,64.2382619873334,44.83049569920228,51.53651378291449,40.66723788004858,78.30588762805529,79.38503172320524,2.0,56.114820255151834,1.0,3.0,64.47977925916113,0.41258380928043836,0.5744730175360556,0.37264078700603986,0.92,0.85,15.0,76.88072111231753,0.38093029912869025,0.4414908490127041,1
7.618351928219338,60.30802206388187,65.51352625019192,61.27946880885238,80.96037493116643,69.9191306184731,28.58552691993743,63.33480034698425,4.0,37.1213512943765,0.0,3.0,54.78011040741806,0.3853671248633726,0.1888905592021738,0.6496470949111149,0.75,0.75,30.0,56.67568390326921,0.6622215356747818,0.3440645949044575,0
8.604625338891854,81.18233314496086,71.13803738729962,52.401529707209804,73.95483908613926,69.15581318755541,80.81812977861412,38.09160264367563,7.0,70.45773320577031,0.0,4.0,40.10851903184428,0.584316198852534,0.2242394052165719,0.2743010316650735,0.95,0.88,35.0,47.29718918580185,0.7877275563802049,0.6836824166633909,1
9.352265267250003,70.19537189149837,70.45821153614061,100.0,79.92209458054246,69.45144922802226,51.27609044232467,48.34466763733194,5.0,48.181251016217196,0.0,2.0,75.41069457997678,0.9092523116946227,0.07055287399963336,0.2936575961739652,0.92,0.7,6.0,56.64554700003745,0.3425299929808944,0.3515811120533422,1
7.618351928219338,45.052323159863576,84.49027613431483,65.87221098095449,55.625970726094174,51.47211714590951,59.86383938239103,54.237417130434146,4.0,50.295415349400685,0.0,4.0,56.23761156838464,0.8510694011739286,0.30130456373836123,0.5370122102052217,0.95,0.85,28.0,67.22091301993635,0.5308746483472268,0.27458598770456255,1
8.653609949900636,66.23215897672998,84.98473913821019,90.35360303685647,71.33993713345485,55.3562370435128,66.00995589769316,50.08281507692433,8.0,72.38138275529417,1.0,1.0,67.65001352362701,0.9042898194746083,0.32472028022133576,0.9346489902795858,0.95,0.88,39.0,46.55577939584477,0.840261265869498,0.6540723582779123,1
6.19203675687022,50.60142435907531,51.17613482520314,45.62531463680572,36.1407458383907,57.76258880066501,48.417094994184765,53.56549842341409,2.0,32.37304707882729,1.0,2.0,56.686598191662135,0.3389141653220689,0.2807479545174323,0.2512770591293147,0.9,0.82,10.0,65.45539839008853,0.24863316880678882,0.19720258734927307,1
9.015955972174423,60.046340611667176,87.08633240426073,49.40348145842155,76.72017082808715,69.80725565290251,60.069007723266544,72.13130409178754,8.0,61.263282568115144,1.0,5.0,47.829831071887035,0.3639487523047631,0.5052658962906706,0.7299891447041765,0.92,0.65,38.0,75.83870150230867,0.6216614323994716,0.30570268424003705,1
7.933949776655147,81.55386650371457,76.5862337384479,63.52745932168561,54.83262281244606,81.73689054091307,49.45824212106273,38.387750872073816,6.0,60.8493090136157,0.0,1.0,44.88294571868143,0.49722718406562005,0.07378396471237209,0.6668488053249735,0.92,0.82,36.0,30.390154456096944,0.6306061649579339,0.38077414368847273,1
8.4909674057036,55.97122332907507,61.38263379581833,64.61288178829832,88.30256075831304,69.32047227073485,73.58103722580985,85.27519493660792,6.0,35.024719445777336,1.0,3.0,73.7886461735627,0.6095316715058308,0.4322980263615244,0.665848063084283,0.75,0.9,15.0,65.93537351157107,0.7695902828087251,0.3660578929295046,1
6.123851284338655,31.99835720617573,62.30147263837169,49.11340201764349,39.95295059495149,42.69539008707319,40.7487267197028,40.87817671829339,0.0,33.69263425151952,0.0,0.0,59.56867441419751,0.7711427604846212,0.1193574837536015,0.4885809981520412,0.5,0.9,6.0,49.09974056909526,0.2326051567648612,0.04500533756093206,0
6.088264812917682,45.02312136135099,50.82158043669916,47.258537899403706,34.767886455281676,51.288759564703426,52.331898438665064,69.39243581009761,3.0,20.402013944118423,0.0,0.0,58.2407086334102,0.5747495391190922,0.227720281113613,0.2970462756500915,0.75,0.88,2.0,65.1030860371387,0.3653842751727075,0.3736939791056942,0
7.918207635033293,62.226413042333,68.85691420180342,53.162327836033356,54.41658059595257,50.98514270343346,90.16721407662806,61.98559085838968,2.0,28.46171658015484,0.0,2.0,59.54292052413797,0.3829773931681863,0.4711553427788669,0.45830632763793405,0.95,0.82,24.0,80.73161277666742,0.5660699945165721,0.26508450584292925,1
9.514857396286393,79.41590748784043,69.67077591996619,99.28397663917994,76.00622826987446,68.13469353900658,82.60914436344218,43.96896458297366,7.0,33.813389301436544,0.0,0.0,50.845147923605474,0.7876555891257938,0.17714719849105287,0.623655553348158,0.95,0.8,36.0,75.3793976136253,0.6041144255662094,0.2901885427161394,1
8.378760315456507,61.24547632085411,88.77589440572962,47.14505826253804,65.1152025218241,61.609689773566146,66.95542684191955,50.297891527065985,4.0,64.70198616864718,0.0,4.0,78.59811967065899,0.6006540662532596,0.2998429478940137,0.44523120652442744,0.75,0.9,19.0,61.126157802694635,0.43034163477945464,0.19235582854092748,1
9.141123641700135,54.85050242149267,68.73407589062167,78.81672812369868,97.98941351129173,45.681816140086724,71.51020990722878,71.41611101790367,3.0,81.66711593342193,0.0,3.0,71.7216025819189,0.5592634689060458,0.6057827472347771,0.7329333772221253,0.75,0.65,40.0,86.23593424360328,0.8054743931025229,0.5370505570479559,1
7.902816507568901,55.72543461281023,73.88093174875613,64.80942638582691,61.792924325614706,63.78171106097398,76.42523418343046,58.14106266049429,4.0,74.07816594639152,1.0,0.0,55.24254182987891,0.5906148161035483,0.3549317097284782,0.41801028678743946,0.95,0.82,26.0,60.79607299398175,0.5898469355894514,0.2582280523642057,1
6.963925124934948,56.07703390313211,35.66589682124674,52.182507322632986,75.78562135806715,57.50356284036387,57.00371633139867,43.154379757764545,4.0,78.21314655822536,0.0,1.0,72.54331397579084,0.3410698802614823,0.34480578032662645,0.2865225147290328,0.75,0.65,6.0,46.1267027623648,0.31655980064644607,0.3434280668541523,0
7.005470900315402,60.90168768148865,63.474788358037316,62.43006175806769,58.49215236197008,73.57195130796546,45.27986232689908,38.57954179081311,2.0,43.05330814065752,1.0,3.0,91.1740498330911,0.8084284458064435,0.16883666765199593,0.5240159806287662,0.75,0.82,1.0,60.86445890968464,0.6582834923558459,0.7286072100828629,1
8.405966892149896,81.42768181577817,56.74437037510282,69.60759989942638,63.17341775069434,85.43695513432525,66.75452905015882,81.78389426094596,7.0,39.070335065559895,1.0,5.0,61.04549944598342,0.614424683175194,0.1832974370484671,0.2249805402922283,0.92,0.8,31.0,44.87643892654956,0.5606798141242681,0.6041999086742409,1
8.17534014586404,60.71899420064444,65.13340685330135,47.39983754000869,71.65022865781154,74.48755639630191,69.70231312760316,56.618199970691485,2.0,35.41994509599113,0.0,1.0,63.91129125948551,0.5878920243475496,0.1846264029238588,0.24349912442119986,0.95,0.75,3.0,63.21437701730155,0.28083458524069704,0.1512731118472385,1
6.8496432193289785,38.17541057477499,64.88857644954784,59.927526083362665,54.01333359144496,44.56411709977948,62.11490294343604,72.68086272210685,0.0,36.149428841054515,1.0,4.0,82.12441973356796,0.4447315648181862,0.6240145455846827,0.6235195250460053,0.75,0.88,10.0,66.73904860296975,0.7355206552873934,0.4895673209958906,1
6.016361947537179,45.38302776749252,45.10121214968474,35.016835085707854,24.098046618251153,25.003210793213206,64.60505507453934,38.387750872073816,1.0,53.322816672553465,0.0,0.0,50.06977156963821,0.9377909271267053,0.02678786622459989,0.038064505894640104,0.5,0.65,9.0,62.42359972875205,0.16809611997202412,0.14015353875452133,0
8.1499332216413,61.00183925345753,54.9447947351385,79.933280333824,69.16344112426992,95.510132754048,47.22436383217299,69.07952828609375,5.0,52.16412885825653,1.0,3.0,43.64094238198388,0.7523716723600264,0.06927116714232577,0.6207759725075084,0.9,0.82,25.0,76.02445408748568,0.4197855679547418,0.08683875281384006,1
9.144998453571812,72.59552273127325,79.93807982033289,95.9410303799308,56.99872835978171,85.93129894905222,63.72172801941434,69.16847621169033,7.0,73.47778210664079,1.0,4.0,76.11006630588373,0.8616698913421001,0.23753560068499785,0.7680244671304874,0.95,0.9,24.0,52.334363822441006,0.6710684975336443,0.5444463457631451,1
9.452606624688908,36.40890775332567,82.0391396195235,64.29851790360063,98.85522884262619,39.27663102365418,76.42523418343046,76.45376837029025,3.0,64.53682225379703,1.0,5.0,33.661055462737586,0.6244101977229866,0.5818064964563107,0.5282846044689276,0.9,0.7,10.0,91.09066681013736,0.2830112022642661,0.09670867386519551,1
9.703443570354203,73.35440295462836,100.0,84.43494158228691,90.9634108592604,97.3875376248299,54.66238121915444,45.37559487700368,2.0,61.85702984022811,0.0,1.0,91.89363160459611,0.7537220202511387,0.2683553554902166,0.4811869886558645,0.92,0.9,36.0,49.666799130006744,0.8965067313783894,0.7087579015467625,1
6.83903210059395,72.5344555644594,42.408545896733614,63.10297355245706,62.889785553186826,62.68133978735108,62.26980946125723,45.05607532632982,6.0,47.72036149354754,0.0,0.0,96.12023979877964,0.8652883106124334,0.07444120376030118,0.31897410760623723,0.9,0.65,1.0,57.130790048788164,0.18724426424121282,0.3592326584963275,1
8.40508699121696,74.59411895635152,71.10035108744036,71.02247314379565,59.85490274113328,43.2369314022428,85.22752588249986,69.92001456141867,5.0,50.684462976929176,1.0,3.0,65.34777421678152,0.491517338402675,0.46032087412742234,0.5491700780739239,0.9,0.82,16.0,46.62826695714565,0.7379840085268032,0.7436860817899844,1
7.695750080412976,66.27208586828925,81.37846363260644,50.62495253193468,43.586827279307855,86.22260579196721,61.32547948661444,54.48906386109774,0.0,80.82984582702787,0.0,3.0,50.02464967997007,0.4702799782332283,0.2570312167306267,0.5392415635357135,0.92,0.88,28.0,73.19000020643398,0.6827226506754729,0.5022223401743897,1
6.925667632362709,41.592121542444886,54.333461823934265,56.44639615572588,88.33744908866802,44.70845046420476,49.13183601028773,67.27800042900745,5.0,38.67274950225284,0.0,0.0,55.52216464198791,0.4520297615662644,0.36389886621871964,0.6124086858926742,0.65,0.65,14.0,49.18436152895628,0.41583624700190985,0.24201053623845517,0
7.083465121577717,39.39101372837531,67.62058601652572,62.321213970864946,62.752968492194825,52.58954290751796,36.57431641262535,48.365052694924515,2.0,27.692596722914868,1.0,2.0,43.93601939839145,0.6486121884702849,0.11190517112031098,0.2561389746229021,0.5,0.8,8.0,43.78398856437525,0.22425923334624193,0.05817704505459577,1
7.045579597286511,42.08151511181819,71.44184711666993,54.02245371614717,64.216637208469,45.54513988556154,68.46439033857357,76.03475202747748,4.0,64.80828070360265,1.0,3.0,52.180501227787275,0.7067067423273512,0.4234696197051487,0.24328961662551277,0.9,0.9,11.0,52.727012051307746,0.4812318748107934,0.3399199438776691,1
6.538228078297039,30.800581196334583,39.91736388694139,66.21165372909458,71.42283882067031,16.372530242643364,83.89526471046867,47.74072873679788,6.0,67.37087087572148,0.0,1.0,77.5607822593302,0.47137099954113393,0.8050547224945841,0.16122180162881486,0.95,0.9,5.0,68.72314555077539,0.3733439341596653,0.5045703198780166,0
9.061936253700747,51.46318696448522,85.55745640140132,67.37255370866538,84.35130218296163,49.8195715057645,78.27751817726217,23.296183677066793,3.0,90.24896595891819,0.0,0.0,48.332571139436226,0.5795674812437238,0.46032087412742234,0.5646556995646375,0.95,0.9,15.0,32.80837165202298,0.398428990035796,0.20068603989247993,1
8.899031472350211,69.85303015819156,89.5861262522933,56.7840599808311,67.31500114185073,54.07869868255844,80.15239482561773,65.07870756455868,2.0,52.052088513583186,0.0,0.0,33.92646737046648,0.4214396452382907,0.3060191079239557,0.6153892075017224,0.9,0.8,28.0,63.0521130147232,0.4626749030442923,0.23873800267176076,1
9.650230457525176,91.45565382214997,76.86580213463712,55.636583967037005,71.33931116427975,91.2930021163937,85.49865688147706,37.64869867153912,5.0,70.73064455999713,0.0,5.0,51.09798189125189,0.5550062335721682,0.10776381591466191,0.6278071433806234,0.5,0.75,33.0,42.36741685647837,0.8318949118287203,0.3718547788262599,1
9.175014752822149,83.59513604619507,64.03484454101495,82.63465023871264,59.911140037391334,91.56519086926416,74.48093460204265,78.98461084078954,2.0,50.64923022972106,1.0,5.0,71.09572749079656,0.5999147524539064,0.2059604622402146,0.6113720785710649,0.95,0.75,36.0,93.18432614199892,0.7874062005736885,0.4061212908486196,1
6.052957893291166,30.78105627591978,41.991163951555066,58.88901255865892,40.70146489407548,47.322650293442635,44.112226833196274,87.90526157306547,4.0,36.666112722451196,0.0,2.0,68.49230250934912,0.690368681973172,0.290604276331651,0.7035349375165408,0.75,0.7,38.0,95.99040659468787,0.5614556427510988,0.09625163266056334,0
9.68513199955784,72.63587732284947,77.31069258842821,89.33525973425702,78.9627265291482,68.3960786891485,79.5739880757106,62.1161690175439,3.0,63.090353764695216,0.0,3.0,39.13002134610595,0.517560524831532,0.30553343598750315,0.5254166125394671,0.9,0.82,10.0,59.0859358857415,0.4602529784406115,0.3662071933772881,1
9.271043699758039,53.690440347422985,75.7860606938272,71.19641690023273,68.7370001633232,62.31272747328069,71.05797952043703,51.2057756239297,3.0,41.1525836027909,0.0,5.0,30.214531320502275,0.3862864530905615,0.48244638778632326,0.38998607044103273,0.95,0.88,3.0,47.453599167623395,0.3157235779571949,0.2861563729943832,0
8.585591461545704,71.01463640383,74.30300760294881,72.54773742160216,63.681080689798286,71.30928824606632,65.18694616870881,62.28895724518228,4.0,78.32143065662599,1.0,3.0,94.80855799406294,0.4191838482088206,0.4872393263083289,0.598975371835533,0.92,0.88,32.0,63.4958784240211,0.5980348555925029,0.46772167809596754,1
7.083465121577717,56.222362873093,68.42383057265069,29.35308166693278,65.59223440996251,37.46844741681471,78.41157343461876,27.89253099844511,6.0,45.870790128151604,0.0,5.0,57.113100195818525,0.7919953714944481,0.2131562663945164,0.292772164419228,0.9,0.8,8.0,44.511622031017666,0.48268175617276043,0.3440645949044575,1
8.402949192911946,63.43410930681616,64.45600332453498,90.90775685429016,68.20414911463973,59.9243573905418,60.22173015723676,33.413532029865614,2.0,57.36989596327559,1.0,0.0,56.064564449413204,0.6946858857478535,0.2274298783254102,0.3321880239117886,0.75,0.9,1.0,52.46675056254237,0.2777430397814157,0.42813432824387715,1
8.24274245451128,89.39060814926526,65.7509659929865,67.03316259887214,77.52331738947711,94.13246206586118,43.01309448587726,40.87817671829339,5.0,47.75211552614995,0.0,2.0,91.44416374967713,0.7945799283539904,0.052840691291584266,0.3394830167419674,0.92,0.82,27.0,50.05909844270325,0.7090446783826023,0.7522995009859864,1
7.826308997580766,72.79252135622679,57.383918307800954,74.10328970198294,46.2998180878364,83.16780060073987,58.760282423480795,41.91718190370973,4.0,76.9005937282443,0.0,3.0,35.18111744892333,0.8693747558955078,0.01283715049911151,0.36953883118795955,0.75,0.7,14.0,49.152288200637784,0.25311759737067524,0.07219721362517831,1
6.776566271804228,47.43621319049166,53.21515746549979,47.21574952040655,82.57908848329542,51.228034858788725,63.40476618505788,73.51071518459607,8.0,48.17843488975635,1.0,3.0,80.52390949799664,0.5391519512757875,0.4954983360829988,0.681451191542785,0.92,0.82,14.0,69.08616745437774,0.7441121280829124,0.42746892509492007,1
9.23996633234991,58.47879804546161,93.71570480534903,88.41246394780725,68.59475264300167,65.0457440490498,64.5814632809544,49.88031526406668,1.0,54.256727205712906,0.0,0.0,65.5676679414347,0.8026647440124126,0.2506128071584608,0.506377860428186,0.75,0.88,29.0,48.0786812045603,0.4879273946888616,0.314442326310303,1
9.745360185745632,35.10597795706199,100.0,88.08048630418894,91.92790035342398,61.66514116241065,59.24326021005616,67.75036005211021,4.0,66.69927860930778,1.0,3.0,71.43367674628158,0.6334486814999989,0.6151049035239933,0.6560131616705822,0.75,0.7,28.0,63.55654694678424,0.5962415200827367,0.1784378487966721,1
9.72712035302553,81.63187884958637,78.43065721790973,59.360791164473014,100.0,94.80244241117929,77.6559863638135,59.341458770418804,0.0,47.02679742453647,0.0,4.0,68.61076934847645,0.650019491278367,0.24048468346550916,0.36733304692521135,0.95,0.85,13.0,57.20076883154787,0.4836497238770326,0.48263405936771364,1
9.383003054929752,95.15871185422876,64.47800908828373,80.42610277581838,53.30063295128679,100.0,83.49487256446493,61.19892790718645,0.0,53.79108406980294,0.0,1.0,65.90494344052266,0.8216621277818521,0.05099574378682171,0.3607477515486883,0.65,0.88,2.0,52.6388141024504,0.45766501218789796,0.566356754388892,1
8.880733412324421,66.03720918950464,83.20845251154134,83.0950047400804,67.0622005446988,43.51899444598426,70.20251710321354,74.03999764684983,2.0,65.36388484796989,1.0,4.0,82.83653094200918,0.6877603951919782,0.5278636604264841,0.48741176173826567,0.92,0.88,8.0,69.89613498569257,0.4344370508520811,0.690465511958742,1
7.225463675677373,47.83396429749424,77.7481696023885,59.086713170713125,89.4616459282717,54.60271670094494,38.527388499043674,76.5673183858404,7.0,81.26983707693913,0.0,2.0,68.19128470942942,0.6974763260047592,0.4194463513020442,0.338006293465585,0.95,0.9,18.0,73.8378642982138,0.29259192714850596,0.4613803617438961,0
6.08462151839248,47.83396429749424,47.4932917394865,29.63275178048133,70.42541478389987,47.0713884073262,48.2500791301853,62.09022823311897,6.0,66.76971906900465,0.0,0.0,51.17134561124773,0.44741382944330044,0.29072042242905327,0.3006584098599955,0.9,0.85,1.0,65.96015258743111,0.2880407211617288,0.4603255138088381,0
6.199788763227611,12.510163051306002,57.7144006839054,61.59457903318928,61.20043961842917,25.003210793213206,50.88918639365736,74.68489792759691,3.0,48.27475515791778,0.0,2.0,69.38887269541625,0.8657847720725385,0.41655160778850703,0.34375182283505124,0.9,0.7,9.0,89.31908750560487,0.27157020549953137,0.0563164617182936,0
7.690763491902624,47.88543871753264,79.56554325139709,73.79648417571508,48.33479288142205,62.2391996616027,39.73161080231566,66.15014996833084,0.0,52.768020239993284,0.0,5.0,73.58350154688188,0.8940116535806308,0.12497870399657614,0.219096028690553,0.9,0.7,36.0,70.60321202577138,0.3426990075895231,0.13004458457943274,1
7.86468657854718,61.29927439127287,49.81523857562064,72.63919366599367,71.90281219939405,90.07595280292605,55.23108613820238,77.44155411624156,6.0,71.47898494381434,0.0,1.0,65.71313892763703,0.45769333017028774,0.2247444813066487,0.5357787167686082,0.75,0.9,12.0,48.975546420356345,0.616114910129764,0.263210067741338,1
7.645295472897516,60.05179991018648,62.202906909246366,88.71663678978868,51.97016367131195,49.176798734476996,60.08241923589944,69.91291744814188,7.0,74.29248128430054,0.0,4.0,38.158537370441366,0.4806530042335372,0.3452199388930245,0.8672846630294927,0.75,0.85,39.0,69.36285873822159,0.6428588132699782,0.2555371488863602,0
7.125938595723244,53.139552402223046,86.58739997630653,59.90511480854488,50.293571257303114,58.82874492574172,35.370364899560286,32.33744360825085,5.0,50.249898418361525,0.0,2.0,38.470787443539244,0.618300417769052,0.12536886875441558,0.6164816200316785,0.9,0.88,15.0,33.30453808906755,0.6078708447498984,0.3792094425288891,0
6.551494967727189,35.638417370355405,52.55596107672831,83.13301231293136,43.34347579881843,60.85595890227066,39.573454407369084,50.81854615387178,6.0,56.81556519784828,1.0,1.0,59.14809709581005,0.35683628241004184,0.38017876753745544,0.38755597529414404,0.9,0.82,6.0,55.20990304964099,0.4857432873196395,0.1859300711369263,1
8.636665469994206,40.62452163223088,69.90862173459875,84.83645293771255,66.74840570897292,44.368521753532896,56.2100821704375,53.70442144249254,7.0,44.55523966829379,1.0,5.0,44.643489624914665,0.4596772995431906,0.43799997052949613,0.5070756526346488,0.75,0.75,16.0,58.83705931155434,0.3157235779571949,0.08533942778125474,1
6.04076505090757,31.920936472907815,75.38887327467309,29.956226891714742,53.40782581073304,32.5446656231944,42.048283278409826,56.71107175765203,1.0,50.312175575818586,0.0,0.0,82.84247821433812,0.9016729566585011,0.3005115333222488,0.7252161151400938,0.9,0.7,28.0,67.1725718808266,0.8208801513369796,0.6650313535907684,0
9.467305425923438,85.05699575804763,81.15246344096079,69.38381556596799,83.199249593182,81.62248038028235,65.74863384319393,76.28277332014335,0.0,28.58058688182218,0.0,1.0,43.831645553138905,0.5987559536787725,0.10618135604065182,0.5664688852003877,0.9,0.82,28.0,60.786902207287696,0.6347570464249878,0.44096562362228575,1
7.602711038315333,67.2223998875976,32.75043177133075,64.96253778900866,71.9183437032064,70.49019078379624,81.11959468869811,51.735926825879446,0.0,23.98893357328938,0.0,2.0,70.13985495491579,0.5354232495062122,0.3150866486928983,0.33728299160102476,0.95,0.82,5.0,56.682561030664175,0.5156764368076926,0.5239561281379209,1
8.934011916596646,84.79348202904859,66.75654464777669,66.67781225507018,54.53356203900668,95.3255662443127,69.18983271109536,69.91291744814188,4.0,43.700689054958445,0.0,5.0,72.54331397579084,0.6888238177587092,0.15962626033641597,0.5642447296781392,0.9,0.75,14.0,87.69791431464611,0.6863077306363964,0.6705435189103743,1
8.902607455695762,63.61266981263182,69.12471826984755,56.7840599808311,65.713321060771,68.5030117581637,77.34381797878214,49.18739253527111,7.0,58.8785091305605,0.0,2.0,46.42610422287105,0.3324873113020618,0.364903457343862,0.7155157923722137,0.65,0.75,27.0,43.6719546059626,0.4745230965611421,0.10911558529455957,1
6.340978855416755,70.00895712580319,55.83055497819876,63.96479869520762,44.47601043562485,45.72795252414937,55.5094122363781,53.00774391917768,0.0,36.89757615772763,0.0,0.0,41.609247364554506,0.6684001639967306,0.12758012232324423,0.348368783739405,0.92,0.8,24.0,56.14376571246136,0.7477850684495446,0.8488888942611819,0
6.344200422434669,54.805038986784254,69.093873375757,57.44768618748775,42.10851134268735,49.44982484902741,40.529245348361904,53.64040541159336,0.0,32.38681672393519,0.0,0.0,44.37885207140154,0.5224540079019874,0.17347642402528696,0.3607477515486883,0.92,0.82,22.0,50.206927355704885,0.382776532537101,0.4017566148375215,0
8.593834864424156,43.18526993482747,81.90875761018829,79.76013183196905,72.77190204063774,63.092564545365754,52.984860615888444,63.78233877033163,8.0,54.12798529826513,1.0,3.0,72.52525759984616,0.5742369307463121,0.5567489352205245,0.4019230586546712,0.92,0.88,11.0,77.14406972252573,0.4909021708831792,0.40090381129885616,1
8.882004501302067,60.89002425428227,94.02610943771413,38.07543271296991,86.70150586090213,75.5341898649224,55.10096686082308,65.07870756455868,2.0,38.572913695622894,1.0,5.0,52.537319082431566,0.832437994911783,0.1832974370484671,0.266954550985158,0.9,0.82,19.0,62.270442807287395,0.6780232907120464,0.6248865308065938,1
8.603815553591305,57.31588464986382,85.71840146622488,78.3880964995342,72.75404965022243,71.86169593756438,39.809602531061984,73.00342092176592,4.0,49.35081601773198,0.0,3.0,34.41352871044407,0.7044604587511477,0.17347642402528696,0.5649341247082359,0.75,0.82,25.0,80.79591505985778,0.7452817011133366,0.5402682528686169,1
8.990312634508125,60.71631079173317,70.93898096665953,73.88631851907704,68.7370001633232,69.88404634940365,62.24981281121762,63.18289972080888,3.0,30.057682432599094,1.0,4.0,62.40761215685983,0.441860192876114,0.32472028022133576,0.5629710461597232,0.95,0.65,34.0,51.51659150612269,0.6828680193815864,0.23110617337425168,1
8.831774602567842,86.05483024178284,70.1775017059552,72.35591519118115,65.29280099843004,71.39973770657319,76.74803382521704,70.27061517477777,8.0,59.64437011662388,1.0,3.0,71.53911392388058,0.7640489768317452,0.17310173600643744,0.527230578911005,0.5,0.88,25.0,73.92353482177215,0.4660727551846508,0.4562146941758869,1
6.435214279436699,32.79018805520255,37.94946305899707,68.80214187266702,55.835324513384855,47.36312930860592,53.80369250267379,59.4680019039261,4.0,71.05275417660582,0.0,2.0,33.298149029759486,0.4238838916193429,0.3386299727707631,0.396861221534882,0.95,0.65,4.0,60.799506687378354,0.3259927413917057,0.10657031411735263,0
6.5837309017298224,50.34573028736865,65.10180468862711,37.68089240540008,60.49166871840647,72.17725805245334,52.19486562776561,55.651115541596944,6.0,24.196781794794433,0.0,0.0,59.30294145295795,0.5285438222708773,0.14309619658141848,0.5991927196013769,0.5,0.9,30.0,53.290415001704496,0.4857432873196395,0.07194052824836254,0
8.31822983497126,55.148752752805436,70.49673265922343,73.86503738313392,73.72242691631243,77.02212839565844,63.42497097569636,69.26028934104018,2.0,55.82669903604606,1.0,2.0,99.52366224600038,0.6758796912792895,0.48575089978967295,0.7436646588431328,0.95,0.85,35.0,69.40361388660884,0.6684060027587291,0.32092132240564003,1
8.356567289187527,67.76809124922868,66.95860449771673,73.22440327938244,66.43729289135156,80.87917116682033,54.84081898595092,65.21504325823366,3.0,44.508188993959635,1.0,5.0,66.98498852322362,0.618300417769052,0.29160378397023884,0.8337207259065325,0.65,0.82,33.0,64.56057852350472,0.8848252962058697,0.7183670414957689,1
8.855665080171306,64.04975349455623,69.1446021627357,71.95660201943454,75.60704770923418,68.60599228218949,69.8584194509324,62.992926046224554,3.0,59.34463570262526,0.0,3.0,81.95625967242901,0.5928492658378741,0.45817061592630187,0.8230858007468114,0.9,0.88,32.0,68.4737889490265,0.8289487969730512,0.6090545925241796,1
9.521706957624687,75.58751406453277,82.41735820576775,85.72749387221043,78.62669101249976,69.72923049916031,70.26847126167229,61.151694430452984,8.0,62.10891725690348,0.0,2.0,63.59346844139322,0.69592028948234,0.3817179443493999,0.29920576735222315,0.75,0.9,0.0,75.84745967462571,0.3375800944985806,0.8088440960440808,1
7.668878350182553,81.92886713797931,58.421357144344675,69.99306278526235,49.31517527393441,67.74996073601046,69.18983271109536,51.80296355660858,0.0,36.666112722451196,1.0,3.0,60.2069780969967,0.7688279355731826,0.08177172951813673,0.501239752874988,0.9,0.7,29.0,58.503549302080714,0.6331869640540352,0.521810937900924,1
9.196574083616834,88.82223816133829,68.15862808293613,78.8302230828629,85.23690207324202,85.71694101332226,58.11232410819832,58.0978338474461,1.0,67.77059008519768,1.0,4.0,51.5921970323603,0.8502897585256337,0.04818047131038432,0.8090875331315502,0.75,0.85,38.0,52.68674830455244,0.7304490191302565,0.43045872081740316,1
6.7670955561162565,57.24046317095534,46.18058604445846,64.37627570835953,66.54835605564038,72.78037262515599,57.427830076083794,83.91219078158689,7.0,60.13047841315195,1.0,4.0,41.948805468761165,0.3829773931681863,0.44591078989659505,0.9420846294834753,0.95,0.85,40.0,74.3518846791739,0.9028628493365832,0.453918772866487,1
7.708222516269379,49.413462233047156,80.29011380261662,43.105788148274215,77.67951627824935,47.65308514649021,66.06401544326599,51.398400914203314,7.0,58.675147635814035,1.0,3.0,76.86345539880875,0.5542140141187568,0.5816207253046701,0.4151071471785564,0.9,0.85,27.0,65.75647023391801,0.4764761126635403,0.49180093755448967,1
6.525180412226417,55.148752752805436,77.4847301070132,47.39983754000869,50.4460243902853,70.87355184133548,37.78725113728344,87.99164266891509,3.0,58.05635187917153,0.0,4.0,69.41326321915226,0.7361419024966835,0.15433534593099887,0.842169838080019,0.9,0.88,31.0,78.73229630156972,0.5333017547792945,0.1817894485462222,1
7.220125380365049,58.913903033219725,86.0831084672043,24.417119920831915,79.12977955363617,51.127860711178535,62.57782621893397,54.05816280223952,6.0,83.61921597807773,1.0,1.0,60.44479194577682,0.6857171568231631,0.2683553554902166,0.5202831342009139,0.9,0.7,14.0,53.23356853883431,0.40731350348649886,0.37147316732206775,1
6.255191575392897,47.47856747397934,52.96538350024103,43.84585763066721,42.11586262583472,40.77311995640079,59.73657268812043,42.33750375389727,1.0,34.731003875267234,0.0,0.0,62.017800080750725,0.39560032170158027,0.21074056604717523,0.24307291552813773,0.9,0.75,0.0,38.700391582490084,0.06080981802297052,0.08683875281384006,0
6.558082192321336,50.415899750888336,48.789691229884,55.09382331293862,60.405560880272326,47.162570063010634,59.12632270811715,55.623522563481124,5.0,40.73810411572683,0.0,2.0,64.91275043484711,0.3339499605960548,0.47172212093104543,0.35222320741359686,0.75,0.88,17.0,63.4525975872812,0.5041557859422593,0.3577533595286609,0
8.926733831443851,77.46282904719924,70.22268316807123,90.17086446197277,56.61684452185484,83.29390853420642,62.34044076485885,67.47264256307373,6.0,78.15578197661284,0.0,3.0,50.09666646637866,0.6098133835091719,0.2018056102427501,0.6259504620295584,0.92,0.82,36.0,57.62014337067444,0.8694944546522961,0.666934493288893,1
7.97187564145092,82.19830435702832,67.04021516557152,82.14100550996172,66.71883680434023,69.08639770440865,62.9404853585937,64.50169105436423,8.0,87.1280402382306,0.0,3.0,74.772246016185,0.9327386220585834,0.07505417766017221,0.5908679062800527,0.95,0.82,33.0,64.48321726279059,0.7351072337172243,0.6000999279905233,1
8.42088075916659,45.431796387512605,93.64301923439403,76.49827576497093,64.45716504932817,76.84049871302285,39.92453180626208,76.99622751307683,0.0,72.48480525658587,1.0,5.0,65.4383285560176,0.9430801215045563,0.14260267955553793,0.6881873032645234,0.75,0.88,32.0,70.27736028766937,0.6705316996667765,0.31228340922398184,1
9.214028439648143,60.45906864065934,79.56554325139709,73.47065029164402,76.41436834748646,50.50593866232818,64.7557114848977,49.18739253527111,0.0,17.235580026551666,0.0,2.0,49.74259669394871,0.736001761589207,0.11792645111061033,0.27190731652037153,0.75,0.8,1.0,53.23011362465701,0.16578720992975085,0.08643410158698615,1
9.068240102709872,67.07758203502783,76.38196778213472,76.39888189588858,72.62941700556189,68.84102579951389,66.7190895040955,87.45532839727628,7.0,67.21204427034576,1.0,3.0,55.74200921367387,0.3558543696511911,0.5252617712004962,0.3540665906871858,0.9,0.85,12.0,90.9832830467258,0.4705031671002617,0.49718685948966906,1
8.989268907475678,68.67094595883717,61.927155014872284,67.13460930513317,81.73085443456159,71.84451754927453,77.19555193009907,50.61873030324938,0.0,44.61243530298705,0.0,0.0,70.63693654490254,0.6056925308837547,0.29342496520194333,0.5268942546240248,0.95,0.82,1.0,41.84296734503608,0.3154199395049858,0.4048880061344552,1
7.552408846153618,65.16260821096729,44.542779630171125,47.258537899403706,70.66124174881833,66.06627257306059,66.91152970190251,47.34772187878272,2.0,48.53404598802234,0.0,5.0,64.77845837063144,0.7204395930005969,0.15539253340870043,0.24072156037339154,0.5,0.75,11.0,48.4260375436307,0.4058571840989157,0.46234937240604096,1
7.269622814443272,47.52530069165074,55.13981371168738,78.62687797166481,58.87873006033917,61.4946166233207,52.86318663181775,50.64109125349607,3.0,26.822497295968727,0.0,4.0,71.86643229058015,0.8919272970430598,0.150725058442453,0.23578491105505725,0.92,0.9,0.0,65.1585408088156,0.16552367485843705,0.12614933683424048,0
8.198715327887593,55.56850891519732,67.19985556629908,78.97718723978183,75.36978530811446,43.38115857690522,68.7328870271348,59.07651963478288,1.0,67.87272001207481,0.0,2.0,83.56487949897087,0.8684633238487132,0.3906878106260568,0.2951857273739984,0.95,0.75,4.0,66.56564995311274,0.37783565389069457,0.6299592981925014,1
6.815248095728546,55.732943764939854,81.37846363260644,56.7840599808311,45.495706998344545,62.49273137013247,28.745866069819492,49.32739140132895,0.0,29.93777878811363,0.0,2.0,21.87391409970023,0.5026664381746705,0.11271441353658673,0.6025205845298448,0.9,0.85,16.0,52.44663209754542,0.5684105682358094,0.5328862883079857,0
9.237345999620235,81.93819211070769,96.36095264151808,74.92562184324527,46.98564119962486,55.07075663553354,91.77298276688829,72.8932502030016,5.0,85.93709687953265,1.0,5.0,73.27020496401215,0.796605681719673,0.4333049696744266,0.8778637756956084,0.9,0.85,36.0,63.0266146819649,0.7695902828087251,0.7102701660795633,1
9.557331949986157,78.1739950425671,76.57173838274515,92.84426283777373,61.85210081083176,84.23966178030193,80.0460763212156,67.2638898676842,8.0,76.28229231839171,1.0,3.0,62.75226192131434,0.5268371072617464,0.34202695346602774,0.678888412149229,0.9,0.88,36.0,77.07730585002987,0.5057971903958314,0.2309167729804073,1
9.04366264383837,80.16379646721211,84.30665297733148,51.01665839803388,60.56687326270626,69.72923049916031,97.57372828798607,37.40130772271753,8.0,71.10247042820697,0.0,3.0,37.0341455210973,0.5771617106964804,0.31015762543434233,0.773293953030706,0.95,0.85,39.0,44.130704113969635,0.788081924770192,0.42768084166442866,1
7.1249248790580975,63.270612357512086,60.0143322605115,57.106596566400455,64.47397770550023,71.93923798014295,57.071361798664626,62.02857625267835,6.0,64.05682901784634,0.0,4.0,55.41012010465454,0.866931597764997,0.11482369624768365,0.6036386584404893,0.95,0.82,39.0,54.83285683672966,0.5761255937278469,0.27975339876480393,1
9.556571326262379,100.0,99.40668276234076,80.76406254815184,54.42046125453757,96.74705753478848,95.42628096285054,88.86573533901607,8.0,96.21364450098638,1.0,1.0,59.75658292530977,0.9141770402267215,0.1197994365921926,0.7850091897332541,0.9,0.9,34.0,83.22467500388392,0.9253337777949416,0.8997581321467102,1
8.429151293353446,80.88115159450597,94.45238465839614,58.23745487188498,68.77045290817946,72.0249579910667,62.14115031620769,73.76989458157348,6.0,74.20154596742748,0.0,4.0,65.16940533226628,0.8911996423865947,0.16068307006964325,0.8534744816557099,0.95,0.85,16.0,86.85286087061517,0.7680175373517744,0.7450752220206758,1
8.663347838458503,74.98205671039625,86.05673229538169,56.80544249021904,75.02329182383876,70.1971595852882,59.05409802873259,53.24129609555628,5.0,66.51247216807957,0.0,2.0,56.55707056244537,0.44116482618877184,0.227720281113613,0.3812885645640695,0.9,0.9,24.0,64.0219723692691,0.4351393041773785,0.30510812523851116,1
7.421899364947294,31.920936472907815,64.13071860138405,61.15201666428169,50.87882960500556,54.634761303107155,56.34267776447337,65.84156260612373,5.0,79.08078115685612,1.0,5.0,49.26203033284288,0.3164924467951321,0.680224680095817,0.23412638228376023,0.9,0.82,7.0,45.48183825272386,0.4315505444169897,0.3415691099389227,0
9.329815485498038,90.36656519381701,64.89841754672159,88.14103836694272,59.55384530661237,79.26692599339995,84.74684612883064,70.58620981254221,1.0,56.95298175858903,0.0,2.0,43.87742854521556,0.646767859939155,0.1595751341229541,0.2640044012783762,0.75,0.82,24.0,79.9079496834413,0.62077330887971,0.6753560381174445,1
7.7086042160061865,35.035284042961166,75.36581907213179,77.92332164322295,36.207827106331365,29.79260035042364,64.32817485238012,41.33031941010872,2.0,65.24213163810194,0.0,2.0,3.3990193772798634,0.37077625407567766,0.34991219366228354,0.4346382570807784,0.65,0.7,5.0,46.83995565318516,0.28326872843663203,0.0964667026497537,0
8.54677237033515,65.87914344743162,81.8956512174987,56.44752902298728,80.3733965439759,55.07075663553354,78.3426126792828,77.96422748895966,6.0,66.38315631558707,1.0,2.0,55.125900580829665,0.7188255246160692,0.35301674222993185,0.5786623351256984,0.92,0.88,16.0,62.694804470587975,0.5341178864858972,0.44685608191722465,1
6.254516449901562,41.78279632241669,47.5662578019881,51.102214552923456,58.89789222446387,24.797009239670928,66.52260758766306,65.09066316601537,4.0,37.08153747605417,1.0,0.0,51.845393324549434,0.6849580492525886,0.28071124596117986,0.23255272369193047,0.65,0.75,28.0,46.669742920551435,0.1922927284743641,0.09732420193361034,0
6.146848377342161,60.713982745143106,75.61492653333076,63.67545440483732,26.657195641516395,48.57489637395148,40.92422913553897,63.00601555877438,4.0,47.74301560614608,0.0,0.0,37.74157737485345,0.7787544703656049,0.10463590023003558,0.5679403296501557,0.95,0.85,25.0,44.25697670255638,0.616810865126272,0.6753560381174445,0
7.497606533853851,43.20958805738962,86.83111565729963,77.21334579815183,40.63360243110248,49.337937125791754,45.62434586701535,46.821355421139145,7.0,45.89518113967882,0.0,0.0,73.21622149753583,0.400561601217523,0.4333049696744266,0.32463121971344405,0.75,0.65,2.0,30.450170174613685,0.467117437342518,0.5123850273304407,0
9.421056778538556,70.00895712580319,89.69156164914708,65.17797284609858,91.98209055879236,70.45617414959557,65.43222152185469,52.909299295933224,5.0,43.42157234912156,0.0,1.0,70.85664374358876,0.6905641101008483,0.24048468346550916,0.9443710466466786,0.75,0.88,15.0,34.54106188313956,0.8466709439431882,0.49160350116487767,1
9.127873517810361,79.77045235370137,55.571687698495964,80.39769138134983,88.24332807761559,56.75812761752812,81.2799725268176,68.95163962540389,1.0,62.73757197914751,0.0,0.0,59.319549339383556,0.6563571550172245,0.24063015013821681,0.6218343002903592,0.5,0.75,32.0,66.51922280255312,0.5522388087724551,0.5392919228449293,1
8.873086073227304,87.20658650386395,54.87048784756526,67.18519227986262,64.45164939307831,82.55430788288193,80.0460763212156,73.83945385531247,1.0,40.50325819135041,1.0,2.0,50.02464967997007,0.43057597806322745,0.13931810194396796,0.30230106395443535,0.9,0.7,13.0,62.397177627622085,0.43215755929282695,0.360348243348431,1
8.553045916733456,62.44189698327178,100.0,66.20018275753571,44.178732251914255,74.44755112718988,55.01935204258557,69.97757946486524,6.0,62.873401877046945,1.0,1.0,46.04239115615896,0.4035242885896974,0.2989417094477037,0.743821039538345,0.9,0.82,26.0,83.22467500388392,0.39453192269324705,0.14835639920362453,1
9.113912871069623,82.94292465751653,68.56584345023357,58.863555308451275,81.76451208209393,81.95015407783147,74.50090889196579,56.435966474691966,7.0,60.585027758880415,0.0,5.0,96.0017878452251,0.8230550428032528,0.32031214332292957,0.3861591483827073,0.9,0.88,38.0,62.694804470587975,0.8445551265310647,0.8663526500986233,1
8.170435975811817,67.33489436210158,61.89039991522273,74.53457674819717,53.93227421345006,55.030848202693385,73.25244187372803,40.88959559054133,0.0,65.68080453724471,0.0,2.0,51.19985192227087,0.44574321152613905,0.20399985143429927,0.6326474711547683,0.95,0.7,22.0,46.86098723413428,0.4151711212059117,0.09732420193361034,1
8.440559190558375,46.69626724749696,86.58274827010189,62.405593264395485,43.175372482611444,45.25339273495924,73.40217112928454,63.13924017444428,6.0,65.3506829063805,0.0,5.0,43.63750641444716,0.4388546093165522,0.5692942847519349,0.2447321179734505,0.65,0.8,1.0,77.71551051448091,0.2821524113328022,0.39747588257891076,0
6.046750206376691,60.70402533608381,55.785686703900765,23.053537249533136,45.9887052179151,45.8901249739021,54.92152699277134,47.93096431822208,1.0,56.47587624961482,0.0,0.0,66.03527275385116,0.7015395902842749,0.10078378423105906,0.27117048545501,0.92,0.82,6.0,48.133433362354786,0.37348693130600935,0.41815814676421625,0
7.7843120828480705,95.3515695488943,60.678368369920975,63.126773422697035,61.84401757389978,63.81855176862962,79.6176737524336,61.955100650726905,0.0,44.54624630576875,0.0,5.0,87.72535307752726,0.9000550276352004,0.19470783005884976,0.8613553253106377,0.95,0.88,34.0,67.99780043329889,0.8999409979847941,0.9574295807512097,1
9.027904935635615,96.64092866622632,72.22744436627922,59.39781161640587,89.72471826463952,100.0,49.393787199061755,66.07436984070638,8.0,63.800526232787675,1.0,5.0,74.42100369849621,0.8313305485984379,0.059873881780753826,0.7552421676389428,0.5,0.9,35.0,76.35410090106055,0.7121944028893753,0.6399496942422269,1
6.136415766827964,58.15165648670079,61.95057030619062,31.54267450981395,60.90044078634435,48.65830823873668,47.55536075489046,59.10057254165186,1.0,37.8008131925209,0.0,2.0,65.71313892763703,0.7854873577525345,0.13000502594240787,0.5496755727835806,0.9,0.82,19.0,70.47570683102444,0.7354741586607932,0.6064372285442198,1
9.34544514048523,89.17767229616567,64.96026510049687,94.56495538319368,40.103314713095486,97.54424370997049,81.44782888547823,57.42750064581197,3.0,60.25059034296196,0.0,4.0,32.896226187174236,0.5563738663539575,0.13525650087650598,0.607253403862183,0.9,0.88,35.0,68.62576441043336,0.7615127054967579,0.49043737414412186,1
7.286647484201094,52.99613254238727,76.55051294126034,45.45986235471406,63.84495230705331,44.68232792676166,75.8391736764932,66.07214419792973,8.0,90.79211191586158,1.0,1.0,49.27243235519422,0.38644551306513103,0.6279471710072378,0.5416689593648348,0.92,0.88,20.0,57.63507490049346,0.39955054911700916,0.4539209815641334,1
6.4789000986371805,53.416087585400994,69.48373218144667,49.79696004998381,49.98407717018334,36.162993285677935,74.24904790070948,85.90583615281358,1.0,17.235580026551666,1.0,3.0,15.339323893306883,0.7971757657076831,0.22560832026529815,0.5205040749591859,0.9,0.9,21.0,82.36776538465763,0.7743080729923862,0.5820157227083594,1
9.266332306991814,61.052982325003,73.35712886643309,77.27747748313767,93.15937074526371,51.61937036386199,68.48111762726735,62.79430763864269,3.0,38.98159328206458,0.0,1.0,53.27512556524029,0.33920208910976196,0.6020461449783913,0.2389323217793488,0.75,0.88,4.0,72.70762119639299,0.6595710690832797,0.8026062649737605,0
7.269694153905874,63.09826739745569,61.06131729069373,90.11992629409824,32.19095553198515,46.51490305669417,71.34161679351382,43.77843867201619,3.0,70.02623978039982,0.0,3.0,51.61106283533927,0.5562935242947249,0.39075672592615956,0.298479795021149,0.95,0.85,9.0,54.561821075391805,0.6183965497328588,0.7620052451472483,0
8.107422190660174,49.183025008706664,87.65644251247276,81.81460321260795,58.15789430080829,67.85896182128276,45.26065594460087,54.0862685949502,7.0,67.68849663382589,1.0,2.0,82.29833758248442,0.7537220202511387,0.34269163537724545,0.699174785284766,0.95,0.8,39.0,59.30762049468813,0.5649462690837284,0.2039547855886571,1
9.650379885389565,76.90288881404973,61.06125778915134,70.86494085679503,84.75268951959069,88.45051694069456,85.19886662676163,79.34986813481261,6.0,56.82937870643946,1.0,5.0,51.17134561124773,0.3769806664018558,0.29701981078892814,0.20450802494268155,0.9,0.85,6.0,68.27143333894388,0.27882458127474097,0.14516057508901667,1
7.695872886605678,50.62731759650995,58.989550583459945,78.51808041973021,53.3389959663609,74.39121788969751,58.8094064332719,59.59399142282417,2.0,57.76823466780653,0.0,1.0,52.70927747035226,0.6145225462865477,0.20257761092546525,0.5223169783583534,0.95,0.75,10.0,80.70527697386345,0.3427183044896597,0.08946758724350352,1
7.676646444226121,55.399781714290604,78.66725235401786,75.51013617984627,39.83657836432509,35.36145777372759,80.99708842089345,77.93165859118484,4.0,49.321275005084765,1.0,4.0,72.65228587984964,0.5417346593167717,0.5722278871086849,0.3140512628489609,0.95,0.9,0.0,69.58146896532719,0.3927313665070218,0.49633856077039606,1
8.830967797962817,57.686891202176355,63.27842075123013,83.59050500874538,57.69802175091382,62.32629706677953,70.90841070852923,79.3852730119003,1.0,33.41617783415453,1.0,4.0,45.64433252963457,0.38276407241289817,0.42617825061756215,0.45672467876462064,0.92,0.8,13.0,90.42905309994114,0.4189937192854382,0.19811915984399409,1
8.219816166896525,63.10898623141057,81.81995296816528,58.88901255865892,65.22561161427583,51.07728002313752,61.06421203857464,41.27965108010682,0.0,59.79579510837733,0.0,1.0,68.03870995312958,0.822783355613008,0.13428232158492676,0.31079470288399613,0.5,0.65,27.0,51.387590156243526,0.6033152330840749,0.47048909792413285,1
6.609479431457397,38.96905767354984,68.11077461195488,60.833412582841426,65.85619134719117,38.72140686801092,41.11080819592224,59.20395794067113,7.0,83.61921597807773,0.0,3.0,76.23757723694959,0.6990948754756044,0.31247069592129184,0.5365065306318313,0.5,0.82,22.0,64.03461407103255,0.3641950112824375,0.1475407854345555,0
7.860859018904243,63.81622763264722,84.65844110439151,62.34544231838272,44.178732251914255,68.84102579951389,58.87441116687732,70.5477881764007,6.0,65.52860545090957,0.0,4.0,41.65471972568655,0.39832962750284717,0.32811991004642094,0.6487199489600726,0.92,0.82,29.0,87.86669502222006,0.5959522337587938,0.35402929621491874,1
7.785832573091892,46.570824732006265,74.23498954899677,46.142447199983046,49.16858838268697,48.59548181250966,84.52979658262814,47.798808625111675,5.0,54.050055802764874,0.0,3.0,76.2228164077226,0.5318799957135658,0.5278636604264841,0.41167255531325325,0.92,0.75,1.0,46.028607621871636,0.3441859880227145,0.2953601392876455,0
7.886386433269372,67.1322291441609,65.2817026054178,58.808598443113084,70.80260038607405,67.13383354930954,73.05135034282321,50.74262434018487,4.0,85.23676685753617,1.0,2.0,48.36015047874383,0.8242442774772665,0.227720281113613,0.26722240681148274,0.95,0.88,3.0,59.84877897922054,0.3307448495911634,0.6115329248913468,1
7.5502534353701485,43.09690184574721,68.77096781475639,51.933290662036455,65.65087697719378,69.10909078051448,59.17136044997753,68.98293602539064,7.0,86.62397590716824,0.0,4.0,46.72481990453893,0.4148346883157571,0.4110188353858701,0.8770537153891251,0.5,0.88,40.0,68.81491452008304,0.8131658571729374,0.08473576621173229,1
9.72712035302553,67.32981061321887,100.0,85.46319471416743,61.528614835799274,85.73490776995091,66.65661333458262,62.48557677965856,6.0,69.69634133457419,1.0,3.0,16.743181936167495,0.3249641612183055,0.427704045787424,0.32491955882535845,0.92,0.88,14.0,75.83870150230867,0.39961010209779996,0.33801802508370515,1
8.250644811688737,67.00999291226907,51.90499768852469,90.51295212541328,75.93641148917067,57.29557201761322,72.4292929839675,62.054835338679936,8.0,94.01969880602108,0.0,5.0,100.0,0.8007356940186867,0.3862640785914873,0.7047092193057747,0.95,0.85,29.0,83.71917539607382,0.7306830563263234,0.4255010615407586,1
8.954138385316476,70.5933903218496,97.9211962761367,90.47544217214487,52.95582164306168,68.51374190815568,59.86383938239103,62.02462801846315,7.0,58.46470461147229,1.0,1.0,56.53634055544126,0.7210104617580978,0.2520919780369861,0.6990369059537554,0.95,0.88,33.0,67.62605647973776,0.7107222974152956,0.499855197549646,1
7.527781632996864,48.78534056093596,79.56554325139709,84.45326975595341,63.73813307013837,64.58458400727253,42.3783995219339,73.12604341142607,7.0,78.02644599556209,1.0,2.0,71.82264602600668,0.9024488640994417,0.20586551957622878,0.4567690474003938,0.9,0.85,33.0,85.35476625347574,0.4847038190364851,0.23593448261694266,1
7.093848528982985,57.7335702852842,58.88706438566876,65.87221098095449,56.16259282174404,72.72573480448415,56.23827008179748,31.135131765797123,2.0,47.06369707907635,0.0,1.0,81.59601161679888,0.8674785057793026,0.1030363007876516,0.527230578911005,0.9,0.88,12.0,48.300241670961796,0.6863077306363964,0.4014221412050511,1
9.751787955837147,79.92689632680064,93.25622183937477,82.14100550996172,69.1604220152373,84.77132437425756,70.83627081022605,59.616644315253936,4.0,49.08470238940179,0.0,5.0,83.75905463061275,0.33624090628886977,0.5008223455427996,0.40133976046643466,0.9,0.88,22.0,88.14163028898747,0.4857779044506006,0.40934772050302776,1
8.244830217822312,65.19664010462466,80.74505378672741,59.44650908615705,73.92868695734055,88.53586904193725,40.7487267197028,74.17561949141862,5.0,64.02173278760638,0.0,5.0,41.19985598355109,0.6319126363112162,0.12251879330759413,0.28183829296509916,0.95,0.8,35.0,80.65503894003446,0.5900065614865918,0.29713809366228666,1
9.090005514116429,86.96586913835908,73.21263964899627,88.40027732191965,58.08872778200382,77.55073885364159,76.80698569576211,88.05328253712851,3.0,72.89185212083552,1.0,4.0,66.07918557455166,0.6791861420790972,0.2953989233892069,0.5328334891896658,0.95,0.88,33.0,89.69700719459358,0.6769685291311045,0.6844645994354077,1
9.133723923734097,89.51409465728958,57.38715055994081,78.17025550987682,52.95582164306168,99.09286259161848,97.71554172536415,72.56802944259236,5.0,65.20338515759455,0.0,1.0,33.01601684506921,0.4526929020074395,0.17973389184152416,0.5665847047891084,0.95,0.88,20.0,78.0193916339836,0.6857467342607279,0.34626699709720676,1
8.89344374009923,100.0,75.98264239767731,56.792942160163506,48.287483404783785,100.0,72.68699230608621,67.744094698592,8.0,75.68831273187698,1.0,4.0,54.97701360378793,0.6877603951919782,0.0233355541758771,0.7287261310458195,0.95,0.88,37.0,38.815580695064405,0.8007671608897018,0.3810360921958182,1
7.1200697341704995,56.73132504041324,50.483721236023705,79.22150046167086,34.767886455281676,45.54513988556154,64.434193198427,55.89425167040985,0.0,49.50393119584133,0.0,3.0,51.49457248675864,0.4388546093165522,0.22363494816818646,0.3187106454299916,0.5,0.9,13.0,57.98997123549235,0.16823287521536096,0.08537296148729484,0
8.830096192449705,64.61887484663558,81.30035113109145,86.62155342003977,47.115065349771186,79.58024541782318,51.904996702115795,47.11431168422039,4.0,60.92599052491907,0.0,5.0,48.1712644342523,0.35341506916460125,0.371963073057057,0.5223169783583534,0.95,0.9,14.0,66.89516903147951,0.7503556097096121,0.5990161805577,1
7.435783047932731,62.78210043832624,53.94276190230299,61.76415856884705,78.85695032116209,59.41299052987842,56.06488867275076,56.354303303757256,1.0,33.59991626336896,0.0,0.0,15.339323893306883,0.3971950496404528,0.1730167743830145,0.5093122657976994,0.92,0.82,11.0,60.93388105884032,0.5273280879088494,0.3639946549878388,0
7.499029768167267,85.90681917612434,67.83063729558755,70.61460751696164,48.18608878799217,70.1971595852882,74.30604774140055,63.17926690730403,2.0,42.11680129275494,1.0,0.0,63.35369952299849,0.8078371063175978,0.11466504319440966,0.8055488512834809,0.75,0.9,40.0,66.11493021888995,0.8881832609742186,0.65587237819272,1
6.714796066861135,55.190866087444284,46.274632430444285,71.17309548595165,75.36978530811446,65.62432548049622,37.38488366836762,90.89914891649143,7.0,47.930123798734364,1.0,2.0,56.46711586469108,0.6617251656079175,0.16232544509655508,0.22370130887291162,0.65,0.85,18.0,65.75647023391801,0.5382473296448602,0.47575494764004156,1
6.899630510196705,36.28132218392699,68.18541697857889,65.26819931619116,57.809205704315076,47.96253600218489,47.198782037939694,55.131176006090705,8.0,68.58277636650392,1.0,2.0,39.08162197435317,0.41258380928043836,0.4044797058281289,0.2537144345183236,0.75,0.8,35.0,69.22640717728844,0.3325131812993746,0.10280575836367167,0
9.034103710346619,49.496131639180525,90.16754450012411,52.91837989133802,100.0,64.318744132699,49.90239405757221,66.2098707104943,1.0,44.73837158062974,0.0,2.0,89.57006839499056,0.754715043352699,0.35860324989431536,0.34055741577854376,0.9,0.88,6.0,57.342631058297144,0.36181155348317245,0.3682610557098866,1
7.441963502962331,53.436515852372885,51.17650908083512,77.27747748313767,55.02815177554154,59.22686535172028,40.46581213206837,55.756282628877074,4.0,55.217356908800895,0.0,4.0,72.02663456737385,0.33810751554750484,0.4281509172126235,0.2040798845933502,0.92,0.65,0.0,28.956368358960233,0.25404664619249934,0.6016899426435159,0
6.786678057794286,31.1163508811903,64.2736518804345,84.23243654352758,72.85998778083554,0.0,65.63309512615966,70.66100311043517,1.0,48.331092739716816,1.0,2.0,86.54867699280443,0.6171287105795087,0.850572979439423,0.5984622991856406,0.92,0.85,25.0,72.06899166551327,0.8023593279844192,0.8312452190171884,1
6.082959288254084,54.089656759755975,25.48632826050173,38.66943642041119,64.13302150224087,67.51559185081008,49.169708485502596,70.89049680513442,4.0,51.04929721699087,0.0,1.0,58.25834112629967,0.5300247586923674,0.1387598256796678,0.23255272369193047,0.75,0.9,8.0,65.05568897593011,0.4053957541764215,0.27468964349922853,0
8.514312800037493,60.86024252520272,68.98657512781493,57.20700739470258,75.54294093762135,56.544935583617594,66.52260758766306,55.9493479811373,3.0,34.37680007707294,0.0,3.0,71.96777050278763,0.33586470975942095,0.576963226568713,0.6297468911437125,0.9,0.82,28.0,43.118450082616526,0.6932602796607561,0.6156299656992396,1
6.137027370253982,31.1163508811903,67.37994078554135,43.105788148274215,56.61684452185484,45.52668847250968,23.380614404457894,64.50169105436423,5.0,44.42819084339291,0.0,1.0,41.563774855700515,0.46375423568025886,0.31713561643386495,0.5807399130989322,0.9,0.8,12.0,71.13513786454448,0.37789250885938996,0.3166667081339496,0
8.623527427158907,98.98181170317399,64.03993261598306,76.30380409275418,42.8163906120093,92.8471138483666,83.90493505579751,76.62516623814881,4.0,49.847651229630415,0.0,2.0,93.90936725105739,0.7554467824041682,0.18730443929431032,0.5463834042990969,0.95,0.9,15.0,83.97239323724162,0.30730688359870467,0.6187727646799841,1
8.101794449162846,42.21935781937024,64.20214181908392,61.570489811245956,78.9627265291482,60.72866562400743,53.615731370429806,86.72834196640582,0.0,12.613651717145125,1.0,3.0,22.37106945975394,0.4245760563753339,0.32985027914542003,0.4429977663158016,0.75,0.8,33.0,79.97768480034915,0.4147699493096014,0.10657031411735263,1
7.782219300248155,66.44612073471514,27.404937058698756,100.0,61.54704104723142,82.30767700714921,63.55288204342575,77.46282827966604,4.0,81.66058047582425,1.0,1.0,66.45447517101205,0.6240909249312347,0.21480844142512381,0.32463121971344405,0.9,0.88,11.0,77.60506917707522,0.39917462642482937,0.2788273764946769,1
6.669325536857704,44.194476110647784,61.70323433724776,38.07543271296991,68.73277391983795,52.0782755016528,42.78013970366021,47.80305933033263,0.0,9.747735125488944,0.0,3.0,95.84811205221075,0.670770999631888,0.24018445408038744,0.14631616721226562,0.9,0.8,0.0,72.15054555596504,0.18971307067290932,0.3341047204004173,0
9.630327827113682,58.77501212215856,71.54406155883521,100.0,68.2959335037166,74.71052359255764,72.15024393884127,88.43487678204642,8.0,93.50945728885557,0.0,5.0,83.92479833928331,0.5925794891469903,0.5532903799223616,0.5162470197135903,0.95,0.75,38.0,66.89409742902485,0.7256273667344498,0.30408896595205154,1
7.913805115695777,54.87347664060924,86.196848756982,58.39061779742571,64.7700143935264,58.872355896274996,56.06903434362512,64.17978461103945,1.0,30.779407396978552,0.0,2.0,66.42259336332218,0.7784134684267888,0.22978651681418363,0.5947772225638598,0.9,0.85,30.0,60.5414767261041,0.7330916138518873,0.45463661795445703,1
8.192071642290854,85.52599196127228,64.38994582046418,75.57235530265494,45.495706998344545,84.4958215378079,75.79983125815068,78.1321807775769,7.0,90.12967077779423,1.0,4.0,66.95671574320426,0.5564375497414769,0.23846896176301258,0.5522490373706386,0.92,0.85,10.0,87.66929522486726,0.4856491937229287,0.5030049840979226,1
9.430992212995077,63.45093996116939,94.1347076929435,77.04394514397342,78.5572526082438,62.864805859782855,66.47802118302265,73.03041009291606,5.0,53.869836157079995,1.0,3.0,44.4572605400046,0.6319126363112162,0.3886251074199448,0.5523968717679583,0.9,0.88,11.0,55.58738932611217,0.7365696256968979,0.6925039814535646,1
6.103292107290823,39.201267144844834,51.70197460648562,41.669911013778155,37.87824462327417,47.52901153715869,43.01309448587726,48.85983316207619,0.0,37.55009240088438,0.0,2.0,59.920669150262256,0.4182610028613484,0.33232786477565285,0.24557272420078977,0.5,0.7,5.0,57.85901322017614,0.5603656302739943,0.6253385143258421,0
8.25535925128033,66.32758437430563,71.29159937929897,82.21231189931441,37.36004035539952,76.10813168902897,56.5106713451016,60.204866279315326,2.0,47.74601248923038,0.0,5.0,67.36036702297282,0.6171166451670789,0.2131562663945164,0.4471923572728318,0.9,0.88,32.0,60.4173017127538,0.3250146279050902,0.21720727057604988,1
9.1518287365544,75.05583313663927,65.84041836168304,67.70297593213988,91.98209055879236,87.62668454881063,55.44533669524733,58.80763137139467,1.0,38.819399651714946,0.0,2.0,74.12620827375063,0.5528154533511999,0.16407258791331716,0.549429009415345,0.9,0.75,33.0,58.1169452647944,0.7695902828087251,0.44736728270285897,1
9.407670412044654,71.45172753150675,97.84039337872417,76.09379215449059,77.82605501664352,85.62667771002451,64.31083608208495,59.31051473344088,6.0,74.7971486375889,0.0,3.0,66.54901479096634,0.9270746036822524,0.18317264245810128,0.9346489902795858,0.92,0.88,37.0,71.70985217238399,0.8468970955825691,0.5486823308935395,1
9.732993395797223,96.64092866622632,67.26520267908572,80.08082481864454,90.52977959319813,96.48330334303142,71.05797952043703,54.98338542071755,8.0,77.35935282051489,1.0,2.0,19.993436455607615,0.32046103905455925,0.1372772724888525,0.302034892725043,0.75,0.82,6.0,67.35071055108901,0.2267227606308531,0.24614752452475228,1
7.566582666563486,64.90992295483197,69.19244094637175,49.602096082814995,61.47151195695747,72.89158011192946,55.71360830654964,65.21504325823366,6.0,34.4171609183198,0.0,0.0,68.49230250934912,0.3393485487107545,0.347179359940933,0.2955706151210681,0.95,0.7,1.0,61.417989236670856,0.2553256478354181,0.5045097299571016,0
9.251440062469134,83.77137264397194,78.17604312944951,66.42282992700866,66.93243368354965,89.0480328529249,88.96886781893686,84.58504051008238,2.0,72.00208193794273,0.0,3.0,88.73671322217223,0.8298865364912693,0.26581987292468234,0.5726557401950839,0.75,0.88,12.0,95.99040659468787,0.7443536326162618,0.6925039814535646,1
7.493089071448882,71.98633739105564,68.35796631784373,16.972354529770584,44.85876320336909,86.23745831412216,79.1194677386532,48.306038962351856,2.0,45.17859575157945,0.0,4.0,37.679680532075274,0.3755327122269104,0.15203175511927164,0.4768629675406987,0.9,0.82,24.0,61.14132589587716,0.4429472326886994,0.13591426827373287,1
7.225463675677373,33.42512917283658,76.78229348369123,60.43950539919062,75.54294093762135,50.13793057994373,48.812389874677706,47.34772187878272,2.0,49.50393119584133,0.0,0.0,49.28125681193034,0.7882592243033668,0.2778722598547032,0.7023780284216254,0.65,0.9,26.0,45.11398470520595,0.6908904510982925,0.22856896739191665,0
7.495795735961708,74.43912618560378,59.01203397450617,61.72092373821384,54.000305021168856,69.45144922802226,66.24093433138366,41.77110419385329,8.0,71.59139223709786,1.0,4.0,31.150305699239553,0.583831793200309,0.13990526656749286,0.43955927603786504,0.9,0.88,4.0,42.157951972408114,0.4273682507491193,0.46234937240604096,1
8.15630283148743,79.69831945001727,73.80742668674544,36.15626319912478,60.12499491695022,66.66190098251317,89.20395934727637,52.16792645519811,4.0,45.00638082797903,0.0,5.0,100.0,0.8499381979848359,0.19965759455902005,0.5638525805899014,0.95,0.82,4.0,55.55440097311333,0.39901199194504844,0.33699751609844025,1
7.700092456810016,48.46348299569193,75.6447614480942,75.57235530265494,42.453192888745235,67.95808481369627,60.498633136376235,64.6992142328213,6.0,70.6532175436042,1.0,0.0,72.17169136367077,0.6744828285506952,0.28719061400262785,0.5127412760768397,0.5,0.85,5.0,67.59222618185984,0.3233234623067292,0.15924462289242086,1
9.591563493148936,74.91906095750115,96.3101141938392,72.24897769430883,93.46989165351589,81.62248038028235,43.6684555522696,70.2273000380427,0.0,70.34769538057361,0.0,4.0,87.42305555389555,0.6685203663142463,0.1958502755779685,0.4798015936005559,0.95,0.8,1.0,64.46276574846696,0.23947863752403512,0.36937244972285277,1
6.020633369689062,25.194891265913228,54.64087554488623,61.39244744479619,21.314209294198633,28.292776971974938,31.912363175544293,58.760593972900615,4.0,55.32432445790905,0.0,0.0,54.98147214141464,0.6289593735623217,0.2498066448196454,0.30358324145464133,0.5,0.65,13.0,52.539677959216654,0.43215755929282695,0.2817060230265334,0
8.652858979118822,59.02517653959614,83.81062394245507,79.933280333824,79.12977955363617,59.70065777976311,55.5852568200112,56.08745544184881,8.0,86.77041887182097,1.0,5.0,81.21583654146137,0.8007356940186867,0.4564620177811809,0.6668488053249735,0.95,0.9,38.0,62.249340738678654,0.5136536150364209,0.40721502659955827,1
8.975040041852552,91.5263736901696,50.5956928106022,65.045801214833,85.29513339446936,65.93429364443182,100.0,75.46790777255116,6.0,51.945015723083536,0.0,1.0,61.11039176580734,0.79924637460087,0.16764958062400767,0.6392433468718379,0.65,0.7,39.0,70.11896857264426,0.8445551265310647,0.5537054734988386,1
8.282788891678042,90.08631673774025,56.32738573583201,44.8272112444691,57.97164673110428,85.46645745496272,74.02490907158096,39.15312804884498,0.0,30.547774415049368,0.0,1.0,36.95374702612123,0.412449313936478,0.051548736659071975,0.341944033768706,0.75,0.7,16.0,44.43586149585916,0.38280519516252476,0.3353712743654223,1
8.757719387431422,75.83486777893464,59.60096308457672,71.81475676777775,66.04774551299197,53.17105068973646,100.0,60.12363771235029,3.0,54.12798529826513,0.0,4.0,90.25525428892271,0.8563158466178695,0.42082095375036416,0.6113758330463334,0.75,0.9,26.0,63.70093908519902,0.8314816064937751,0.773062288630442,1
6.805427522106062,57.50229933645992,62.07504093052738,80.33620574491972,39.9961261884462,80.9071489771379,24.81752509811669,47.71283931122428,6.0,22.221492571941546,0.0,0.0,28.63090485659265,0.7033507379947156,0.02426065976134095,0.31897410760623723,0.9,0.7,11.0,43.539424147408155,0.25245560740446865,0.19901783774209417,0
7.5502534353701485,35.638417370355405,72.76392336247515,85.94497517247044,47.69062960288788,47.36443798891254,34.08024389572134,50.744914554528,8.0,65.74806171282691,1.0,4.0,54.73456439103303,0.316517063375293,0.5884141094867886,0.11765974211746594,0.92,0.8,5.0,41.6520229046367,0.176762112128358,0.27975339876480393,0
6.831076059376213,65.62983576742064,59.58606498681443,74.59454198752573,37.30321578686835,59.24819466912661,71.21076463655847,62.63401794978758,7.0,76.01716793830798,1.0,0.0,68.30221926720925,0.4646113052045807,0.27653496102837094,0.7629226615290764,0.92,0.65,5.0,63.18263653240771,0.600663547772117,0.32771754243207524,1
7.225463675677373,42.041546451115295,71.29159937929897,61.580636256843135,52.73426046385225,34.87617805377434,69.39774127620298,67.45650197311394,1.0,54.27551189811634,0.0,5.0,85.97036242766858,0.7879672426916224,0.5227010768749947,0.5080045351359381,0.9,0.82,4.0,85.950991010732,0.3532713629738454,0.33816660867128767,0
6.497500986156696,44.550825600704826,61.398664841193025,56.940782446178964,35.50097555817591,62.31272747328069,46.361497045192706,59.77968638870562,7.0,58.05635187917153,0.0,1.0,46.44164468653062,0.3069308285592814,0.43106883623597764,0.43242034964701176,0.5,0.75,26.0,58.25337795591937,0.5793153414590709,0.26123972294644593,0
6.458490282286008,30.526675469296574,65.81508390203848,83.66507416166334,51.214328010356546,40.760324106868104,40.69229291919654,59.20395794067113,8.0,56.451846484861925,1.0,4.0,72.24106289151361,0.9071599606708505,0.3078859545402913,0.46723431519417336,0.92,0.88,19.0,52.415678408098024,0.6769685291311045,0.39159163740765,1
9.235071667728375,47.85781349118495,68.70464294449246,74.83151787687108,59.65067822845751,65.78705340771477,68.9690413409957,42.58617320182098,2.0,22.3759061055988,0.0,5.0,28.666609125068476,0.3257118655273958,0.47731341827223817,0.7708860088379836,0.9,0.8,38.0,35.00342082451395,0.7101088764701777,0.13089782800483438,1
9.14427523953324,100.0,61.953892084907835,64.77992992625231,68.14113186475943,100.0,63.274250687571225,71.72340523789137,0.0,39.13378573701532,0.0,2.0,49.95812357549108,0.6073556346905864,0.02426065976134095,0.6724813052940614,0.5,0.82,28.0,66.2470798483823,0.6974282349618959,0.5219049883776894,1
9.566343544052051,89.15695321980641,85.87326218975218,100.0,58.27302430228231,94.21261235874078,62.380491096366974,66.70919157713809,5.0,62.28128378926139,1.0,3.0,73.1923118891147,0.6734717061073372,0.15932875128410257,0.5897944117272482,0.9,0.9,30.0,62.1509701047222,0.6565808912174952,0.47829106172798025,1
6.439675835775832,46.22183316470246,57.012439170140766,64.67972751950519,31.815390845246313,48.65826682082075,69.01546572520209,54.64995052592183,6.0,66.3632426383907,1.0,2.0,34.87530825974282,0.44568840557549383,0.3949919830711594,0.6696154496562764,0.75,0.82,24.0,71.81141181075324,0.5701258449212419,0.26608980100192725,1
8.17341237743657,31.442798428673793,80.64030805965895,70.69527488402896,58.8572005651581,72.49999895437918,57.42814077994039,69.08934817798692,6.0,87.25654027871168,1.0,3.0,68.55769310453539,0.6588837130703711,0.437711677485857,0.8800981338301938,0.9,0.7,40.0,44.965935652169364,0.7549556297975398,0.015244731184755072,1
7.219230281455313,63.81622763264722,64.70553272123877,59.360791164473014,59.911140037391334,76.56431807314652,64.67940878322979,100.0,8.0,67.16245798324154,1.0,5.0,67.12690560145835,0.6151525555122391,0.33720079528168867,0.6228462227163462,0.9,0.9,19.0,100.0,0.6316974530787562,0.3533804292576807,1
6.1133721263788505,68.52667399453878,46.261377790230256,51.52142348485153,20.86985223232341,84.78280406264231,25.36082240051566,29.791599600054358,6.0,33.13349682977332,0.0,3.0,60.69811507861919,0.723646114495583,0.006133790051985396,0.5793312519270307,0.5,0.75,31.0,23.756846880841287,0.34374129031326095,0.09671619207518174,1
9.702785067813618,74.84228832400078,71.07408985480362,100.0,55.949559537757516,64.71288151979807,92.7136707050119,79.96140762953226,5.0,43.700689054958445,1.0,3.0,51.34802397609994,0.5890352578092831,0.5341223372502996,0.7391976259895389,0.95,0.82,23.0,95.83502051036686,0.6500556800980419,0.5784705782793973,1
8.400188460251009,65.39679734140192,63.4982736052248,57.35357536362506,61.203570310760355,73.34121312203786,65.02521283640272,69.81584379447146,5.0,53.03180112533105,0.0,5.0,80.04832977986759,0.7362923553803127,0.23932594995497233,0.2925256143206011,0.95,0.7,5.0,54.57493741786734,0.21185470829800482,0.29943751949465974,1
6.87658067624586,47.444651542294004,79.93807982033289,61.872236905227695,56.478731228746426,36.96459832866787,79.87513003688875,63.933680895626,7.0,72.73952696474063,1.0,1.0,68.0278829305941,0.7854873577525345,0.5371083030888408,0.2951857273739984,0.95,0.9,33.0,65.01744087885989,0.35898474007634995,0.2444633490226739,1
8.323865702712865,61.052982325003,65.16696726043286,43.54309219267545,81.91814688103574,64.04565152803552,74.25055593378127,64.49006685016114,4.0,55.51945878334856,0.0,4.0,63.425914135166956,0.4207993277115968,0.4107031715463646,0.20878890886734208,0.95,0.7,18.0,71.72187016708361,0.3333178250957409,0.2465856545321342,1
8.679107146791933,49.95963187993845,71.51969281557139,69.0039836105434,82.56496942714722,66.449540109138,52.835516002157775,66.69173349379109,3.0,55.70563529703101,1.0,5.0,55.810459755430955,0.38465445510847684,0.5286059896055578,0.6191771303218749,0.65,0.88,27.0,67.83243813820202,0.8339447400135526,0.5624404471420839,1
6.390631245350048,57.11522312722896,67.13668006301121,63.23324959186544,41.663280095963984,73.28929730203103,36.86699413964681,62.89795829245537,7.0,65.78119286426065,0.0,0.0,70.20803573341394,0.6648195802762165,0.12923853642241298,0.5386625810923112,0.65,0.85,18.0,53.48423016795757,0.6348373641868758,0.4557648311372803,1
7.044335192869255,59.90841288152443,71.98136068459411,48.2068027754407,82.56502708526158,71.8314066001018,40.155405312323346,66.73092256353041,0.0,29.426616441496797,1.0,1.0,59.39095353270601,0.8739013006621321,0.048382311374036285,0.7741101902662435,0.9,0.8,29.0,66.51922280255312,0.75581637632008,0.28239790214418514,1
8.897842349458035,75.71868635525635,58.29861625280643,84.38120311616223,73.63624603381759,72.39509142265783,82.71231525721663,68.02483893146142,7.0,50.22352331702065,1.0,5.0,56.580359352924376,0.6758155447516179,0.3995235252327738,0.9346489902795858,0.95,0.88,39.0,59.02879210042532,0.9108270992811497,0.6393366212391525,1
9.517609341199554,82.53463020850485,62.428608084580404,86.06303916566713,79.10372532649717,64.07936730821689,85.6368093789502,69.96084357884595,5.0,57.35530814080277,0.0,2.0,51.5921970323603,0.5008339504982345,0.276936141025428,0.5496755727835806,0.5,0.82,22.0,73.52888447759713,0.4313749189502599,0.3287563032606585,1
9.188860691690433,65.81804662036204,70.05855693451437,73.85664807953752,78.42806445698498,84.84133524939656,67.6547503731507,79.30909753393318,7.0,83.76493213861781,1.0,0.0,81.81449343097898,0.467627540905865,0.3894331050769115,0.06876537510235045,0.95,0.88,11.0,49.09019242428506,0.11904640043299458,0.21317935130693977,1
8.016924444276404,72.4268566141786,60.93689180426359,74.92562184324527,56.09465845009341,70.00214047355017,68.4270379060423,43.96641415660059,3.0,52.87963677362053,0.0,1.0,63.17142322576364,0.4003346581227394,0.3507846989573657,0.7846537874287853,0.9,0.88,36.0,59.84877897922054,0.7212707782374609,0.5219392107723826,1
8.87792784441169,60.43472043909162,65.10258984592058,62.99795154808419,62.889785553186826,62.65211832502658,82.0428487390642,44.93807915869637,1.0,25.859387947769218,0.0,4.0,65.39748332137015,0.4457778246162833,0.3777272328276148,0.46228542295860015,0.65,0.85,16.0,40.23797859989439,0.6436571333188951,0.3214783844369339,1
6.789325562735849,73.44518008878678,69.17705117265518,45.78111803157462,53.60293877432484,66.08472057103373,61.25139343846268,71.20113872866425,1.0,40.832909241927894,0.0,0.0,62.49063739088489,0.8139711867828396,0.07342908911731691,0.5181233549308378,0.65,0.8,29.0,53.23356853883431,0.6534245281342328,0.5556859111452805,1
7.630575711583177,77.62718203508003,76.03989207387836,55.784097564259625,50.654101315381666,70.37380965721457,58.9679475925675,50.05938897226304,0.0,38.327740573240476,0.0,2.0,75.45471730623458,0.8059339566798751,0.0809453585163775,0.5931939245019435,0.9,0.9,21.0,41.25676151771221,0.44597454342913295,0.4306808051686125,1
7.909169375797566,42.883167340762014,69.81860817015566,37.76175003694351,99.31749714250887,52.48916196036184,83.02092793315279,68.53561159897546,6.0,48.55054295851375,1.0,5.0,83.24417856662114,0.9372151253507495,0.4138790754146387,0.8613553253106377,0.95,0.82,39.0,78.73229630156972,0.749076397051254,0.1750106371915112,1
6.193167155404213,58.61601617269761,58.89876736028653,42.22028622074041,42.791846169845385,61.968339393564335,54.05879618453866,89.88809716235055,3.0,52.6706468726681,1.0,4.0,64.06739814998765,0.7319208074326139,0.18283217505857519,0.4429977663158016,0.95,0.75,30.0,67.06216193077144,0.4035824969441281,0.2739747750824148,1
7.433149785351587,30.118312908946468,88.58581151215364,60.42340060420618,64.33575719200914,33.51176213935163,41.60290379147436,39.65884746297468,6.0,69.69634133457419,0.0,1.0,49.29426950858226,0.5296710475784772,0.4798449327935646,0.6326474711547683,0.5,0.65,17.0,31.907036412580347,0.5337653699791799,0.41547455414239437,0
7.638373637136238,71.01463640383,78.99066414154035,40.68961035906796,73.99048414536848,71.94031508529885,56.176963289052395,44.95687003338992,6.0,71.96519650250859,1.0,1.0,77.64223269106427,0.8319447663376958,0.08862375760053383,0.5463834042990969,0.5,0.88,11.0,29.466397518542017,0.3750952694482455,0.3018299374852043,1
6.729300413362124,72.04793435985567,61.637671126535864,53.173047394850926,36.4697963616086,79.72663950309071,68.53395788180725,69.89292200323055,4.0,51.420855148680936,1.0,2.0,78.95886308517697,0.7897319793439517,0.07505417766017221,0.5804670673979916,0.9,0.75,12.0,66.59291992819396,0.6571548733566733,0.2980673627796812,1
9.368918736253104,74.36516601987469,62.9917276100967,67.98550631212845,100.0,77.47272543385161,70.92982136350791,68.60153871508511,1.0,23.694902405149023,0.0,0.0,53.111789268678926,0.7498233049556227,0.20976517154065485,0.795374193423263,0.9,0.85,37.0,73.7201699612325,0.8407066408540407,0.5765549148386643,1
8.989268907475678,83.53411073666445,72.87022479843276,78.75622503673728,29.430048157544746,83.43065239798469,88.7312948391309,46.04072273930182,7.0,30.547774415049368,0.0,2.0,22.234918716775653,0.5540964504777154,0.1423128148201532,0.5463834042990969,0.9,0.9,2.0,65.33000539849027,0.5445516327470281,0.5208720072251528,1
7.253472606864585,57.90022017953583,67.39813913295006,82.00235782450886,45.72051027516535,57.14805245867234,51.91893578753072,50.81169706086554,8.0,86.7159690822144,0.0,3.0,52.4190578185915,0.6477090119768911,0.16273461064551503,0.2380676539186127,0.9,0.88,9.0,49.62886785397147,0.4115258564207956,0.23962741335625315,0
7.474984571396647,46.6129714952099,86.6245589434811,55.77799603919296,71.79078062593253,50.99082411680193,36.743339289029066,60.97145488458947,5.0,29.93777878811363,1.0,2.0,72.80814044636662,0.5795674812437238,0.2995298474319978,0.2990043414207554,0.95,0.8,7.0,57.029019327008925,0.15648637534201076,0.1784378487966721,1
9.614539708014597,99.15010164182003,100.0,61.133798125402066,60.50284229683879,100.0,72.86096746002167,66.2098707104943,5.0,71.47136766799711,0.0,1.0,71.88474850768077,0.7884668695802712,0.06001550653004257,0.4195685034793633,0.9,0.9,20.0,84.31991971602109,0.41167810974430835,0.37144209847960635,1
6.210027556104665,32.67804382891461,46.66057026875376,60.16938856932935,36.06926247683083,46.51490305669417,53.77784733757215,35.07084432039447,2.0,29.922744090203533,0.0,0.0,70.8816145975542,0.316517063375293,0.6081103360961371,0.2380676539186127,0.95,0.75,18.0,56.367322398648476,0.495672110996641,0.39642147399961025,0
6.832919022618803,70.41706687821838,47.45234802181783,47.022043687200224,61.86293918478169,79.10491046741265,54.37459689325093,52.48454064886829,2.0,62.39071266840715,0.0,1.0,6.0057905043555735,0.3056798539995217,0.23163571700886207,0.7645433783197253,0.75,0.82,31.0,54.16624488001225,0.7943701929717634,0.6037066762432675,0
6.42023596178522,37.37703900712647,62.04453800631913,79.80479302351321,49.44948841473747,49.30250813924865,36.48577235361269,48.05791974135872,2.0,37.23222162125421,1.0,3.0,82.50621535366642,0.7745045856220945,0.33964891397271546,0.9432649070942541,0.92,0.8,29.0,57.69431923845751,0.7799670423721743,0.38768401718301565,1
8.811126100951371,53.26286834754579,97.43008495763371,61.96831790422258,76.67586646291119,76.35525039001354,42.210133132152365,69.73724286456896,8.0,99.70968463057878,0.0,5.0,89.1576404041547,0.8485173629868559,0.29609321375174263,0.7145931909950053,0.9,0.9,7.0,64.37139697327171,0.2640890377087654,0.21432487387261717,1
8.079674796578525,37.9242135207279,53.46421285715304,58.679294167515664,64.05807002814471,61.68281645019512,62.32132992319179,49.37677872668709,3.0,17.235580026551666,0.0,5.0,77.65836503419189,0.5868423313749289,0.41946422371281267,0.37422756077618435,0.5,0.88,0.0,40.97632281633659,0.3259927413917057,0.1862781682514077,0
9.592582975271805,48.28415257111418,94.1347076929435,85.98671962906934,80.99880101241769,43.452892307196066,71.6896835579765,56.56036901161071,8.0,83.10792335914311,0.0,5.0,79.2828809747887,0.6509910269847646,0.7015508728550277,0.46334067383268196,0.92,0.88,21.0,60.69196922900494,0.5041557859422593,0.4296762632706424,1
8.450312938565304,75.85812766294576,59.52794973346361,76.96558966709075,50.376323092934356,86.71736847350721,55.005500830640706,67.73886608069225,5.0,58.03544620496057,0.0,4.0,66.06329508116362,0.5144524013389196,0.11229649100923797,0.2619479454082046,0.95,0.65,0.0,49.09974056909526,0.29975161249743076,0.4128010846161136,1
7.633836789620182,73.51885098441424,86.92302612216577,54.645143185608,52.10037936453313,93.62044710807656,54.44059272100016,76.04067203747243,8.0,74.19676010801814,0.0,2.0,56.292706038180455,0.7144351755813094,0.1186966893966542,0.6411078473931233,0.95,0.82,40.0,88.81814219992751,0.7908194809519303,0.3779993882939932,1
9.774800293962478,89.39060814926526,89.59914708650993,67.95213685956449,83.11395274377782,90.45862431348131,96.21653494341747,57.10526665456372,5.0,87.48911044625169,0.0,5.0,69.2336792159887,0.8461253092849637,0.23160853167192647,0.4067825884529517,0.9,0.9,25.0,49.39938160580628,0.5543570969146003,0.4563800316558324,1
6.110198112176984,45.431796387512605,58.99426356625473,43.50677700860376,50.8723160017923,38.052706565321,66.12079968312125,29.8831019424277,1.0,66.40004302447468,0.0,0.0,81.59513229192007,0.6330718203381482,0.3884439496395546,0.17264569871546276,0.9,0.9,33.0,44.30310071619444,0.5952482672504634,0.5083166117977795,0
6.899467579201093,40.62818403687906,56.51618130067515,45.22922270696064,81.34887355385767,45.81390973994216,71.46684491877097,50.200765308824685,4.0,58.7116065482024,0.0,0.0,62.62172416405633,0.6857171568231631,0.3550716040897723,0.5913932474982463,0.65,0.9,11.0,44.92723043006541,0.352153989324807,0.12240572102457478,0
7.437608454050386,77.73699822054316,63.821063407906934,35.592616271120406,67.83599773709021,72.79334687275404,85.6368093789502,52.729306778633664,4.0,40.171244143996645,1.0,1.0,73.99747232956861,0.8561413746156974,0.06960076205382897,0.19800607371474105,0.95,0.82,20.0,57.81673570731078,0.4113448122919133,0.18142922191693292,1
9.047827190545753,71.30582849890055,78.05921465759631,66.23143013203129,73.16337812496569,67.16100187519616,64.54094530571673,51.23866796076965,2.0,57.06309073115647,0.0,0.0,61.43267970234693,0.45413616027476156,0.30418264833578823,0.18922060854243544,0.75,0.88,0.0,62.04777656048972,0.20361904901932468,0.5962984716942346,1
9.039507560902578,55.66977116701071,96.43075438215001,70.88938733729395,70.13871290826691,67.62247010140906,63.85353258078641,52.436349565010744,7.0,74.19676010801814,0.0,3.0,75.1845449597455,0.6171166451670789,0.5334375100399613,0.6040869498317053,0.95,0.88,17.0,71.97519469144794,0.6216614323994716,0.5007180305858584,1
6.8496432193289785,59.45475192514319,39.0871829642488,43.105788148274215,86.71754447312813,73.96210319074274,61.32547948661444,74.2342803013484,3.0,38.572913695622894,0.0,1.0,79.21008278934298,0.5664154495009572,0.21156569802397146,0.5743608106356952,0.75,0.85,33.0,68.71691985791847,0.5851517038565943,0.1812673096594125,1
8.953963110645232,59.369947431298186,67.40625927541328,64.7959031923,83.25466450278118,62.89799593095721,76.07884523577067,44.65365871410759,2.0,66.31126890203119,0.0,2.0,42.08908634696624,0.7269386438259544,0.2618006339272106,0.5440671025173328,0.75,0.88,3.0,54.18237919039108,0.5201085503625,0.41265695022215365,1
9.233789056198226,100.0,56.144170194766644,82.44265653905059,70.24244966639232,88.46654047904025,82.44940160830728,82.66966186133975,4.0,41.789629836367695,1.0,5.0,70.72648084213307,0.5696869869876806,0.14260267955553793,0.9232063744524892,0.9,0.9,37.0,73.92353482177215,0.6157953611337661,0.29713809366228666,1
7.813485057908027,62.537008168279485,77.60453551498604,46.44016896490813,85.18020109860448,51.55721970503965,68.52383327523958,66.9932809134681,8.0,47.24376904433406,0.0,3.0,33.92646737046648,0.3954787707028908,0.4624465974933469,0.6942229914386305,0.9,0.9,39.0,61.5091446270712,0.9244705178391873,0.6715982360120129,1
8.227469922029695,85.91261859425116,75.58244066312413,60.87041803232763,56.63787449924139,88.65287176577027,65.1869807024905,75.45985668802663,8.0,73.78735537597493,1.0,2.0,67.096517355008,0.8305265086695932,0.07074207868169796,0.13855501357878128,0.95,0.75,7.0,61.98234726473401,0.35308945076250386,0.5877553228146382,1
